   Compiling libc v0.2.189
   Compiling cfg-if v1.0.4
   Compiling memchr v2.8.3
   Compiling serde_core v1.0.229
   Compiling glob v0.3.4
   Compiling bitflags v2.13.1
   Compiling prettyplease v0.2.37
   Compiling rustix v1.1.4
   Compiling ttf-parser v0.25.1
   Compiling regex-syntax v0.8.11
   Compiling crc32fast v1.5.1
   Compiling minimal-lexical v0.2.1
   Compiling clang-sys v1.9.1
   Compiling aho-corasick v1.1.5
   Compiling nom v7.1.3
   Compiling libloading v0.8.9
   Compiling zmij v1.0.23
   Compiling errno v0.3.14
   Compiling winnow v1.0.4
   Compiling bindgen v0.72.1
   Compiling regex-automata v0.4.18
   Compiling simd-adler32 v0.3.10
   Compiling adler2 v2.0.1
   Compiling either v1.17.0
   Compiling miniz_oxide v0.9.1
   Compiling cexpr v0.6.0
   Compiling itertools v0.13.0
   Compiling xattr v1.6.1
   Compiling rustybuzz v0.20.1
   Compiling fontdb v0.23.0
   Compiling toml_parser v1.1.3+spec-1.1.0
   Compiling serde_json v1.0.151
   Compiling filetime v0.2.29
   Compiling shlex v1.3.0
   Compiling toml_writer v1.1.2+spec-1.1.0
   Compiling rustc-hash v2.1.3
   Compiling itoa v1.0.18
   Compiling log v0.4.34
   Compiling tar v0.4.46
   Compiling toml_datetime v1.1.1+spec-1.1.0
   Compiling serde_spanned v1.1.1
   Compiling flate2 v1.1.10
   Compiling regex v1.13.1
   Compiling toml v1.1.4+spec-1.1.0
   Compiling pkg-config v0.3.34
   Compiling tiny-skia-path v0.12.0
   Compiling imagesize v0.14.0
   Compiling rhwp v0.8.6 (/Users/tsjang/rhwp)
   Compiling usvg v0.45.1
   Compiling usvg v0.47.0
   Compiling tiny-skia v0.12.0
   Compiling resvg v0.45.1
   Compiling resvg v0.47.0
   Compiling svg2pdf v0.13.0 (/Users/tsjang/rhwp/vendor/svg2pdf)
   Compiling skia-bindings v0.153.3
   Compiling skia-safe v0.153.3
    Finished `release-test` profile [optimized] target(s) in 2m 54s
     Running unittests src/lib.rs (target/pr7118-7187-20260916/release-test/deps/rhwp-70a30a598daf964d)

running 3943 tests
test agent::dsel::ast::tests::specialization_never_points_at_a_containment_parent ... ok
test agent::dsel::ast::tests::string_attributes_reject_ordering_operators ... ok
test agent::dsel::ast::tests::paragraph_holders_match_the_ir_shape ... ok
test agent::dsel::ast::tests::pseudo_defs_cover_every_pseudo_variant_name ... ok
test agent::dsel::ast::tests::every_axis_name_round_trips ... ok
test agent::dsel::ast::tests::specialized_axes_expose_the_parent_attributes ... ok
test agent::dsel::ast::tests::wildcard_axis_exposes_only_common_attributes ... ok
test agent::dsel::ast::tests::nearest_is_deterministic_under_ties ... ok
test agent::dsel::ast::tests::nearest_gives_up_beyond_distance_two ... ok
test agent::dsel::ast::tests::unknown_attr_scopes_candidates_to_the_axis ... ok
test agent::dsel::ast::tests::unknown_axis_suggests_the_close_one ... ok
test agent::dsel::error::tests::expected_is_sorted_and_deduped ... ok
test agent::dsel::error::tests::caret_lands_on_char_boundary_not_byte ... ok
test agent::dsel::error::tests::tabs_are_preserved_in_caret_line ... ok
test agent::dsel::error::tests::display_has_no_caret_but_carries_offset ... ok
test agent::dsel::error::tests::json_keeps_zero_offset ... ok
test agent::dsel::eval::tests::cell_addressing_by_row_and_col ... ok
test agent::dsel::eval::tests::first_step_reaches_any_depth ... ok
test agent::dsel::eval::tests::empty_document_selects_nothing_without_error ... ok
test agent::dsel::eval::tests::bare_boolean_attribute_means_true ... ok
test agent::dsel::eval::tests::contains_and_matches_use_visible_text ... ok
test agent::dsel::eval::tests::child_combinator_does_not_cross_levels ... ok
test agent::dsel::eval::tests::has_matches_ancestors_of_the_inner_result ... ok
test agent::dsel::eval::tests::empty_only_matches_nodes_that_have_text ... ok
test agent::dsel::eval::tests::descendant_combinator_crosses_levels ... ok
test agent::dsel::eval::tests::field_name_prefers_ctrl_data_and_ignores_empty ... ok
test agent::dsel::eval::tests::index_attribute_stays_sibling_relative ... ok
test agent::dsel::eval::tests::missing_attribute_never_matches_even_with_ne ... ok
test agent::dsel::eval::tests::negative_nth_counts_from_the_end ... ok
test agent::dsel::eval::tests::node_limit_is_enforced_as_an_error_not_an_oom ... ok
test agent::dsel::eval::tests::positional_pseudos_count_over_the_result_set ... ok
test agent::dsel::eval::tests::not_excludes_the_inner_result_set ... ok
test agent::dsel::eval::tests::range_clamps_instead_of_failing ... ok
test agent::dsel::eval::tests::result_limit_is_enforced ... ok
test agent::dsel::eval::tests::runs_are_selectable_by_char_shape ... ok
test agent::dsel::eval::tests::selects_paragraphs_in_document_order ... ok
test agent::dsel::eval::tests::table_axis_and_control_kind_select_the_same_thing ... ok
test agent::dsel::eval::tests::union_paths_are_merged_in_document_order_without_duplicates ... ok
test agent::dsel::eval::tests::sibling_combinators_respect_node_kind ... ok
test agent::dsel::eval::tests::value_predicates_run_before_positional_ones ... ok
test agent::dsel::glob::tests::bare_bracket_pair_is_unclosed_not_empty ... ok
test agent::dsel::glob::tests::class_can_contain_closing_bracket_first ... ok
test agent::dsel::glob::tests::classes_ranges_and_negation ... ok
test agent::dsel::glob::tests::consecutive_stars_collapse ... ok
test agent::dsel::glob::tests::error_offsets_are_relative_to_the_whole_selector ... ok
test agent::dsel::glob::tests::escapes_disable_metacharacters ... ok
test agent::dsel::glob::tests::literal_match_is_whole_string ... ok
test agent::dsel::glob::tests::pathological_pattern_terminates_quickly ... ok
test agent::dsel::glob::tests::question_mark_counts_chars_not_bytes ... ok
test agent::dsel::glob::tests::reversed_range_is_rejected ... ok
test agent::dsel::glob::tests::source_is_preserved_for_diagnostics ... ok
test agent::dsel::glob::tests::star_matches_empty ... ok
test agent::dsel::glob::tests::trailing_hyphen_in_class_is_literal ... ok
test agent::dsel::glob::tests::unclosed_class_is_rejected_with_a_hint ... ok
test agent::dsel::glob::tests::universal_pattern_is_detected ... ok
test agent::dsel::lex::tests::char_len_is_reported_for_eof_offsets ... ok
test agent::dsel::lex::tests::bang_alone_points_at_not ... ok
test agent::dsel::lex::tests::hash_and_dot_redirect_to_real_syntax ... ok
test agent::dsel::lex::tests::hyphen_binds_into_identifiers ... ok
test agent::dsel::lex::tests::int_overflow_is_a_korean_diagnostic ... ok
test agent::dsel::lex::tests::korean_identifiers_and_strings_keep_char_offsets ... ok
test agent::dsel::lex::tests::lone_surrogate_is_rejected_with_a_hint ... ok
test agent::dsel::lex::tests::longest_match_wins_on_operator_prefixes ... ok
test agent::dsel::lex::tests::negative_int_is_one_token ... ok
test agent::dsel::lex::tests::string_escapes_are_unescaped_once ... ok
test agent::dsel::lex::tests::surrogate_pairs_combine ... ok
test agent::dsel::lex::tests::unknown_escape_lists_the_allowed_set ... ok
test agent::dsel::lex::tests::unterminated_string_points_at_the_opening_quote ... ok
test agent::dsel::lex::tests::whitespace_survives_as_a_single_token ... ok
test agent::dsel::node::tests::ancestry_excludes_self ... ok
test agent::dsel::node::tests::corrupt_offsets_do_not_panic ... ok
test agent::dsel::node::tests::empty_char_shapes_yield_no_runs ... ok
test agent::dsel::node::tests::every_control_specialization_is_addressable_as_a_kind ... ok
test agent::dsel::node::tests::first_shape_is_pulled_down_to_zero ... ok
test agent::dsel::node::tests::lexicographic_order_is_document_order ... ok
test agent::dsel::node::tests::non_monotonic_shape_positions_are_skipped_not_panicked ... ok
test agent::dsel::node::tests::node_id_renders_as_a_path ... ok
test agent::dsel::node::tests::path_stack_snapshots_the_current_path ... ok
test agent::dsel::node::tests::runs_split_at_char_shape_boundaries ... ok
test agent::dsel::node::tests::runs_use_utf16_positions_not_byte_positions ... ok
test agent::dsel::node::tests::siblings_share_a_parent ... ok
test agent::dsel::node::tests::surrogate_pair_counts_as_two_utf16_units ... ok
test agent::dsel::parse::tests::attribute_predicates_bind_to_the_axis ... ok
test agent::dsel::parse::tests::attribute_unknown_on_this_axis_is_rejected_even_if_valid_elsewhere ... ok
test agent::dsel::parse::tests::bare_attribute_is_an_existence_test ... ok
test agent::dsel::parse::tests::bare_identifier_is_a_string_value ... ok
test agent::dsel::parse::tests::combinators_are_distinguished ... ok
test agent::dsel::parse::tests::dangling_combinator_is_rejected ... ok
test agent::dsel::parse::tests::glob_error_offset_points_inside_the_pattern ... ok
test agent::dsel::parse::tests::glob_patterns_are_validated_at_parse_time ... ok
test agent::dsel::parse::tests::int_attribute_rejects_quoted_value ... ok
test agent::dsel::parse::tests::korean_values_survive_parsing ... ok
test agent::dsel::parse::tests::max_nesting_is_reported_from_the_ast ... ok
test agent::dsel::parse::tests::nested_selectors_parse ... ok
test agent::dsel::parse::tests::nesting_depth_is_capped ... ok
test agent::dsel::parse::tests::omitted_axis_is_the_wildcard_like_css ... ok
test agent::dsel::parse::tests::pseudo_arity_is_enforced ... ok
test agent::dsel::parse::tests::range_pseudo_parses_and_rejects_inversion ... ok
test agent::dsel::parse::tests::single_axis ... ok
test agent::dsel::parse::tests::result_axes_uses_only_the_last_step ... ok
test agent::dsel::parse::tests::source_length_is_capped_before_lexing ... ok
test agent::dsel::parse::tests::space_before_a_predicate_reports_the_wildcard_cause ... ok
test agent::dsel::parse::tests::step_count_is_capped ... ok
test agent::dsel::parse::tests::string_attributes_reject_ordering_and_explain_why ... ok
test agent::dsel::parse::tests::trailing_garbage_is_reported_at_the_right_place ... ok
test agent::dsel::parse::tests::trailing_whitespace_is_not_a_descendant_combinator ... ok
test agent::dsel::parse::tests::true_false_become_booleans ... ok
test agent::dsel::parse::tests::union_paths_split_on_comma ... ok
test agent::dsel::parse::tests::unknown_axis_names_the_candidates ... ok
test agent::dsel::parse::tests::whitespace_around_explicit_combinators_is_optional ... ok
test agent::dsel::parse::tests::wildcard_axis_only_takes_common_attributes ... ok
test agent::dsel::tests::document_derived_text_is_never_reinterpreted_as_syntax ... ok
test agent::dsel::tests::public_surface_parses_a_realistic_selector ... ok
test agent::dsel::tests::tokenize_survives_an_incomplete_selector ... ok
test agent::dsel::token::tests::compare_ops_exclude_bare_star_and_tilde ... ok
test agent::dsel::token::tests::describe_shows_the_value_not_just_the_kind ... ok
test agent_seal::tests::keygen_is_32_bytes_and_random ... ok
test agent_seal::tests::open_with_key_rejects_otp_blob ... ok
test agent_seal::tests::otp_ciphertext_is_secret_xor_pad ... ok
test agent_seal::tests::otp_longer_pad_is_ok ... ok
test agent_seal::tests::otp_malformed_never_panic ... ok
test agent_seal::tests::empty_secret_roundtrips ... ok
test agent_seal::tests::otp_open_with_short_pad_is_broken ... ok
test agent_seal::tests::otp_open_rejects_xchacha_blob ... ok
test agent_seal::tests::otp_pad_too_short_is_error_not_truncated_seal ... ok
test agent_seal::tests::otp_roundtrip_recovers_secret ... ok
test agent_seal::tests::malformed_bytes_never_panic ... ok
test agent_seal::tests::plain_host_has_no_trailer ... ok
test agent_seal::tests::random_key_cannot_open_another_keys_seal ... ok
test agent_seal::tests::seal_open_roundtrip_recovers_secret ... ok
test agent_seal::tests::tampered_ciphertext_is_broken ... ok
test agent_seal::tests::wrong_key_is_broken_not_panic ... ok
test diagnostics::hwp5_char_shape_audit::tests::line_seg_page_flag_uses_last_u32 ... ok
test diagnostics::hwp5_char_shape_audit::tests::logical_key_ignores_inactive_sentinels ... ok
test diagnostics::hwp5_char_shape_audit::tests::para_char_shape_ids_use_second_u32 ... ok
test diagnostics::hwp5_char_shape_audit::tests::logical_key_preserves_active_decorations ... ok
test diagnostics::hwp5_contract_probe::tests::parse_args_selects_only_char_shape_defaults ... ok
test diagnostics::hwp5_contract_probe::tests::char_shape_defaults_skip_ambiguous_oracle_values ... ok
test diagnostics::hwp5_contract_probe::tests::char_shape_defaults_skip_different_semantic_payload ... ok
test diagnostics::hwp5_char_shape_audit::tests::hwpx_signature_keeps_explicit_none_children ... ok
test diagnostics::hwp5_contract_probe::tests::char_shape_defaults_patch_unique_semantic_match ... ok
test diagnostics::hwp5_roundtrip_batch::tests::multiset_lost_counts_only_missing ... ok
test diagnostics::hwp5_roundtrip_batch::tests::cfb_structure_rejects_non_cfb ... ok
test diagnostics::hwp5_roundtrip_batch::tests::page_mismatch_only_when_both_present_and_differ ... ok
test diagnostics::hwp5_roundtrip_batch::tests::parse_args_batch_with_out ... ok
test diagnostics::hwp5_roundtrip_batch::tests::parse_args_rejects_unknown_option ... ok
test capabilities_schema::tests::every_ref_resolves_to_a_definition ... ok
test diagnostics::hwp5_roundtrip_batch::tests::parse_args_requires_input ... ok
test diagnostics::hwp5_roundtrip_batch::tests::parse_args_single_file ... ok
test diagnostics::hwp5_roundtrip_batch::tests::rt_output_path_flat_file ... ok
test diagnostics::hwp5_roundtrip_batch::tests::rt_output_path_keeps_subdir ... ok
test capabilities_schema::tests::definitions_are_reachable_from_root ... ok
test capabilities_schema::tests::envelope_reports_definition_count ... ok
test capabilities_schema::tests::objects_allow_additional_properties ... ok
test diagnostics::hwp5_roundtrip_batch::tests::tsv_escape_strips_tabs_newlines ... ok
test diagnostics::hwpx_roundtrip_batch::tests::parse_args_batch_with_out ... ok
test diagnostics::hwpx_roundtrip_batch::tests::parse_args_lineseg_report ... ok
test diagnostics::hwpx_roundtrip_batch::tests::parse_args_rejects_unknown_option ... ok
test diagnostics::hwpx_roundtrip_batch::tests::parse_args_requires_input ... ok
test capabilities_schema::tests::schemas_have_roots_and_defs ... ok
test diagnostics::hwpx_roundtrip_batch::tests::parse_args_single_file ... ok
test diagnostics::hwpx_roundtrip_batch::tests::rt_output_path_flat_file ... ok
test diagnostics::hwpx_roundtrip_batch::tests::rt_output_path_keeps_subdir ... ok
test diagnostics::hwpx_roundtrip_batch::tests::tsv_escape_strips_tabs_newlines ... ok
test diagnostics::ir_field_sweep::tests::compare_node_different_variant_is_leaf ... ok
test diagnostics::ir_field_sweep::tests::compare_node_reports_leaf_path ... ok
test diagnostics::ir_field_sweep::tests::compare_node_reports_seq_length_and_common_prefix ... ok
test diagnostics::ir_field_sweep::tests::compare_node_some_vs_none_is_leaf ... ok
test diagnostics::ir_field_sweep::tests::compare_node_unwraps_matching_some ... ok
test diagnostics::ir_field_sweep::tests::debug_capped_small_value_is_complete ... ok
test diagnostics::ir_field_sweep::tests::identical_values_produce_nothing ... ok
test diagnostics::ir_field_sweep::tests::split_debug_nested_commas_are_not_split ... ok
test diagnostics::ir_field_sweep::tests::normalized_path_strips_indices ... ok
test diagnostics::ir_field_sweep::tests::split_debug_rejects_scalar ... ok
test diagnostics::ir_field_sweep::tests::split_debug_seq ... ok
test diagnostics::ir_field_sweep::tests::split_debug_string_with_comma_and_braces ... ok
test diagnostics::ir_field_sweep::tests::split_debug_struct ... ok
test diagnostics::hwp5_roundtrip_batch::tests::nested_clsid_fingerprint_sees_chart_corpus ... ok
test diagnostics::ir_field_sweep::tests::tally_groups_by_normalized_path ... ok
test diagnostics::layout_anomaly::tests::adjacent_non_overlapping_lines_are_clean ... ok
test diagnostics::layout_anomaly::tests::behind_text_floats_do_not_count_as_overlap ... ok
test diagnostics::layout_anomaly::tests::behavioral::doc_anomalies_omit_clean_pages ... ok
test diagnostics::layout_anomaly::tests::first_and_last_empty_pages_are_not_flagged ... ok
test diagnostics::layout_anomaly::tests::clean_document_has_no_anomalies ... ok
test diagnostics::layout_anomaly::tests::empty_carrier_line_does_not_falsely_overlap_its_own_table ... ok
test diagnostics::ir_field_sweep::tests::sweep_identical_documents_is_empty ... ok
test diagnostics::layout_anomaly::tests::middle_empty_page_is_possible_signal_but_not_hard_signal ... ok
test diagnostics::ir_field_sweep::tests::sweep_detects_single_table_attribute_change ... ok
test diagnostics::layout_anomaly::tests::nested_lines_inside_overflowing_table_are_not_double_reported ... ok
test diagnostics::layout_anomaly::tests::single_page_document_never_flags_empty_page ... ok
test diagnostics::layout_anomaly::tests::overflow_within_tolerance_is_not_flagged ... ok
test diagnostics::layout_anomaly::tests::square_wrap_floats_overlapping_each_other_are_flagged ... ok
test diagnostics::layout_anomaly::tests::table_wider_than_body_is_flagged_overflow ... ok
test diagnostics::layout_anomaly::tests::two_overlapping_lines_are_flagged ... ok
test diagnostics::render_geom_diff::tests::displacement_measured_despite_inserted_sibling ... ok
test diagnostics::render_geom_diff::tests::identical_trees_have_zero_displacement ... ok
test diagnostics::render_geom_diff::tests::batch_success_record_omits_the_error_key ... ok
test diagnostics::render_geom_diff::tests::child_count_mismatch_flags_structure ... ok
test diagnostics::render_geom_diff::tests::batch_load_failure_record_carries_error_and_is_not_a_regression ... ok
test diagnostics::render_geom_diff::tests::json_flag_parses_and_defaults_off ... ok
test diagnostics::render_geom_diff::tests::lcs_align_handles_deletion ... ok
test diagnostics::render_geom_diff::tests::mixed_pages_hard_struct_wins ... ok
test diagnostics::render_geom_diff::tests::non_finite_displacement_becomes_null_not_zero ... ok
test diagnostics::ir_field_sweep::tests::capped_writer_truncates_large_debug ... ok
test diagnostics::render_geom_diff::tests::non_pass_statuses_are_hard_failures ... ok
test diagnostics::render_geom_diff::tests::non_textrun_struct_stays_hard ... ok
test diagnostics::render_geom_diff::tests::real_run_coverage_change_is_not_masked ... ok
test diagnostics::render_geom_diff::tests::pair_envelope_has_no_via_because_there_is_no_roundtrip ... ok
test diagnostics::render_geom_diff::tests::nan_page_metrics_serialize_as_null ... ok
test diagnostics::render_geom_diff::tests::reordered_sibling_lines_same_positions_is_zero_diff ... ok
test diagnostics::render_geom_diff::tests::resegmented_runs_same_coverage_is_zero_diff ... ok
test diagnostics::ir_field_sweep::tests::distinct_path_limit_fails_closed ... ok
test diagnostics::render_geom_diff::tests::roundtrip_envelope_declares_via_and_null_source_b ... ok
test diagnostics::render_geom_diff::tests::size_change_is_measured ... ok
test diagnostics::render_geom_diff::tests::textrun_pm1_predicate ... ok
test diagnostics::render_geom_diff::tests::textrun_pm1_struct_downgrades_to_warn ... ok
test diagnostics::render_geom_diff::tests::textrun_pm1_with_over_disp_is_over ... ok
test diagnostics::render_geom_diff::tests::translation_is_measured ... ok
test diagnostics::render_geom_diff::tests::type_deltas_report_inserted_node_type ... ok
test docdiff::tests::empty_documents_are_identical ... ok
test docdiff::tests::control_count_and_kind_changes_are_detected ... ok
test docdiff::tests::finding_kind_labels_are_unique ... ok
test docdiff::tests::identical_documents_report_no_findings ... ok
test docdiff::tests::exceeding_max_findings_sets_truncated ... ok
test docdiff::tests::identical_implies_empty_findings_invariant ... ok
test docdiff::tests::head_insertion_in_large_document_stays_one_finding ... ok
test docdiff::tests::inserted_paragraph_does_not_cascade ... ok
test docdiff::tests::ignore_whitespace_swallows_indentation_only ... ok
test docdiff::tests::paragraph_shape_change_is_detected_without_text_change ... ok
test docdiff::tests::node_path_is_readable_without_string_parsing ... ok
test docdiff::tests::removed_paragraph_is_reported_once ... ok
test docdiff::tests::json_envelope_is_stable ... ok
test docdiff::tests::section_count_change_is_reported_at_root ... ok
test docdiff::tests::single_character_edit_is_one_text_change ... ok
test docdiff::tests::style_count_and_definition_changes_are_detected ... ok
test docdiff::tests::summary_counts_each_category_exactly ... ok
test docdiff::tests::summary_separates_added_from_removed ... ok
test docdiff::tests::table_cell_text_change_carries_cell_coordinates ... ok
test docdiff::tests::table_shape_change_is_detected ... ok
test docdiff::tests::zero_max_findings_never_claims_identical ... ok
test doclang::adapter::control::tests::bookmark_records_loss ... ok
test docdiff::tests::same_input_always_yields_same_output ... ok
test doclang::adapter::control::tests::column_def_yields_marker ... ok
test doclang::adapter::control::tests::equation_script_passthrough ... ok
test doclang::adapter::control::tests::endnote_records_loss_entry ... ok
test doclang::adapter::control::tests::footnote_recurses_via_callback ... ok
test doclang::adapter::control::tests::char_overlap_rescues_glyphs_and_records_loss ... ok
test doclang::adapter::control::tests::header_apply_mapping ... ok
test doclang::adapter::control::tests::hyperlink_empty_text_emits_no_block ... ok
test doclang::adapter::control::tests::hyperlink_rescues_text_and_records_loss ... ok
test doclang::adapter::control::tests::picture_happy_path ... ok
test doclang::adapter::control::tests::picture_missing_bindata_records_loss_and_skips ... ok
test doclang::adapter::control::tests::shape_preserve_appends_custom_geometry ... ok
test doclang::adapter::control::tests::ruby_rescues_annotation_and_records_loss ... ok
test doclang::adapter::control::tests::shape_text_rescue ... ok
test doclang::adapter::geometry::tests::floating_object_reports_not_treat_as_char ... ok
test doclang::adapter::geometry::tests::passthrough_preserves_dimensions_and_offsets ... ok
test diagnostics::hwp5_roundtrip_batch::tests::bindata_fingerprint_preserved_on_roundtrip ... ok
test doclang::adapter::geometry_pass::tests::flattening_rule_1x1_wrapper_accepts_mismatched_render_dims ... ok
test doclang::adapter::geometry_pass::tests::flattening_rule_exact_dims_match ... ok
test doclang::adapter::geometry_pass::tests::pxbox_union_widens_both_corners ... ok
test doclang::adapter::geometry_pass::tests::header_footer_controls_picks_first_per_section ... ok
test doclang::adapter::inline::tests::empty_text ... ok
test doclang::adapter::geometry_pass::tests::record_first_page_wins_for_multipage_block ... ok
test doclang::adapter::inline::tests::cut_at_zero_yields_empty_leading_segment ... ok
test doclang::adapter::inline::tests::adjacent_identical_runs_merged ... ok
test doclang::adapter::inline::tests::color_and_font_loss_recorded_once_per_paragraph ... ok
test doclang::adapter::inline::tests::hyperlink_uri_takes_first_segment_unescaped ... ok
test doclang::adapter::inline::tests::hyperlink_field_range_wraps_anchor_in_href ... ok
test doclang::adapter::inline::tests::multi_run_style_change_mid_text ... ok
test doclang::adapter::inline::tests::nested_flags_bold_italic ... ok
test doclang::adapter::inline::tests::no_char_shapes_defaults_plain ... ok
test doclang::adapter::inline::tests::non_hyperlink_field_does_not_wrap ... ok
test doclang::adapter::inline::tests::object_replacement_char_stripped ... ok
test doclang::adapter::inline::tests::segments_split_text_at_cuts ... ok
test doclang::adapter::inline::tests::segments_with_no_cuts_match_extract_inlines ... ok
test doclang::adapter::inline::tests::single_run_bold ... ok
test doclang::adapter::inline::tests::single_run_plain ... ok
test doclang::adapter::inline::tests::surrogate_pair_boundary_at_emoji ... ok
test doclang::adapter::inline::tests::surrogate_pair_utf16_offset_conversion ... ok
test doclang::adapter::inline::tests::tab_and_linebreak_control_chars ... ok
test doclang::adapter::paragraph::tests::column_break_threads_section_into_start_and_continuation ... ok
test doclang::adapter::paragraph::tests::column_section_records_section_settings_loss_with_count ... ok
test doclang::adapter::paragraph::tests::consecutive_bullets_grouped_into_one_list ... ok
test doclang::adapter::paragraph::tests::empty_paragraph_emits_no_block ... ok
test doclang::adapter::paragraph::tests::mixed_ordered_and_bullet_runs_stay_separate ... ok
test doclang::adapter::paragraph::tests::multicolumn_break_also_threads ... ok
test doclang::adapter::paragraph::tests::outline_level_clamped_to_six ... ok
test doclang::adapter::paragraph::tests::number_and_bullet_become_single_item_lists ... ok
test doclang::adapter::paragraph::tests::outline_becomes_heading_level_plus_one ... ok
test doclang::adapter::paragraph::tests::page_break_paragraph_prefixes_page_break ... ok
test doclang::adapter::paragraph::tests::paragraph_between_lists_splits_runs ... ok
test doclang::adapter::paragraph::tests::plain_paragraph ... ok
test doclang::adapter::paragraph::tests::section_break_alone_does_not_thread ... ok
test doclang::adapter::paragraph::tests::single_column_section_emits_no_thread ... ok
test doclang::adapter::paragraph::tests::thread_ids_are_unique_across_sections ... ok
test doclang::adapter::resources::tests::bin_data_bytes_empty_data_skipped ... ok
test doclang::adapter::resources::tests::bin_data_bytes_found ... ok
test doclang::adapter::resources::tests::bin_data_bytes_zero_id ... ok
test doclang::adapter::resources::tests::char_shape_found ... ok
test doclang::adapter::resources::tests::char_shape_out_of_range ... ok
test doclang::adapter::resources::tests::font_name_found ... ok
test doclang::adapter::resources::tests::font_name_out_of_range ... ok
test doclang::adapter::resources::tests::para_shape_found ... ok
test doclang::adapter::table::tests::caption_present_extracts_inlines_and_records_loss ... ok
test doclang::adapter::table::tests::colspan_and_rowspan_preserved ... ok
test doclang::adapter::table::tests::clamped_cells_colliding_on_same_anchor_are_recorded ... ok
test doclang::adapter::table::tests::is_header_flag_preserved ... ok
test doclang::adapter::table::tests::empty_caption_paragraphs_yields_none_caption ... ok
test doclang::adapter::table::tests::out_of_bounds_cell_clamped_and_recorded ... ok
test doclang::adapter::table::tests::simple_2x2_maps_all_cells ... ok
test doclang::adapter::tests::hwp3_format_rejected ... ok
test doclang::adapter::table::tests::well_formed_table_records_no_collision ... ok
test doclang::adapter::tests::legacy_hwpml_format_rejected ... ok
test doclang::adapter::tests::unknown_format_rejected ... ok
test doclang::adapter::tests::truncated_cfb_is_parse_error_not_panic ... ok
test doclang::eqedit::latex::tests::emit_fraction ... ok
test doclang::eqedit::latex::tests::emit_root ... ok
test doclang::eqedit::latex::tests::emit_binom ... ok
test doclang::eqedit::latex::tests::emit_greek ... ok
test doclang::eqedit::latex::tests::emit_nested_fraction ... ok
test doclang::eqedit::latex::tests::emit_added_decorations ... ok
test doclang::eqedit::latex::tests::emit_added_noarg_symbols ... ok
test doclang::eqedit::latex::tests::emit_sqrt ... ok
test doclang::eqedit::latex::tests::emit_sup_single_vs_multi ... ok
test doclang::eqedit::latex::tests::unknown_word_still_passes_through_as_text ... ok
test doclang::eqedit::lexer::tests::lex_alnum_word ... ok
test doclang::eqedit::lexer::tests::lex_decimal_number ... ok
test doclang::eqedit::lexer::tests::lex_braces_and_caret ... ok
test doclang::eqedit::lexer::tests::lex_simple_fraction ... ok
test doclang::eqedit::lexer::tests::lex_empty ... ok
test doclang::eqedit::lexer::tests::lex_spaces_thin_and_normal ... ok
test doclang::eqedit::lexer::tests::lex_matrix_separators ... ok
test doclang::eqedit::lexer::tests::lex_trailing_dot_not_part_of_number ... ok
test doclang::eqedit::parser::tests::parse_fraction ... ok
test doclang::eqedit::parser::tests::parse_matrix_rows ... ok
test doclang::eqedit::parser::tests::dos_deeply_nested_groups_return_toodeep_not_overflow ... ok
test doclang::eqedit::parser::tests::parse_bounds ... ok
test doclang::eqedit::parser::tests::parse_empty_is_empty_group ... ok
test doclang::eqedit::parser::tests::parse_sup_sub ... ok
test doclang::eqedit::parser::tests::parse_unbalanced_close_brace_errors ... ok
test doclang::eqedit::parser::tests::parse_unbalanced_open_brace_errors ... ok
test doclang::eqedit::tests::atop ... ok
test doclang::eqedit::tests::binom ... ok
test doclang::eqedit::parser::tests::valid_moderate_nesting_below_cap_still_parses ... ok
test doclang::eqedit::tests::cases_environment ... ok
test doclang::eqedit::tests::decoration_bar_hat_vec ... ok
test doclang::eqedit::tests::decoration_dot_tilde ... ok
test doclang::eqedit::tests::deeply_nested_balanced_ok ... ok
test doclang::eqedit::tests::degraded_list_collects_multiple_tokens ... ok
test doclang::eqedit::tests::dots_and_arrows ... ok
test doclang::eqedit::tests::empty_input_is_empty_output ... ok
test doclang::eqedit::tests::eq01_corpus_pattern_uses_real_commands ... ok
test doclang::eqedit::tests::font_switches ... ok
test doclang::eqedit::tests::fraction ... ok
test doclang::eqedit::tests::greek_lowercase ... ok
test doclang::eqedit::tests::greek_uppercase_forms ... ok
test doclang::eqedit::tests::int_with_bounds_and_infty ... ok
test doclang::eqedit::parser::tests::dos_nested_matrix_returns_toodeep ... ok
test doclang::eqedit::tests::known_command_does_not_degrade ... ok
test doclang::eqedit::tests::left_right_brace_delimiters ... ok
test doclang::eqedit::tests::left_right_delimiters ... ok
test doclang::eqedit::tests::lim_with_bound ... ok
test doclang::eqedit::parser::tests::dos_deeply_nested_commands_return_toodeep ... ok
test doclang::eqedit::tests::matrix_2x2 ... ok
test doclang::eqedit::tests::mixed_case_keywords_resolve ... ok
test doclang::eqedit::tests::mixed_case_non_command_passes_through_as_text ... ok
test doclang::eqedit::tests::nested_fraction ... ok
test doclang::eqedit::tests::oint_command ... ok
test doclang::eqedit::tests::operators_and_relations ... ok
test doclang::eqedit::tests::plain_arithmetic_passthrough ... ok
test doclang::eqedit::tests::pmatrix_2x2 ... ok
test doclang::eqedit::tests::root_n_of ... ok
test doclang::eqedit::tests::single_letter_and_labels_not_degraded ... ok
test doclang::eqedit::tests::set_and_logic_symbols ... ok
test doclang::eqedit::tests::single_letter_identifier_stays_italic ... ok
test doclang::eqedit::tests::sqrt_group ... ok
test doclang::eqedit::tests::subscript_keyword_and_symbol ... ok
test doclang::eqedit::tests::sum_with_bounds ... ok
test doclang::eqedit::tests::superscript_multi_braced ... ok
test doclang::eqedit::tests::superscript_single ... ok
test doclang::eqedit::tests::thin_and_normal_space ... ok
test doclang::eqedit::tests::unbalanced_close_brace_errors ... ok
test diagnostics::hwpx_roundtrip_batch::tests::roundtrip_one_blank_sample_passes ... ok
test doclang::eqedit::tests::unbalanced_open_brace_errors ... ok
test doclang::eqedit::tests::unknown_command_like_word_is_reported_degraded ... ok
test doclang::eqedit::tests::unknown_command_passthrough ... ok
test doclang::eqedit::tests::unknown_mixed_with_known ... ok
test doclang::eqedit::tests::uppercase_left_right_delimiters ... ok
test doclang::eqedit::tests::uppercase_over_is_fraction ... ok
test doclang::eqedit::tests::uppercase_sqrt_is_radical ... ok
test doclang::eqedit::tests::uppercase_times_is_command ... ok
test doclang::eqedit::tests::whitespace_only_is_empty ... ok
test doclang::ir::prov::tests::from_px_box_normalises_each_axis_independently ... ok
test doclang::ir::prov::tests::from_px_box_on_page_keeps_page_index ... ok
test doclang::ir::prov::tests::normalize_basic_rounding ... ok
test doclang::ir::prov::tests::normalize_clamps_out_of_range ... ok
test doclang::ir::prov::tests::normalize_degenerate_page_is_zero ... ok
test doclang::ir::prov::tests::prov_constructors ... ok
test doclang::ir::prov::tests::normalize_rounds_to_nearest ... ok
test doclang::loss::report::tests::default_is_empty ... ok
test doclang::loss::report::tests::empty_report ... ok
test doclang::loss::report::tests::push_and_iterate ... ok
test doclang::eqedit::parser::tests::dos_long_over_and_script_chains_return_toodeep ... ok
test doclang::resources::tests::asset_name_is_safe_and_deterministic ... ok
test doclang::resources::tests::asset_dir_policy_returns_writable_asset ... ok
test doclang::resources::tests::collect_assets_uses_exporter_locations ... ok
test doclang::resources::tests::uri_prefix_policy_does_not_return_bytes ... ok
test doclang::resources::tests::inline_policy_builds_data_uri ... ok
test doclang::tests::convert_empty_slice_returns_unsupported_format ... ok
test doclang::tests::convert_invalid_bytes_returns_error ... ok
test doclang::tests::convert_truncated_cfb_is_parse_error ... ok
test doclang::writer::custom::tests::color_formats_as_six_digit_hex ... ok
test doclang::writer::custom::tests::lean_empty_lost_records_nothing ... ok
test doclang::writer::custom::tests::lean_records_all_loss_kinds_and_no_custom_emitted ... ok
test doclang::writer::custom::tests::preserve_emits_namespaced_custom_with_all_fields ... ok
test doclang::writer::custom::tests::preserve_empty_lost_writes_nothing ... ok
test doclang::writer::custom::tests::preserve_escapes_special_chars_in_values ... ok
test doclang::writer::custom::tests::preserve_partial_lost_only_emits_present_fields ... ok
test doclang::writer::escape::tests::attr_escapes_quotes_too ... ok
test doclang::writer::escape::tests::drops_xml_invalid_control_chars ... ok
test doclang::writer::escape::tests::empty_string_round_trips ... ok
test doclang::writer::escape::tests::text_escapes_markup_chars_only ... ok
test doclang::writer::escape::tests::unicode_is_preserved ... ok
test doclang::writer::inline::tests::footnote_ref_emits_nothing_inline ... ok
test doclang::writer::inline::tests::href_wraps_styled_anchor ... ok
test doclang::writer::inline::tests::href_emits_uri_and_anchor ... ok
test doclang::writer::inline::tests::linebreak_and_tab ... ok
test doclang::writer::inline::tests::multiple_styles_nest_in_canonical_order ... ok
test doclang::writer::inline::tests::nested_styled_runs ... ok
test doclang::writer::inline::tests::plain_text_is_escaped ... ok
test doclang::writer::inline::tests::single_style_wraps_once ... ok
test doclang::writer::otsl::tests::caption_emitted_before_content ... ok
test doclang::writer::otsl::tests::colspan_two_emits_lcel ... ok
test doclang::writer::otsl::tests::empty_cells_use_ecel ... ok
test doclang::writer::otsl::tests::header_row_uses_ched ... ok
test doclang::writer::otsl::tests::merged_block_emits_lcel_ucel_xcel ... ok
test doclang::writer::otsl::tests::out_of_bounds_cell_is_recorded_not_panicked ... ok
test doclang::writer::otsl::tests::nested_table_in_cell ... ok
test doclang::writer::otsl::tests::overlapping_span_is_clamped_and_recorded ... ok
test doclang::writer::otsl::tests::oversized_table_grid_is_capped_not_allocated ... ok
test doclang::writer::otsl::tests::rowspan_two_emits_ucel ... ok
test doclang::writer::otsl::tests::simple_2x2 ... ok
test doclang::writer::tests::custom_block_lean_mode_drops_and_records_loss ... ok
test doclang::writer::tests::custom_block_preserve_mode_emits_schema_valid_group ... ok
test doclang::writer::tests::empty_document ... ok
test doclang::writer::tests::footnote_block ... ok
test doclang::writer::tests::formula_with_latex_and_raw_fallback ... ok
test doclang::writer::tests::heading_level_is_clamped ... ok
test doclang::writer::tests::nested_styles_emit_in_canonical_order ... ok
test doclang::writer::tests::ordered_and_unordered_lists ... ok
test doclang::writer::tests::page_elements ... ok
test doclang::writer::tests::paragraph_with_mixed_styled_runs ... ok
test doclang::writer::tests::picture_base64_round_trip ... ok
test doclang::writer::tests::picture_unknown_extension_is_octet_stream ... ok
test doclang::writer::tests::table_serialises_otsl_through_block_writer ... ok
test doclang::writer::tests::thread_continuation_marker ... ok
test doclang::writer::tests::thread_id_suffix_maps_to_positive_integer ... ok
test doclang::writer::tests::xml_escaping_in_text_and_attrs ... ok
test document_core::builders::exam_paper::tests::test_build_boxed_stem_block_uses_boxed_para_shape ... ok
test document_core::builders::exam_paper::tests::test_build_header_footer_metadata_creates_controls ... ok
test document_core::builders::exam_paper::tests::test_build_multiple_questions_separator ... ok
test document_core::builders::exam_paper::tests::test_build_single_question ... ok
test document_core::builders::exam_paper::tests::test_build_shared_passage_emits_once ... ok
test document_core::builders::exam_paper::tests::test_build_stem_auto_number_true_with_boxed_bracket_text ... ok
test document_core::builders::exam_paper::tests::test_build_stem_auto_number_default_true_omitted ... ok
test document_core::builders::exam_paper::tests::test_build_stem_only_auto_number_false ... ok
test document_core::builders::exam_paper::tests::test_build_stem_auto_number_double_digit_number ... ok
test document_core::builders::exam_paper::tests::test_build_stem_with_auto_number_false_group_directive ... ok
test document_core::builders::exam_paper::tests::test_build_stem_with_auto_number_false_explicit_prefix ... ok
test document_core::builders::exam_paper::tests::test_build_stem_without_blocks ... ok
test document_core::builders::exam_paper::tests::test_build_with_image_placeholder ... ok
test document_core::commands::clipboard::cell_control_export_tests::nested_table_in_cell_by_path_is_exported_to_html ... ok
test document_core::commands::clipboard::cell_control_export_tests::body_level_picture_export_via_control_html_was_already_fine ... ok
test document_core::commands::clipboard::cell_control_export_tests::nested_table_in_cell_is_exported_to_html ... ok
test document_core::commands::clipboard::cell_control_export_tests::unsupported_cell_control_leaves_warning_comment_not_silent_drop ... ok
test document_core::commands::clipboard::cell_control_export_tests::nested_table_recursion_is_capped_at_max_depth ... ok
test document_core::commands::clipboard::cell_control_export_tests::picture_in_cell_is_exported_to_html ... ok
test document_core::commands::clipboard::cell_control_export_tests::internal_clipboard_preserves_nested_table_in_cell_control_group ... ok
test document_core::commands::document::validate_linesegs_tests::drop_corrupt_oversized_linesegs_clears_impossible_array ... ok
test document_core::builders::exam_paper::tests::test_build_single_question_serializes_to_hwpx ... ok
test document_core::commands::document::validate_linesegs_tests::clear_initial_field_texts_no_panic_on_overlapping_removals ... ok
test document_core::commands::document::validate_linesegs_tests::drop_corrupt_oversized_linesegs_keeps_valid_paragraphs ... ok
test document_core::commands::document::validate_linesegs_tests::issue4898_section_authority_includes_nested_table_cells ... ok
test document_core::commands::document::validate_linesegs_tests::needs_reflow_broadly_covers_empty_linesegs ... ok
test document_core::commands::document::validate_linesegs_tests::needs_reflow_broadly_covers_uncomputed_lineseg ... ok
test document_core::commands::document::validate_linesegs_tests::needs_reflow_broadly_skips_empty_paragraph ... ok
test document_core::commands::document::validate_linesegs_tests::needs_reflow_broadly_skips_healthy_paragraph ... ok
test document_core::commands::document::validate_linesegs_tests::needs_reflow_broadly_skips_textrun_reflow ... ok
test document_core::commands::document::validate_linesegs_tests::eager_reflow_uses_table_frame_owner_width_and_padding ... ok
test document_core::commands::document::set_document_tests::set_document_does_not_reuse_previous_documents_measured_paragraph ... ok
test document_core::commands::document::set_document_tests::set_document_does_not_reuse_previous_documents_measured_table ... ok
test document_core::commands::clipboard::nested_cell_paste_reflow_tests::paste_in_nested_cell_by_path_reflows_inner_cell ... ok
test document_core::commands::clipboard::clipboard_border_fill_offset_tests::table_to_html_uses_correct_border_fill_for_1_based_id ... ok
test document_core::commands::document::validate_linesegs_tests::from_bytes_retains_hml_import_metadata_outside_document_ir ... ok
test document_core::commands::document::validate_linesegs_tests::on_demand_reflow_uses_table_frame_owner_width_and_padding ... ok
test document_core::commands::document::validate_linesegs_tests::validate_detects_empty_linesegs ... ok
test document_core::commands::document::validate_linesegs_tests::validate_detects_textrun_reflow_pattern ... ok
test document_core::commands::document::validate_linesegs_tests::validate_detects_uncomputed_lineseg ... ok
test document_core::commands::document::validate_linesegs_tests::validate_recurses_into_table_cells ... ok
test document_core::commands::document::validate_linesegs_tests::validate_records_multiple_warnings ... ok
test document_core::commands::document::validate_linesegs_tests::validate_skips_empty_paragraph ... ok
test document_core::commands::clipboard::char_shape_inherit_tests::copy_control_uses_char_shape_at_control_anchor ... ok
test document_core::commands::document::validate_linesegs_tests::validate_skips_healthy_lineseg ... ok
test document_core::commands::document::validate_linesegs_tests::validate_skips_textrun_reflow_for_short_text ... ok
test document_core::commands::clipboard::char_shape_inherit_tests::paste_control_empty_neighbor_inherits_char_shape_at_cursor_offset ... ok
test document_core::commands::document::validate_linesegs_tests::validate_skips_textrun_reflow_when_has_newline ... ok
test document_core::commands::footnote_ops::delete_footnote_char_shape_tests::delete_footnote_shifts_char_shapes_back_with_char_offsets ... ok
test document_core::commands::formatting::cell_reflow_width_tests::char_format_by_path_reflow_uses_cell_width_not_page_column_width ... ok
test document_core::commands::formatting::cell_reflow_width_tests::char_format_by_path_reflow_reaches_nested_inner_cell ... ok
test document_core::commands::formatting::cell_reflow_width_tests::char_format_reflow_uses_cell_width_not_page_column_width ... ok
test document_core::commands::footnote_ops::tests::delete_footnote_renumbers_top_level_endnote_after_it ... ok
test document_core::commands::footnote_ops::tests::merge_paragraph_in_footnote_undo_restores_removed_paragraph_meta ... ok
test document_core::commands::formatting::cell_reflow_width_tests::para_format_reflow_uses_cell_width_not_page_column_width ... ok
test document_core::commands::formatting::cell_reflow_width_tests::para_format_indent_change_triggers_cell_reflow_and_rewraps ... ok
test document_core::commands::formatting::cell_reflow_width_tests::set_char_shape_id_by_path_reflow_uses_cell_width_not_page_column_width ... ok
test document_core::commands::formatting::cell_reflow_width_tests::set_char_shape_id_by_path_reflow_reaches_nested_inner_cell ... ok
test document_core::commands::formatting::cell_reflow_width_tests::para_format_margin_left_change_triggers_cell_reflow_and_rewraps ... ok
test document_core::commands::formatting::tests::char_ratio_and_spacing_changes_require_text_reflow ... ok
test document_core::commands::formatting::tests::para_margin_indent_and_break_unit_changes_require_text_reflow ... ok
test document_core::commands::formatting::tests::para_shape_changes_without_flow_impact_do_not_require_text_reflow ... ok
test document_core::commands::header_footer_ops::tests::field_insert_reports_actual_offset_separately_from_cursor_offset ... ok
test document_core::commands::header_footer_ops::tests::field_insert_reports_where_the_marker_actually_landed ... ok
test document_core::commands::formatting::tests::apply_char_format_in_nested_cell_by_path_preserves_outer_cell ... ok
test document_core::commands::header_footer_ops::tests::merge_paragraph_in_header_undo_restores_removed_paragraph_meta ... ok
test document_core::commands::header_footer_ops::tests::issue3214_header_creation_keeps_ctrl_data_records_aligned ... ok
test document_core::commands::header_footer_ops::tests::test_create_and_get_footer ... ok
test document_core::commands::header_footer_ops::tests::issue3214_insert_survives_unaligned_ctrl_data_records ... ok
test document_core::commands::header_footer_ops::tests::para_format_margin_change_in_header_reflows_with_correct_width_not_stale_styles ... ok
test document_core::commands::header_footer_ops::tests::test_delete_header_footer ... ok
test document_core::commands::header_footer_ops::tests::test_create_and_get_header ... ok
test document_core::commands::header_footer_ops::tests::test_delete_nonexistent_fails ... ok
test document_core::commands::header_footer_ops::tests::test_delete_text_in_header ... ok
test document_core::commands::header_footer_ops::tests::test_duplicate_create_fails ... ok
test document_core::commands::header_footer_ops::tests::test_get_header_footer_list ... ok
test document_core::commands::header_footer_ops::tests::test_insert_text_in_header ... ok
test document_core::commands::header_footer_ops::tests::test_odd_even_header ... ok
test document_core::commands::header_footer_ops::tests::test_p222_header_structure ... ignored
test document_core::commands::header_footer_ops::tests::test_split_merge_paragraph_in_header ... ok
test document_core::commands::html_import::tests::html_paste_para_shape_drops_stale_raw_data ... ok
test document_core::commands::html_import::tests::html_paste_char_shape_drops_stale_raw_data ... ok
test document_core::commands::html_import::textdecoline_tests::css_underline_recognizes_text_decoration_line_with_space ... ok
test document_core::commands::object_ops::connector::connector_passthrough_invalidation_tests::recalculate_connector_routing_invalidates_section_passthrough ... ok
test document_core::commands::object_ops::connector::connector_passthrough_invalidation_tests::no_op_call_keeps_passthrough_intact ... ok
test document_core::commands::object_ops::equation::tests::apply_equation_properties_clears_unsealed_raw_ctrl_data ... ok
test document_core::commands::object_ops::connector::connector_passthrough_invalidation_tests::update_connector_subject_ids_invalidates_section_passthrough ... ok
test document_core::commands::object_ops::note::char_shape_inherit_tests::insert_endnote_fallback_inherits_char_shape_at_cursor_offset ... ok
test diagnostics::hwp5_roundtrip_batch::tests::collect_hwp5_files_excludes_hwpx ... ok
test document_core::commands::object_ops::connector::connector_passthrough_invalidation_tests::every_routing_branch_invalidates_section_passthrough ... ok
test document_core::commands::header_footer_ops::tests::test_body_text_after_hf_template ... ok
test document_core::commands::object_ops::note::char_shape_inherit_tests::insert_footnote_shifts_char_shapes_with_char_offsets ... ok
test document_core::commands::object_ops::note::char_shape_inherit_tests::insert_footnote_ignores_table_footnote_positioned_after_cursor_in_same_paragraph ... ok
test document_core::commands::object_ops::picture::issue_1151_cell_picture_insert_tests::issue1151_insert_picture_into_table_cell_is_floating_sibling ... ok
test document_core::commands::object_ops::note::char_shape_inherit_tests::insert_footnote_fallback_inherits_char_shape_at_cursor_offset ... ok
test document_core::commands::object_ops::picture::issue_1151_cell_picture_insert_tests::issue1151_invalid_cell_path_returns_error ... ok
test document_core::commands::object_ops::picture::issue_1151_cell_picture_insert_tests::issue1151_v9_insert_picture_body_floating_default ... ok
test document_core::commands::object_ops::picture::issue_1151_cell_picture_insert_tests::issue1452_insert_picture_returns_logical_offset_after_picture ... ok
test document_core::commands::object_ops::picture::issue_1151_cell_picture_insert_tests::issue1452_enter_after_dropped_inline_picture_keeps_next_para_below_picture ... ok
test document_core::commands::object_ops::picture::issue_1151_cell_picture_insert_tests::issue1452_picture_text_wrap_updates_hwp_attr_bits ... ok
test document_core::commands::object_ops::picture::issue_1151_cell_picture_insert_tests::issue1452_picture_transparency_props_roundtrip ... ok
test document_core::commands::object_ops::picture::issue_1151_cell_picture_insert_tests::issue1452_enter_after_second_tac_picture_keeps_both_pictures ... ok
test document_core::commands::object_ops::picture::issue_1151_v2_tac_toggle_tests::_lineseg_default_for_test ... ok
test document_core::commands::object_ops::picture::issue_1151_cell_picture_insert_tests::issue1452_picture_transparency_samples_parse_as_ui_percent ... ok
test document_core::commands::object_ops::picture::issue_1151_cell_picture_insert_tests::issue1452_picture_transparency_samples_render_once_with_opacity ... ok
test document_core::commands::object_ops::picture::bindata_storage_id_collision_tests::insert_picture_storage_id_skips_existing_ids ... ok
test document_core::commands::object_ops::picture::issue_1151_v2_tac_toggle_tests::integration_tac_toggle_matches_hancom_scenario_a ... ok
test document_core::commands::object_ops::picture::issue_1151_v2_tac_toggle_tests::tac_toggle_3x3_center_cell_floating_to_inline ... ok
test document_core::commands::object_ops::picture::issue_1151_v2_tac_toggle_tests::integration_tac_toggle_matches_hancom_scenario_d ... ok
test document_core::commands::object_ops::picture::issue_1151_v2_tac_toggle_tests::integration_tac_toggle_matches_hancom_scenario_c ... ok
test document_core::commands::object_ops::picture::issue_1151_v2_tac_toggle_tests::tac_toggle_body_floating_to_inline ... ok
test document_core::commands::object_ops::picture::issue_1151_v2_tac_toggle_tests::integration_tac_toggle_matches_hancom_scenario_b ... ok
test document_core::commands::object_ops::picture::issue_1151_v2_tac_toggle_tests::tac_toggle_table_sibling_floating_to_inline ... ok
test document_core::commands::object_ops::picture::issue_1151_v2_tac_toggle_tests::tac_toggle_true_to_false_restores_empty_picture_para_line_seg ... ok
test document_core::commands::object_ops::picture::issue_1151_v2_tac_toggle_tests::tac_toggle_with_empty_line_segs_creates_new_seg ... ok
test document_core::commands::object_ops::picture::issue_1151_v2_tac_toggle_tests::v5_tac_toggle_invalidates_page_tree_and_emits_inline_picture_below_table ... ok
test document_core::commands::object_ops::picture::issue_1151_v2_tac_toggle_tests::tac_toggle_when_already_tac_true_no_migration ... ok
test document_core::commands::object_ops::picture::issue_1151_v2_tac_toggle_tests::v6_resize_cell_then_tac_toggle_picture_below_table ... ok
test document_core::commands::object_ops::picture::issue_1151_v2_tac_toggle_tests::v8_cell_floating_picture_uses_paper_rel_to ... ok
test document_core::commands::object_ops::picture::issue_1151_v2_tac_toggle_tests::v6_render_tree_scenario_a_after_baseline ... ok
test document_core::commands::object_ops::picture::issue_1151_v2_tac_toggle_tests::v9_two_large_pictures_wrap_to_next_line ... ok
test document_core::commands::object_ops::picture::issue_1280_textbox_creation_tests::create_floating_textbox_is_in_front_paper ... ok
test document_core::commands::object_ops::picture::issue_1280_textbox_creation_tests::create_textbox_has_textbox ... ok
test document_core::commands::object_ops::picture::issue_1280_textbox_creation_tests::insert_picture_into_textbox_uses_textbox_paragraph_control ... ok
test document_core::commands::object_ops::picture::issue_1151_v2_tac_toggle_tests::v9_two_tac_pictures_horizontal_distribute ... ok
test document_core::commands::object_ops::picture::issue_1280_textbox_creation_tests::insert_text_into_created_textbox ... ok
test document_core::commands::object_ops::picture::issue_1280_textbox_creation_tests::create_rectangle_has_no_textbox ... ok
test document_core::commands::object_ops::picture::issue_1280_textbox_creation_tests::insert_text_into_floating_textbox ... ok
test document_core::commands::object_ops::picture::issue_1280_textbox_creation_tests::create_inline_textbox_preserves_para_column ... ok
test document_core::commands::object_ops::picture::issue_1280_textbox_creation_tests::paste_picture_into_textbox ... ok
test document_core::commands::object_ops::picture::issue_1280_textbox_creation_tests::paste_text_into_textbox ... ok
test document_core::commands::object_ops::picture::issue_4347_insert_leaves_coordinate_trace::inserted_picture_in_a_textbox_keeps_its_place_too ... ok
test document_core::commands::object_ops::picture::issue_4347_insert_leaves_coordinate_trace::inserted_picture_keeps_its_place_not_the_paragraph_end ... ok
test document_core::commands::object_ops::picture::bindata_storage_id_collision_tests::insert_into_storage_hole_doc_survives_hwp_save_roundtrip ... ok
test document_core::commands::object_ops::shape::resize_clamp_tests::rectangle_coords_nonzero_after_shrink_to_zero ... ok
test document_core::commands::object_ops::shape::resize_clamp_tests::group_shapes_only_shifts_char_offsets_after_insertion_point ... ok
test document_core::commands::object_ops::shape::char_shape_inherit_tests::create_shape_preserves_char_offsets_length_invariant ... ok
test document_core::commands::object_ops::shape::resize_clamp_tests::repeated_zero_resize_does_not_corrupt_state ... ok
test document_core::commands::object_ops::shape::char_shape_inherit_tests::create_textbox_inherits_char_shape_at_cursor_offset ... ok
test document_core::commands::object_ops::shape::resize_clamp_tests::resize_to_zero_width_clamps_to_min ... ok
test document_core::commands::object_ops::shape::resize_clamp_tests::ungroup_shape_only_shifts_char_offsets_after_insertion_point ... ok
test document_core::commands::object_ops::table::tests::create_table_ex_native_cells_inherit_char_shape ... ok
test document_core::commands::object_ops::table::tests::create_table_ex_native_inherits_char_shape_at_cursor_offset ... ok
test document_core::commands::table_ops::neighbor_border_raw_data_tests::neighbor_border_push_marks_doc_info_dirty ... ok
test document_core::commands::table_ops::neighbor_border_raw_data_tests::neighbor_border_update_drops_stale_raw_data ... ok
test document_core::commands::object_ops::table::tests::create_table_ex_native_tac_inherits_char_shape_at_cursor_offset ... ok
test document_core::commands::object_ops::table::tests::create_table_native_cells_inherit_char_shape ... ok
test document_core::commands::table_ops::neighbor_border_raw_data_tests::resize_cell::growing_one_cell_splits_the_rows ... ok
test document_core::commands::table_ops::neighbor_border_raw_data_tests::resize_cell::last_column_is_a_noop ... ok
test document_core::commands::table_ops::neighbor_border_raw_data_tests::resize_cell::text_area_width_keeps_its_offset ... ok
test document_core::commands::table_ops::neighbor_border_raw_data_tests::resize_cell::widening_one_cell_splits_the_columns ... ok
test document_core::commands::table_ops::table_frame_reflow_batch_tests::column_width_change_reflows_all_cells_from_one_owner_width_plan ... ok
test document_core::commands::table_ops::tests::raw_ctrl_data_offsets_match_parser ... ok
test document_core::commands::table_ops::table_frame_reflow_batch_tests::split_keeps_valid_residual_owner_width_line_segs_after_vertical_merge ... ok
test document_core::commands::object_ops::table::tests::create_table_native_inherits_char_shape_at_cursor_offset ... ok
test document_core::commands::table_ops::tests::update_ctrl_dimensions_writes_correct_slots ... ok
test document_core::commands::text_editing::tests::cell_paragraph_ops_by_path_reject_empty_path_with_error ... ok
test document_core::commands::text_editing::tests::delete_range_in_cell_by_path_reflows_depth1_cell_line_segs ... ok
test document_core::commands::table_ops::table_frame_reflow_batch_tests::transpose_reflows_all_changed_cells_from_one_owner_width_plan ... ok
test document_core::commands::text_editing::tests::cell_picture_delete_updates_source_without_cache_state ... ok
test document_core::commands::text_editing::tests::delete_range_in_cell_by_path_deletes_within_resolved_cell ... ok
test document_core::commands::text_editing::tests::delete_range_in_nested_cell_by_path_reflows_inner_cell ... ok
test document_core::commands::text_editing::tests::delete_range_in_nested_cell_by_path_preserves_outer_cell ... ok
test document_core::commands::text_editing::tests::delete_range_native_rejects_inverted_offsets_same_paragraph ... ok
test document_core::commands::text_editing::tests::delete_range_native_rejects_out_of_bounds_indices ... ok
test document_core::commands::text_editing::tests::delete_text_in_cell_by_path_reflows_depth1_cell_line_segs ... ok
test document_core::commands::text_editing::tests::delete_text_in_nested_cell_by_path_reflows_inner_cell ... ok
test document_core::commands::text_editing::tests::flat_cell_text_mutation_uses_table_owned_frame_width ... ok
test document_core::commands::text_editing::tests::insert_paragraph_at_zero_inherits_from_following_paragraph ... ok
test document_core::commands::text_editing::tests::insert_paragraph_at_end_inherits_from_last_paragraph ... ok
test document_core::commands::text_editing::tests::issue3137_focused_fast_path_admits_only_regular_table_cells ... ok
test document_core::commands::text_editing::tests::insert_paragraph_inherits_shape_from_previous_paragraph ... ok
test document_core::commands::text_editing::tests::issue3137_focused_geometry_requires_verified_page_tree_patch ... ok
test document_core::commands::text_editing::tests::merge_paragraph_in_caption_cell_does_not_panic ... ok
test document_core::commands::text_editing::tests::merge_paragraph_in_nested_cell_by_path_reflows_inner_cell ... ok
test document_core::commands::text_editing::tests::nested_cell_text_mutation_uses_table_owned_frame_width ... ok
test document_core::commands::text_editing::tests::new_empty_like_takes_last_char_shape_at_pos_zero ... ok
test document_core::commands::text_editing::tests::merge_paragraph_undo_restores_removed_paragraph_meta ... ok
test document_core::commands::text_editing::tests::picture_frame_column_convergence_accepts_stable_and_rejects_exhaustion ... ok
test document_core::commands::text_editing::tests::new_empty_like_without_char_shapes_leaves_char_shapes_empty ... ok
test document_core::commands::table_ops::table_attr_save_roundtrip_tests::table_attr_changes_survive_hwp_save_roundtrip ... ok
test document_core::commands::document::validate_linesegs_tests::on_demand_rejected_picture_band_leaves_host_and_later_body_rows_untouched ... ok
test document_core::commands::text_editing::tests::reflow_cell_paragraph_publishes_current_stored_partition ... ok
test document_core::commands::text_editing::tests::split_paragraph_in_caption_cell_does_not_panic ... ok
test document_core::commands::text_editing::tests::split_paragraph_in_nested_cell_by_path_reflows_inner_cell ... ok
test document_core::commands::text_editing::tests::split_paragraph_without_meta_inherits_previous_paragraph_shape ... ok
test document_core::commands::document::validate_linesegs_tests::on_demand_rejected_tracked_picture_band_leaves_successor_source_geometry_untouched ... ok
test document_core::commands::text_editing::tests::picture_frame_transaction_rejects_shadow_failure_without_publication ... ok
test document_core::commands::document::validate_linesegs_tests::on_demand_picture_band_discovers_stored_p325_host_from_missing_successor ... ok
test document_core::commands::document::validate_linesegs_tests::on_demand_picture_band_publishes_the_complete_p325_transaction ... ok
test document_core::commands::text_editing::tests::picture_frame_failed_narrow_column_convergence_publishes_nothing ... ok
test document_core::commands::text_editing::tests::picture_frame_body_edit_publishes_complete_band_before_recompose ... ok
test document_core::commands::text_editing::tests::picture_frame_reprojects_after_host_moves_to_unequal_column ... ok
test document_core::commands::text_editing::tests::picture_frame_batch_edit_reprojects_before_final_pagination ... ok
test document_core::commands::text_editing::tests::test_paragraph_y_positions_after_split ... ok
test document_core::converters::common_obj_attr_writer::tests::preserves_existing_attr_when_nonzero ... ok
test document_core::converters::common_obj_attr_writer::tests::produces_min_43_bytes ... ok
test document_core::converters::common_obj_attr_writer::tests::roundtrip_affect_line_spacing_bit2 ... ok
test document_core::converters::common_obj_attr_writer::tests::roundtrip_default ... ok
test document_core::converters::common_obj_attr_writer::tests::roundtrip_hwpx_object_contract_bits ... ok
test document_core::converters::common_obj_attr_writer::tests::roundtrip_text_flow_largest_only ... ok
test document_core::converters::common_obj_attr_writer::tests::roundtrip_text_flow_left_only ... ok
test document_core::converters::common_obj_attr_writer::tests::roundtrip_text_flow_right_only ... ok
test document_core::converters::common_obj_attr_writer::tests::roundtrip_treat_as_char ... ok
test document_core::converters::common_obj_attr_writer::tests::roundtrip_with_description ... ok
test document_core::converters::common_obj_attr_writer::tests::synthesizes_attr_when_zero ... ok
test document_core::converters::common_obj_attr_writer::tests::text_flow_bits_position ... ok
test document_core::converters::common_obj_attr_writer::tests::text_flow_default_is_both_sides ... ok
test document_core::converters::diagnostics::tests::empty_doc_no_diff_items_for_critical_areas ... ok
test document_core::converters::diagnostics::tests::human_report_includes_total ... ok
test document_core::converters::hwpx_master_page_slots::tests::sparse_odd_master_keeps_hancom_single_slot_contract ... ok
test document_core::commands::formatting::tests::paint_only_char_shape_changes_do_not_require_text_reflow ... ok
test document_core::converters::hwpx_to_hwp::tests::autonum_fwspace_materializes_char_shape_offsets_once ... ok
test document_core::converters::hwpx_to_hwp::tests::autonum_fwspace_materializes_hancom_range_tag_once ... ok
test document_core::converters::hwpx_to_hwp::tests::border_fill_refs_collected_inside_footnote_and_caption ... ok
test document_core::converters::hwpx_to_hwp::tests::border_fill_refs_collected_inside_header_masterpage_and_shape_caption ... ok
test document_core::converters::hwpx_to_hwp::tests::border_fill_refs_collected_inside_picture_caption ... ok
test document_core::converters::hwpx_to_hwp::tests::captioned_group_gets_hancom_numbering_bit_and_visited_caption ... ok
test document_core::converters::hwpx_to_hwp::tests::captioned_table_materializes_hancom_caption_common_attr_bit ... ok
test document_core::converters::hwpx_to_hwp::tests::cell_list_header_contract_keeps_width_ref_clear_for_normal_tables ... ok
test document_core::converters::hwpx_to_hwp::tests::cell_list_header_contract_materializes_width_ref_and_extra ... ok
test document_core::converters::hwpx_to_hwp::tests::empty_doc_normalizes_file_header_once ... ok
test document_core::converters::hwpx_to_hwp::tests::following_section_first_paragraph_break_type_fills_missing_section_flag ... ok
test document_core::converters::hwpx_to_hwp::tests::following_section_first_paragraph_break_type_preserves_materialized_flags ... ok
test document_core::converters::hwpx_to_hwp::tests::grouped_picture_caption_bin_ref_is_remapped ... ok
test document_core::converters::hwpx_to_hwp::tests::header_footer_nested_tables_are_materialized ... ok
test document_core::converters::hwpx_to_hwp::tests::hidden_comment_picture_bin_ref_is_remapped ... ok
test document_core::converters::hwpx_to_hwp::tests::hidden_comment_picture_is_collected_into_bin_order ... ok
test document_core::converters::hwpx_to_hwp::tests::hwp3_nested_caption_hidden_comment_and_master_page_pictures_are_normalized ... ok
test document_core::converters::hwpx_to_hwp::tests::hwp5_save_fwspace_marks_fixed_blank_control ... ok
test document_core::converters::hwpx_to_hwp::tests::hwp_source_no_op_via_filter ... ok
test document_core::converters::hwpx_to_hwp::tests::hwpx_h_03_draw_text_envelope_materializes_with_id_instid_contract ... ok
test document_core::commands::text_editing::tests::test_page_break_with_wide_line_spacing ... ok
test document_core::converters::hwpx_to_hwp::tests::hwpx_h_03_href_ctrl_data_from_source_contract ... ok
test document_core::converters::hwpx_to_hwp::tests::idempotent_when_called_twice ... ok
test document_core::commands::text_editing::tests::test_page_break_with_fixed_line_spacing ... ok
test document_core::converters::hwpx_to_hwp::tests::issue4680_existing_room_is_not_shifted_again ... ok
test document_core::converters::hwpx_to_hwp::tests::issue4680_section_def_insert_makes_room_in_char_offsets ... ok
test document_core::converters::hwpx_to_hwp::tests::master_page_autonum_removes_parser_placeholder_space ... ok
test document_core::converters::hwpx_to_hwp::tests::master_page_line_rendering_uses_exact_size_ratio ... ok
test document_core::converters::hwpx_to_hwp::tests::materialized_second_master_page_updates_stale_single_master_flag ... ok
test document_core::converters::hwpx_to_hwp::tests::none_numbering_table_keeps_category_on_hwp_save ... ok
test document_core::converters::hwpx_to_hwp::tests::picture_caption_common_attr_bit_is_or_ed_in_when_caption_present ... ok
test document_core::converters::hwpx_to_hwp::tests::picture_caption_common_attr_bit_untouched_without_caption ... ok
test document_core::converters::hwpx_to_hwp::tests::picture_caption_picture_bin_ref_is_remapped ... ok
test document_core::converters::hwpx_to_hwp::tests::picture_href_ctrl_data_matches_hancom_parameter_set_shape ... ok
test document_core::converters::hwpx_to_hwp::tests::picture_href_ctrl_data_materializes_inside_shape_text_box ... ok
test document_core::converters::hwpx_to_hwp::tests::picture_href_ctrl_data_materializes_on_matching_control_slot ... ok
test document_core::converters::hwpx_to_hwp::tests::picture_href_materializes_inside_footnote_and_caption ... ok
test document_core::converters::hwpx_to_hwp::tests::picture_href_materializes_inside_picture_and_shape_caption ... ok
test document_core::converters::hwpx_to_hwp::tests::picture_numbering_table_keeps_category_on_hwp_save ... ok
test document_core::converters::hwpx_to_hwp::tests::section_def_tail_follows_the_saved_file_version ... ok
test document_core::converters::hwpx_to_hwp::tests::single_master_page_flags_materialize_hancom_save_contract ... ok
test document_core::converters::hwpx_to_hwp::tests::single_odd_master_page_flags_preserve_hancom_inherited_even_contract ... ok
test document_core::converters::hwpx_to_hwp::tests::stage3_cell_with_inner_margin_gets_width_ref_bit0 ... ok
test document_core::converters::hwpx_to_hwp::tests::stage3_cell_with_width_ref_bit0_already_set_no_change ... ok
test document_core::converters::hwpx_to_hwp::tests::stage3_idempotent_does_not_double_or ... ok
test document_core::converters::hwpx_to_hwp::tests::stage3_list_header_width_ref_layout_has_apply_inner_margin_bit_after_adapter ... ok
test document_core::converters::hwpx_to_hwp::tests::stage3_no_inner_margin_no_change ... ok
test document_core::converters::hwpx_to_hwp::tests::table_axis_materializes_hancom_record_contract ... ok
test document_core::converters::hwpx_to_hwp::tests::table_break_materializes_hwp5_cell_break_bit ... ok
test document_core::converters::hwpx_to_hwp::tests::table_caption_picture_bin_ref_is_remapped ... ok
test document_core::converters::hwpx_to_hwp::tests::table_layout_ctrl_data_does_not_materialize_for_other_table_shapes ... ok
test document_core::converters::hwpx_to_hwp::tests::table_layout_ctrl_data_item_ids_are_an_explicit_observed_contract ... ok
test document_core::converters::hwpx_to_hwp::tests::table_layout_ctrl_data_materializes_for_nested_cell_owner ... ok
test document_core::converters::hwpx_to_hwp::tests::table_layout_ctrl_data_materializes_for_three_by_two_row_break_table ... ok
test document_core::converters::hwpx_to_hwp::tests::table_numbering_table_still_sets_numbering_bit ... ok
test document_core::converters::hwpx_to_hwp::tests::task1654_hide_empty_line_flag_materializes_before_section_def_control_copy ... ok
test document_core::converters::hwpx_to_hwp::tests::two_master_page_flags_materialize_hancom_save_contract ... ok
test document_core::helpers::tests::json_base64_matches_escaped_encoding_for_every_byte_value ... ok
test document_core::helpers::tests::logical_positions_do_not_double_count_control_only_fallback ... ok
test document_core::helpers::tests::logical_positions_ignore_section_and_column_controls ... ok
test document_core::helpers::tests::logical_positions_skip_non_tac_picture_controls ... ok
test document_core::helpers::tests::navigable_text_len_counts_trailing_footnote_marker ... ok
test document_core::html_table_import::nested_table_cell_boundary_tests::nested_table_in_cell_round_trips_through_import ... ok
test document_core::queries::armor::tests::armor_fences_body_and_flags_planted_injection ... ok
test document_core::queries::armor::tests::armor_on_clean_body_fences_with_no_signals ... ok
test document_core::queries::armor::tests::armored_body_does_not_leak_the_nonce_into_content ... ok
test document_core::queries::armor::tests::fence_preserves_every_character_of_the_body ... ok
test document_core::queries::armor::tests::body_containing_nonce_is_detected ... ok
test document_core::queries::armor::tests::fence_surrounds_the_body ... ok
test document_core::queries::armor::tests::nonce_differs_across_invocations ... ok
test document_core::queries::armor::tests::nonce_is_hex_and_full_length ... ok
test document_core::queries::armor::tests::planted_fake_fence_cannot_break_out_without_the_nonce ... ok
test document_core::queries::bookmark_query::tests::add_bookmark_invalidates_raw_stream ... ok
test document_core::queries::bookmark_query::tests::delete_bookmark_invalidates_raw_stream ... ok
test document_core::queries::bookmark_query::tests::rename_bookmark_invalidates_raw_stream ... ok
test document_core::queries::chart_csv::tests::bom_is_tolerated_on_read ... ok
test document_core::queries::chart_csv::tests::category_layout_puts_series_in_columns ... ok
test document_core::queries::chart_csv::tests::export_pads_short_series_instead_of_refusing ... ok
test document_core::queries::chart_csv::tests::quoting_is_delegated_to_table_csv ... ok
test document_core::queries::chart_csv::tests::ragged_rows_are_refused_with_a_human_row_number ... ok
test document_core::queries::chart_csv::tests::round_trip_preserves_every_cell ... ok
test document_core::queries::chart_csv::tests::scatter_layout_marks_the_first_column_as_x ... ok
test document_core::queries::chart_csv::tests::short_labels_do_not_truncate_values ... ok
test document_core::queries::chart_csv::tests::structural_refusals ... ok
test document_core::queries::chart_csv::tests::values_survive_even_when_labels_are_missing ... ok
test document_core::queries::chart_extract::tests::slot_lookup_follows_the_index_then_id_rule ... ok
test document_core::queries::cursor_nav::flat_cell_ctx_matches_tests::matches_direct_single_level_cell ... ok
test document_core::queries::cursor_nav::flat_cell_ctx_matches_tests::path_matcher_rejects_a_different_nested_cell_or_intermediate_paragraph ... ok
test document_core::queries::cursor_nav::flat_cell_ctx_matches_tests::path_matcher_uses_the_full_nested_container_path ... ok
test document_core::queries::cursor_nav::flat_cell_ctx_matches_tests::rejects_mismatched_outer_indices ... ok
test document_core::queries::cursor_nav::flat_cell_ctx_matches_tests::rejects_nested_cell_sharing_the_same_outer_path_entry ... ok
test document_core::queries::cursor_nav::issue_2215_selection_page_plan_tests::cross_page_hints_keep_only_the_inclusive_host_range ... ok
test document_core::queries::cursor_nav::issue_2215_selection_page_plan_tests::missing_or_invalid_hints_preserve_the_full_fallback ... ok
test document_core::queries::cursor_nav::issue_2215_selection_page_plan_tests::same_page_hint_limits_the_plan_to_one_page ... ok
test document_core::queries::cursor_nav::issue_2215_selection_page_plan_tests::sparse_host_pages_do_not_invent_pages_inside_the_hint_range ... ok
test document_core::queries::cursor_rect::tests::cell_cursor_bounds_clamp_coordinates_and_height ... ok
test document_core::queries::cursor_rect::tests::empty_run_with_wide_bbox_clamps_to_char_start ... ok
test document_core::queries::cursor_rect::tests::inter_run_gap_snaps_to_nearer_boundary_not_line_end ... ok
test document_core::queries::cursor_rect::tests::interior_x_sweep_is_monotonic_and_spans_the_line ... ok
test document_core::converters::hwpx_to_hwp::tests::hwpx_h_03_rect_draw_text_contract_from_source ... ok
test document_core::queries::cursor_rect::tests::issue4128_dump_cell_cursor_rects_for_diff ... ignored, 차분 덤프 — 수동 실행
test document_core::queries::cursor_rect::tests::issue4128_dump_partial_table_metadata ... ignored, 진단 덤프 — 수동 실행
test document_core::queries::cursor_rect::tests::issue4149_diag_fast_path_gates ... ignored, 게이트 진단 — 수동 실행
test document_core::converters::hwpx_to_hwp::tests::aift_picture_caption_paragraphs_are_adapted ... ok
test document_core::commands::text_editing::tests::test_page_break_with_default_line_spacing ... ok
test document_core::queries::cursor_rect::tests::issue4149_fast_path_parity_ktx ... ok
test document_core::queries::cursor_rect::tests::issue4149_fast_path_parity_table_saved ... ok
test document_core::commands::text_editing::tests::test_line_count_per_page_varies_by_spacing ... ok
test document_core::queries::cursor_rect::tests::mid_line_x_resolves_to_mid_line_offset_not_start_or_end ... ok
test document_core::queries::cursor_rect::tests::outside_line_clamps_to_start_and_end ... ok
test document_core::queries::cursor_rect::tests::probe_2021_cursor_rect_by_path_cold_cost ... ignored, 계측 프로브 — 수동 실행
test document_core::queries::extract_data::tests::ambiguous_date_shapes_are_not_extracted ... ok
test document_core::queries::extract_data::tests::amount_prefix_is_not_a_syllable_of_another_word ... ok
test document_core::queries::extract_data::tests::amounts_in_real_notations ... ok
test document_core::queries::extract_data::tests::bullets_and_ranges_are_not_signs ... ok
test document_core::queries::extract_data::tests::char_offsets_are_character_based ... ok
test document_core::queries::extract_data::tests::compound_amounts_sum_by_descending_scale ... ok
test document_core::queries::extract_data::tests::currency_symbols_and_foreign_currency ... ok
test document_core::queries::extract_data::tests::dates_in_real_notations ... ok
test document_core::queries::extract_data::tests::direction_arrows_are_not_signs ... ok
test document_core::queries::extract_data::tests::hangul_unit_must_be_adjacent ... ok
test document_core::queries::extract_data::tests::invalid_dates_are_rejected ... ok
test document_core::queries::extract_data::tests::items_do_not_overlap ... ok
test document_core::queries::extract_data::tests::korean_and_hanja_numeral_amounts_are_raw_only ... ok
test document_core::queries::extract_data::tests::latin_unit_needs_a_boundary ... ok
test document_core::queries::extract_data::tests::long_digit_runs_do_not_blow_up ... ok
test document_core::queries::extract_data::tests::malformed_compound_amounts_are_not_guessed ... ok
test document_core::queries::extract_data::tests::measurement_units_are_recognized ... ok
test document_core::queries::extract_data::tests::more_date_notations ... ok
test document_core::queries::extract_data::tests::negative_markers_flip_the_sign ... ok
test document_core::queries::extract_data::tests::parentheses_are_not_read_as_a_minus ... ok
test document_core::queries::extract_data::tests::quantities_carry_a_unit ... ok
test document_core::queries::extract_data::tests::two_digit_year_is_not_guessed ... ok
test document_core::queries::field_query::tests::cursor_model_top_pos_skips_anchored_controls ... ok
test document_core::queries::field_query::tests::list_ids_run_depth_first_from_two ... ok
test document_core::queries::field_query::tests::para_bounds_never_start_past_end ... ok
test document_core::queries::field_query::tests::rebuild_after_set_field_creates_serializable_gap ... ok
test document_core::queries::field_query::tests::rebuild_field_at_start_no_double_count ... ok
test document_core::queries::field_query::tests::rebuild_preserves_mid_text_field_begin_gap ... ok
test document_core::queries::field_query::tests::remove_field_at_in_cell_invalidates_raw_stream ... ok
test document_core::queries::field_query::tests::remove_field_at_invalidates_raw_stream ... ok
test document_core::queries::field_query::tests::rename_field_missing_name_changes_nothing ... ok
test document_core::queries::field_query::tests::rename_field_renames_cell_field ... ok
test document_core::queries::field_query::tests::rename_field_renames_every_occurrence ... ok
test document_core::queries::field_query::tests::rename_field_rewrites_click_here_ctrl_data ... ok
test document_core::queries::field_query::tests::set_cell_field_text_updates_text_metadata ... ok
test document_core::queries::field_query::tests::tab_occupies_eight_stream_units ... ok
test document_core::queries::form_query::tests::set_form_value_in_cell_invalidates_section_raw_stream ... ok
test document_core::queries::form_query::tests::set_form_value_invalidates_section_raw_stream ... ok
test document_core::queries::grep::tests::grep_finds_equation_script ... ok
test document_core::queries::hidden_text::tests::auto_color_is_never_judged_same_as_background ... ok
test document_core::queries::hidden_text::tests::black_shade_sentinel_is_not_a_black_background ... ok
test document_core::queries::hidden_text::tests::black_text_on_white_page_is_clean ... ok
test document_core::queries::hidden_text::tests::control_chars_are_excluded_from_excerpt ... ok
test document_core::queries::hidden_text::tests::default_relative_sizes_can_never_cause_a_zero_size_misjudgment ... ok
test document_core::queries::hidden_text::tests::effective_size_ignores_relative_sizes_like_the_renderer_does ... ok
test document_core::queries::hidden_text::tests::excerpt_is_capped_and_reports_true_length ... ok
test document_core::queries::hidden_text::tests::hex_follows_bgr_layout ... ok
test document_core::queries::hidden_text::tests::text_equal_to_char_shade_is_caught_regardless_of_page ... ok
test document_core::queries::hidden_text::tests::tiny_and_zero_sizes_are_separated ... ok
test document_core::queries::hidden_text::tests::white_shade_sentinel_is_not_a_white_background ... ok
test document_core::queries::hidden_text::tests::white_text_on_dark_cell_is_visible ... ok
test document_core::queries::hidden_text::tests::white_text_on_unknown_background_is_not_judged ... ok
test document_core::queries::hidden_text::tests::white_text_on_white_page_is_caught ... ok
test document_core::queries::hidden_text::tests::whitespace_only_run_is_dropped ... ok
test document_core::queries::hwpctrl_sets::tests::missing_cursor_gives_empty_set ... ok
test document_core::queries::hwpctrl_sets::tests::para_shape_set_uses_hwp_codes ... ok
test document_core::queries::hwpctrl_sets::tests::text_file_formats_keep_distinct_encoding_contracts ... ok
test document_core::queries::hwpctrl_sets::tests::z_order::bring_to_front_pushes_the_rest_down ... ok
test document_core::queries::hwpctrl_sets::tests::z_order::flip_matrix_follows_the_measured_formula ... ok
test document_core::queries::hwpctrl_sets::tests::z_order::one_step_swaps_with_the_neighbour ... ok
test document_core::queries::hwpctrl_sets::tests::z_order::resize_settles_the_shape_component_too ... ok
test document_core::queries::hwpctrl_sets::tests::z_order::send_to_back_pulls_the_rest_up ... ok
test document_core::queries::hwpctrl_sets::tests::z_order::text_wrap_modes_do_not_touch_the_order ... ok
test document_core::queries::injection_scan::tests::bracket_system_is_not_a_delimiter ... ok
test document_core::queries::injection_scan::tests::caption_scope_label_and_gating_are_stable ... ok
test document_core::queries::injection_scan::tests::confidence_ordering_is_low_medium_high ... ok
test document_core::queries::injection_scan::tests::detects_authority_claim_english ... ok
test document_core::queries::injection_scan::tests::detects_authority_claim_korean ... ok
test document_core::queries::injection_scan::tests::detects_delimiter_break ... ok
test document_core::queries::injection_scan::tests::detects_exfiltration_hint ... ok
test document_core::queries::injection_scan::tests::detects_instruction_override_english ... ok
test document_core::queries::injection_scan::tests::detects_instruction_override_korean ... ok
test document_core::queries::injection_scan::tests::detects_role_impersonation_line_label ... ok
test document_core::queries::injection_scan::tests::detects_role_impersonation_token ... ok
test document_core::queries::injection_scan::tests::detects_tool_directive ... ok
test document_core::queries::injection_scan::tests::drawing_shape_caption_paragraphs_are_scanned ... ok
test document_core::queries::injection_scan::tests::empty_tool_registry_disables_only_that_axis ... ok
test document_core::queries::injection_scan::tests::equation_backticks_are_spaces_not_code_fences ... ok
test document_core::queries::injection_scan::tests::every_shape_variant_with_a_caption_is_scanned ... ok
test document_core::queries::injection_scan::tests::every_signal_carries_a_reason ... ok
test document_core::queries::injection_scan::tests::excerpt_is_capped ... ok
test document_core::queries::injection_scan::tests::field_memo_paragraphs_are_scanned_only_with_include_fields ... ok
test document_core::queries::injection_scan::tests::group_shape_caption_paragraphs_are_scanned ... ok
test document_core::commands::text_editing::tests::test_page_break_with_mixed_line_spacing ... ok
test document_core::queries::cursor_rect::tests::issue4128_cell_position_pages_subset_and_small ... ok
test document_core::queries::injection_scan::tests::instruction_override_search_is_linear_not_quadratic ... ok
test document_core::queries::injection_scan::tests::kind_confidence_table_matches_spec ... ok
test document_core::queries::injection_scan::tests::picture_caption_paragraphs_are_scanned ... ok
test document_core::queries::injection_scan::tests::plain_korean_office_text_is_clean ... ok
test document_core::queries::injection_scan::tests::short_latin_cues_respect_word_boundaries ... ok
test document_core::queries::injection_scan::tests::system_prompt_transcript_in_a_technical_manual_is_clean ... ok
test document_core::queries::injection_scan::tests::table_caption_paragraphs_are_scanned ... ok
test document_core::queries::injection_scan::tests::tool_name_without_imperative_is_not_flagged ... ok
test document_core::queries::navigation::tests::nested_table_number_paragraph_advances_counter ... ok
test document_core::queries::navigation::tests::table_cell_number_paragraph_advances_counter_without_being_listed ... ok
test document_core::queries::navigation::tests::table_cell_outline_paragraph_is_counted_but_not_listed ... ok
test document_core::queries::navigation::tests::uses_outline_metadata_and_not_text_prefixes ... ok
test document_core::queries::pii_scan::tests::card_accepted_shapes ... ok
test document_core::queries::pii_scan::tests::email_rules ... ok
test document_core::queries::pii_scan::tests::impossible_birth_date_is_not_detected ... ok
test document_core::queries::pii_scan::tests::invalid_ssn_checksum_is_not_detected ... ok
test document_core::queries::pii_scan::tests::kind_filter_is_respected ... ok
test document_core::queries::pii_scan::tests::leap_day_birth_date_is_accepted ... ok
test document_core::queries::pii_scan::tests::longer_digit_run_is_not_sliced ... ok
test document_core::queries::pii_scan::tests::mask_preserves_length ... ok
test document_core::queries::pii_scan::tests::mixed_separators_are_not_a_card ... ok
test document_core::queries::pii_scan::tests::non_luhn_card_is_not_detected ... ok
test document_core::queries::pii_scan::tests::out_of_range_gender_code_is_not_detected ... ok
test document_core::queries::pii_scan::tests::phone_respects_digit_boundaries ... ok
test document_core::queries::pii_scan::tests::phone_rules ... ok
test document_core::queries::pii_scan::tests::thirteen_digit_card_is_out_of_scope_by_design ... ok
test document_core::queries::pii_scan::tests::valid_ssn_is_detected ... ok
test document_core::queries::injection_scan::tests::injection_excerpt_build_is_linear_not_quadratic ... ok
test document_core::queries::rendering::tests::build_page_render_tree_exposes_public_page_tree ... ok
test document_core::queries::rendering::tests::embedded_font_loading_enforces_per_page_cumulative_limit ... ok
test document_core::queries::rendering::tests::get_bin_data_returns_zero_based_content_slice ... ok
test document_core::queries::rendering::tests::embedded_font_loading_rejects_oversized_lazy_data_without_unbounded_load ... ok
test document_core::queries::rendering::tests::inject_png_phys_inserts_after_ihdr ... ok
test document_core::queries::rendering::tests::issue3137_focused_partial_repaint_rejects_extended_ink_styles ... ok
test document_core::queries::rendering::tests::issue3137_focused_partial_repaint_rejects_unsafe_justify_and_extra_spacing ... ok
test document_core::queries::rendering::tests::issue_2308_document_core_remains_send ... ok
test document_core::queries::rendering::tests::issue_2308_edit_paths_use_explicit_revision_keys ... ok
test document_core::queries::rendering::tests::hwpx_font_native_fixture_reaches_public_layer_export ... ok
test document_core::queries::rendering::tests::markdown_table_paragraph_preserves_equation_script ... ok
test document_core::queries::rendering::tests::master_page_selection_uses_final_carried_page_number_parity ... ok
test document_core::queries::rendering::tests::missing_even_master_page_inherits_previous_even_master ... ok
test document_core::queries::rendering::tests::normal_page_layer_export_selects_verified_embedded_bitmap_glyph_sidecar ... ok
test document_core::queries::rendering::tests::page_border_fill_api_updates_basis_spacing_and_border ... ok
test document_core::queries::rendering::tests::issue_2308_stable_compat_projection_reuses_arc_identity ... ok
test document_core::queries::rendering::tests::png_crc32_known_value ... ok
test document_core::queries::rendering::tests::print_profile_suppresses_interactive_output_options_without_mutating_state ... ok
test document_core::queries::cursor_rect::tests::issue4149_fast_path_giant_cell_warm_avoids_page_tree_builds ... ok
test document_core::queries::rendering::tests::single_base_master_page_applies_when_matching_parity_is_absent ... ok
test document_core::queries::rendering::tests::task1280_v2_control_layout_exposes_plane_z_order_stable_index ... ok
test document_core::queries::rendering::tests::task1612_hwp_used_height_is_per_page_not_cumulative ... ok
test document_core::queries::rendering::tests::vlm_target_constraints_are_sane ... ok
test document_core::queries::rendering::tests::vlm_target_from_str_all_variants ... ok
test document_core::queries::search_query::tests::find_in_text_case_insensitive ... ok
test document_core::queries::search_query::tests::find_in_text_case_sensitive ... ok
test document_core::queries::search_query::tests::find_in_text_empty_inputs ... ok
test document_core::queries::search_query::tests::find_in_text_korean ... ok
test document_core::queries::search_query::tests::find_in_text_multiple_matches ... ok
test document_core::queries::search_query::tests::ignore_case_returns_original_char_offset_after_unicode_lowercase_expansion ... ok
test document_core::queries::injection_scan::tests::pathological_input_finishes_fast ... ok
test document_core::queries::search_query::tests::replace_all_updates_equation_scripts_and_reports_actual_count ... ok
test document_core::queries::stego_scan::tests::from_filter_roundtrips ... ok
test document_core::queries::stego_scan::tests::homoglyph_in_latin_word_is_flagged_and_normalized ... ok
test document_core::queries::stego_scan::tests::kind_filter_isolates_axis ... ok
test document_core::queries::stego_scan::tests::legitimate_uses_are_never_touched ... ok
test document_core::queries::stego_scan::tests::mixed_tab_space_interior_run_is_flagged ... ok
test document_core::queries::stego_scan::tests::pure_cyrillic_word_is_not_a_homoglyph ... ok
test document_core::queries::stego_scan::tests::sanitize_is_idempotent ... ok
test document_core::queries::stego_scan::tests::sanitize_removes_planted_marks_and_rescan_is_clean ... ok
test document_core::queries::stego_scan::tests::short_trailing_whitespace_and_tab_are_not_flagged ... ok
test document_core::queries::stego_scan::tests::single_stray_zero_width_is_low ... ok
test document_core::queries::stego_scan::tests::tag_characters_are_decoded_and_high ... ok
test document_core::queries::stego_scan::tests::trailing_whitespace_is_flagged_and_trimmed ... ok
test document_core::queries::stego_scan::tests::zero_width_bit_channel_is_decoded_to_ascii ... ok
test document_core::queries::structure::tests::calendar_date_gate_checks_shape_and_ranges ... ok
test document_core::queries::structure::tests::clause_builds_variant_hierarchy_with_parent_context ... ok
test document_core::queries::structure::tests::clause_detects_jo_hang_ho_mok ... ok
test document_core::queries::structure::tests::clause_ignores_plain_text ... ok
test document_core::queries::structure::tests::clause_marker_extracted ... ok
test document_core::queries::structure::tests::clause_marker_keeps_variant_number_for_every_unit ... ok
test document_core::queries::structure::tests::clause_rejects_standalone_number_candidates ... ok
test document_core::queries::structure::tests::compound_number_gate_requires_a_dotted_marker ... ok
test document_core::queries::table_csv::tests::bom_is_stripped ... ok
test document_core::queries::table_csv::tests::empty_fields_are_kept ... ok
test document_core::queries::table_csv::tests::empty_input_is_zero_records ... ok
test document_core::queries::table_csv::tests::garbage_after_closing_quote_is_an_error ... ok
test document_core::queries::table_csv::tests::quotes_only_when_needed ... ok
test document_core::queries::table_csv::tests::round_trip_preserves_special_characters ... ok
test document_core::queries::table_csv::tests::trailing_separator_does_not_add_a_record ... ok
test document_core::queries::table_csv::tests::unterminated_quote_is_an_error ... ok
test document_core::queries::threat_scan::tests::executable_magic_detects_pe_elf_macho ... ok
test document_core::queries::threat_scan::tests::looks_remote_flags_url_and_unc_only ... ok
test document_core::queries::threat_scan::tests::record_overrun_is_flagged_and_clean_stream_is_not ... ok
test document_core::queries::threat_scan::tests::unknown_format_scans_nothing ... ok
test document_core::table_calc::evaluator::tests::test_abs_sqrt ... ok
test document_core::table_calc::evaluator::tests::test_arithmetic ... ok
test document_core::table_calc::evaluator::tests::test_avg ... ok
test document_core::table_calc::evaluator::tests::test_cell_ref ... ok
test document_core::table_calc::evaluator::tests::test_complex_formula ... ok
test document_core::table_calc::evaluator::tests::test_div_by_zero ... ok
test document_core::table_calc::evaluator::tests::test_if_function ... ok
test document_core::table_calc::evaluator::tests::test_literal ... ok
test document_core::table_calc::evaluator::tests::test_min_max ... ok
test document_core::table_calc::evaluator::tests::test_mod_function ... ok
test document_core::table_calc::evaluator::tests::test_nested_function ... ok
test document_core::table_calc::evaluator::tests::test_product ... ok
test document_core::table_calc::evaluator::tests::test_row_zero_is_not_wildcard ... ok
test document_core::table_calc::evaluator::tests::test_sum_direction ... ok
test document_core::table_calc::evaluator::tests::test_sum_range ... ok
test document_core::table_calc::parser::tests::test_cell_add ... ok
test document_core::table_calc::parser::tests::test_function_direction ... ok
test document_core::table_calc::parser::tests::test_function_sum_range ... ok
test document_core::table_calc::parser::tests::test_negate ... ok
test document_core::table_calc::parser::tests::test_nested_function ... ok
test document_core::table_calc::parser::tests::test_precedence ... ok
test document_core::table_calc::parser::tests::test_simple_add ... ok
test document_core::table_calc::tokenizer::tests::test_at_prefix ... ok
test document_core::table_calc::tokenizer::tests::test_cell_ref ... ok
test document_core::table_calc::tokenizer::tests::test_complex_formula ... ok
test document_core::table_calc::tokenizer::tests::test_direction ... ok
test document_core::table_calc::tokenizer::tests::test_function_call ... ok
test document_core::table_calc::tokenizer::tests::test_simple_number ... ok
test document_core::table_calc::tokenizer::tests::test_wildcard ... ok
test document_core::text_security::tests::all_hangul_document_is_quiet ... ok
test document_core::text_security::tests::ansi_escape_is_flagged ... ok
test document_core::text_security::tests::bidi_and_invisible_in_free_text ... ok
test document_core::text_security::tests::bidi_override_makes_rendered_and_raw_disagree ... ok
test document_core::text_security::tests::collisions_report_only_cross_script_twins ... ok
test document_core::text_security::tests::confusable_flags_latin_disguise_only ... ok
test document_core::text_security::tests::confusable_rendered_drops_invisible_neighbours ... ok
test document_core::text_security::tests::emoji_tag_sequence_is_not_a_finding ... ok
test document_core::text_security::tests::feff_is_a_bom_at_the_front_and_a_signal_in_the_middle ... ok
test document_core::text_security::tests::filter_names_round_trip ... ok
test document_core::text_security::tests::hangul_collision_is_reported ... ok
test document_core::text_security::tests::hangul_nfd_and_nfc_share_a_skeleton ... ok
test document_core::text_security::tests::kind_filter_actually_filters ... ok
test document_core::text_security::tests::mixed_script_name_is_flagged ... ok
test document_core::text_security::tests::nested_bidi_levels_reorder_by_run_not_by_char ... ok
test document_core::text_security::tests::ordinary_korean_text_is_clean ... ok
test document_core::text_security::tests::pure_scripts_are_not_flagged ... ok
test document_core::queries::search_query::tests::search_all_text_finds_equation_script ... ok
test document_core::text_security::tests::skeleton_folds_confusables ... ok
test document_core::text_security::tests::tag_chars_reveal_the_hidden_instruction ... ok
test document_core::text_security::tests::zero_width_next_to_hangul_pua_is_typesetting_not_deception ... ok
test document_core::text_security::tests::zero_width_run_length_grades_severity ... ok
test document_core::validation::tests::cell_path_equality ... ok
test document_core::validation::tests::report_default_is_empty ... ok
test document_core::validation::tests::summary_groups_by_kind ... ok
test document_core::validation::tests::warning_display_messages ... ok
test emf::tests::colorref_conversion_low_byte_is_red ... ok
test emf::tests::convert_to_svg_emits_rect_with_stroke_and_fill ... ok
test emf::tests::convert_to_svg_polygon_closes_shape ... ok
test emf::tests::convert_to_svg_polyline_and_ellipse ... ok
test emf::tests::convert_to_svg_text_uses_font_face_name ... ok
test emf::tests::dc_stack_save_restore_round_trip ... ok
test emf::tests::object_table_insert_get_remove ... ok
test emf::tests::parses_create_brush_indirect ... ok
test emf::tests::parses_create_pen_and_select_and_delete ... ok
test emf::tests::parses_dc_stack_and_world_transform ... ok
test emf::tests::parses_ext_create_font_indirect_w ... ok
test emf::tests::parses_ext_text_out_w_ascii ... ok
test emf::tests::parses_ext_text_out_w_korean ... ok
test emf::tests::parses_header_with_extensions ... ok
test emf::tests::parses_minimal_header_and_eof ... ok
test emf::tests::parses_path_begin_end_fill ... ok
test emf::tests::parses_polyline16_with_points ... ok
test emf::tests::parses_rectangle_and_ellipse ... ok
test emf::tests::parses_stretch_di_bits_and_emits_image ... ok
test emf::tests::parses_window_viewport_and_colors ... ok
test emf::tests::polyline16_rejects_unbounded_point_count ... ok
test emf::tests::preserves_unknown_records_as_payload ... ok
test emf::tests::rejects_bad_signature ... ok
test emf::tests::rejects_misaligned_record ... ok
test emf::tests::rejects_non_header_first_record ... ok
test emf::tests::text_xml_special_chars_are_escaped ... ok
test error::tests::parse_error_to_hwp_error_uses_display_not_debug ... ok
test model::bin_data::tests::document_snapshot_clone_shares_in_memory_bin_data ... ok
test model::bin_data::tests::legacy_loaded_and_from_vec_keep_the_vec_variant_contract ... ok
test model::bin_data::tests::limited_lazy_load_never_falls_back_to_unbounded_resolution ... ok
test model::bin_data::tests::load_raw_exposes_stored_form_only_for_container_resolvers ... ok
test model::bin_data::tests::shared_in_memory_bytes_keep_one_allocation_across_clones ... ok
test model::bin_data::tests::test_bin_data_default ... ok
test model::bin_data::tests::test_bin_data_embedding ... ok
test model::color::tests::every_no_shade_sentinel_is_recognized ... ok
test model::color::tests::opaque_rgb_rejects_any_nonzero_high_byte ... ok
test model::control::parameter_list_codec_tests::empty_list_round_trips ... ok
test model::control::parameter_list_codec_tests::is_empty_reflects_items ... ok
test model::control::parameter_list_codec_tests::issue4437_boolean_lexical_round_trips_verbatim ... ok
test model::control::parameter_list_codec_tests::render_then_parse_round_trips_the_tree ... ok
test model::control::tests::clickhere_wstring_len_counts_utf16_wchars ... ok
test model::control::tests::task1434_clickhere_command_hancom_format ... ok
test model::control::tests::task1434_command_guide_memo_roundtrip ... ok
test model::control::tests::task1434_command_has_no_name_key ... ok
test model::control::tests::task1434_set_length_excludes_trailing_space ... ok
test model::control::tests::test_control_variants ... ok
test model::control::tests::test_field_type_default ... ok
test model::control::tests::test_hyperlink ... ok
test model::document::tests::hwp3_native_layout_matches_legacy_version_and_lineage_expression ... ok
test model::document::tests::hwp3_password_layout_requires_native_hwp3_and_encrypted_origin ... ok
test model::document::tests::test_convert_to_editable_clears_distribution ... ok
test model::document::tests::test_convert_to_editable_noop_for_normal ... ok
test model::document::tests::test_document_default ... ok
test model::document::tests::test_find_or_create_char_shape_reuse ... ok
test model::document::tests::test_find_or_create_para_shape_reuse ... ok
test model::document::tests::test_hwp_version ... ok
test model::event::tests::test_serialize_event_log_empty ... ok
test model::event::tests::test_serialize_event_log_multiple ... ok
test model::event::tests::test_text_inserted_to_json ... ok
test model::footnote::tests::test_footnote_default ... ok
test model::footnote::tests::test_footnote_shape_attr_bits_follow_table_134 ... ok
test model::footnote::tests::test_footnote_shape_default ... ok
test model::header_footer::tests::test_footer_default ... ok
test model::header_footer::tests::test_header_default ... ok
test model::image::tests::test_crop_info ... ok
test model::image::tests::test_image_format_default ... ok
test model::image::tests::test_picture_default ... ok
test model::page::tests::page_areas_duplex_sided_swaps_horizontal_margins_on_even_pages ... ok
test model::page::tests::page_areas_single_sided_keeps_horizontal_margins_on_even_pages ... ok
test model::page::tests::page_areas_top_flip_keeps_left_right_margins_for_now ... ok
test model::page::tests::test_column_def_default ... ok
test model::page::tests::test_page_areas_calculation ... ok
test model::page::tests::test_page_areas_oversized_margins_fall_back ... ok
test model::page::tests::test_page_areas_zero_page_def_falls_back ... ok
test model::page::tests::test_page_def_a4 ... ok
test model::paragraph::tests::shift_for_inline_control_insert_leaves_earlier_lines_alone ... ok
test model::paragraph::tests::shift_for_inline_control_insert_moves_line_starts_too ... ok
test model::paragraph::tests::test_apply_char_shape_after_sequential_insert ... ok
test model::paragraph::tests::test_apply_char_shape_range_full ... ok
test model::paragraph::tests::test_apply_char_shape_range_left_partial ... ok
test model::paragraph::tests::test_apply_char_shape_range_merge_same_id ... ok
test model::paragraph::tests::test_apply_char_shape_range_middle ... ok
test model::paragraph::tests::test_apply_char_shape_range_multi_segment ... ok
test model::paragraph::tests::test_apply_char_shape_range_right_partial ... ok
test model::paragraph::tests::test_apply_char_shape_range_seeds_empty_shape_refs ... ok
test model::paragraph::tests::test_char_shape_id_at ... ok
test model::paragraph::tests::test_column_break_type ... ok
test model::paragraph::tests::test_control_text_positions_empty ... ok
test model::paragraph::tests::test_control_text_positions_gap_before ... ok
test model::paragraph::tests::test_control_text_positions_gap_between_chars ... ok
test model::paragraph::tests::test_control_text_positions_no_offsets_inline_sequential ... ok
test model::paragraph::tests::test_control_text_positions_no_offsets_non_inline_skipped ... ok
test model::paragraph::tests::test_control_text_positions_surrogate_pair_char_width ... ok
test model::paragraph::tests::test_control_utf16_positions_reconstructs_a_shared_control_gap ... ok
test model::paragraph::tests::test_delete_text_at_beginning ... ok
test model::paragraph::tests::test_delete_text_at_end ... ok
test model::paragraph::tests::test_delete_text_at_middle ... ok
test model::paragraph::tests::test_delete_text_char_shapes_shift ... ok
test model::paragraph::tests::test_delete_text_empty_range ... ok
test model::paragraph::tests::test_delete_text_line_segs_shift ... ok
test model::paragraph::tests::test_delete_text_preserves_right_char_shape_at_collapsed_boundary ... ok
test model::paragraph::tests::test_delete_text_to_end_keeps_leftmost_collapsed_char_shape ... ok
test model::paragraph::tests::test_insert_line_break ... ok
test model::paragraph::tests::test_insert_text_at_beginning ... ok
test model::paragraph::tests::test_insert_text_at_end ... ok
test model::paragraph::tests::test_insert_text_at_middle ... ok
test model::paragraph::tests::test_insert_text_char_shapes_shift ... ok
test model::paragraph::tests::test_insert_text_empty ... ok
test model::paragraph::tests::test_insert_text_line_segs_shift ... ok
test model::paragraph::tests::test_line_seg_flags ... ok
test model::paragraph::tests::test_merge_from_basic ... ok
test model::paragraph::tests::test_merge_from_control_then_right_half ... ok
test model::paragraph::tests::test_merge_from_ctrl_data_alignment ... ok
test model::paragraph::tests::test_merge_from_different_styles ... ok
test model::paragraph::tests::test_merge_from_empty ... ok
test model::paragraph::tests::test_merge_from_empty_text_with_control ... ok
test model::paragraph::tests::test_merge_from_field_ranges_ctrl_offset ... ok
test model::paragraph::tests::test_merge_from_text_only_control_mask_bits ... ok
test model::paragraph::tests::test_merge_from_text_with_mid_control ... ok
test model::paragraph::tests::test_merge_undo_restores_second_paragraph_meta ... ok
test model::paragraph::tests::test_paragraph_default ... ok
test model::paragraph::tests::test_split_and_merge_roundtrip ... ok
test model::paragraph::tests::test_split_at_beginning ... ok
test model::paragraph::tests::test_split_at_end ... ok
test model::paragraph::tests::test_split_at_middle ... ok
test model::paragraph::tests::test_split_at_preserves_char_shapes ... ok
test model::paragraph::tests::test_split_at_preserves_para_shape ... ok
test model::paragraph::tests::test_split_moves_field_with_range_without_consuming_visible_offset ... ok
test model::paragraph::tests::test_undo_split_moves_merged_clickhere_field_to_restored_paragraph ... ok
test model::paragraph::tests::test_utf16_pos_to_char_idx_between_offsets ... ok
test model::paragraph::tests::test_utf16_pos_to_char_idx_beyond_end_returns_len ... ok
test model::paragraph::tests::test_utf16_pos_to_char_idx_empty_offsets ... ok
test model::paragraph::tests::test_utf16_pos_to_char_idx_exact_match ... ok
test model::paragraph::tests::test_utf16_pos_to_char_idx_surrogate_pair_midpoint ... ok
test model::paragraph::tests::test_utf16_pos_to_char_idx_zero_returns_first ... ok
test model::path::tests::test_nested_path_construction ... ok
test model::path::tests::test_path_from_flat ... ok
test model::provenance::tests::hwp5_stored_pagination_excludes_original_hwpx ... ok
test model::raw_provenance::tests::digest_changes_when_model_changes ... ok
test model::raw_provenance::tests::digest_ignores_raw_cache_fields ... ok
test model::raw_provenance::tests::record_raw_permission_follows_seal ... ok
test model::raw_provenance::tests::sealed_raw_reuse_denied_after_model_mutation ... ok
test model::raw_provenance::tests::sealed_raw_reuse_denied_after_raw_swap ... ok
test model::raw_provenance::tests::unsealed_raw_keeps_legacy_passthrough ... ok
test model::shape::tests::test_common_obj_attr_default ... ok
test model::shape::tests::test_shape_object_line ... ok
test model::shape::tests::test_text_wrap_variants ... ok
test model::style::tests::border_width_index_fixes_coarse_bucket_regression ... ok
test model::style::tests::border_width_table_is_a_lossless_bijection ... ok
test model::style::tests::char_shape_default_matches_spec_except_base_size ... ok
test model::style::tests::test_alignment_variants ... ok
test model::style::tests::test_char_shape_default ... ok
test model::style::tests::test_fill_type ... ok
test model::table::tests::insert_column_inherits_shape_when_row_has_only_merged_cells ... ok
test model::table::tests::insert_row_inherits_shape_when_column_has_only_merged_cells ... ok
test model::table::tests::merge_preserves_layout_only_suffix_ownership_with_the_full_vector ... ok
test model::table::tests::new_cell_template_never_promotes_a_layout_only_line ... ok
test model::table::tests::paragraph_frame_owner_width_resolves_a_short_repeated_row_on_the_table_grid ... ok
test document_core::queries::rendering::tests::render_page_png_native_uses_document_core_skia_layer_path ... ok
test model::table::tests::paragraph_frame_padding_keeps_all_zero_table_boundary ... ok
test model::table::tests::test_cell_at_basic ... ok
test model::table::tests::test_cell_at_merged_span ... ok
test model::table::tests::test_cell_at_out_of_bounds ... ok
test model::table::tests::test_cell_index_at_basic ... ok
test model::table::tests::test_cell_new_empty ... ok
test model::table::tests::test_cell_span ... ok
test model::table::tests::test_delete_column_basic ... ok
test model::table::tests::test_delete_column_first ... ok
test model::table::tests::test_delete_column_last ... ok
test model::table::tests::test_delete_column_merged_cell_anchor ... ok
test model::table::tests::test_delete_column_near_u16_max_span_does_not_panic ... ok
test model::table::tests::test_delete_column_out_of_bounds ... ok
test model::table::tests::test_delete_column_single_column_error ... ok
test model::table::tests::test_delete_column_with_merged_cell ... ok
test model::table::tests::test_delete_row_basic ... ok
test model::table::tests::test_delete_row_first ... ok
test model::table::tests::test_delete_row_last ... ok
test model::table::tests::test_delete_row_merged_cell_anchor ... ok
test model::table::tests::test_delete_row_near_u16_max_span_does_not_panic ... ok
test model::table::tests::test_delete_row_out_of_bounds ... ok
test model::table::tests::test_delete_row_single_row_error ... ok
test model::table::tests::test_delete_row_with_merged_cell ... ok
test model::table::tests::test_edit_ops_rebuild_grid ... ok
test model::table::tests::test_get_column_widths ... ok
test model::table::tests::test_get_row_heights ... ok
test model::table::tests::test_insert_column_at_u16_max_rejects_without_mutation ... ok
test model::table::tests::test_insert_column_left ... ok
test model::table::tests::test_insert_column_out_of_bounds ... ok
test model::table::tests::test_insert_column_right ... ok
test model::table::tests::test_insert_column_single_column ... ok
test model::table::tests::test_insert_column_with_merged_cell ... ok
test model::table::tests::test_insert_row_above ... ok
test model::table::tests::test_insert_row_at_u16_max_rejects_without_mutation ... ok
test model::table::tests::test_insert_row_below ... ok
test model::table::tests::test_insert_row_out_of_bounds ... ok
test model::table::tests::test_insert_row_single_row ... ok
test model::table::tests::test_insert_row_with_merged_cell ... ok
test model::table::tests::test_leading_header_rows_contiguous_multi ... ok
test model::table::tests::test_leading_header_rows_none_and_all ... ok
test model::table::tests::test_leading_header_rows_rowspan_header ... ok
test model::table::tests::test_leading_header_rows_scattered_body_headers ... ok
test model::table::tests::test_merge_cells_2x2_full ... ok
test model::table::tests::test_merge_cells_invalid_range ... ok
test model::table::tests::test_merge_cells_overlapping_span ... ok
test model::table::tests::test_merge_cells_partial_column ... ok
test model::table::tests::test_merge_cells_partial_row ... ok
test model::table::tests::test_merge_cells_zero_span_cell_does_not_panic ... ok
test model::table::tests::test_rebuild_grid_basic ... ok
test model::table::tests::test_rebuild_grid_merged ... ok
test model::table::tests::test_set_column_widths_basic ... ok
test model::table::tests::test_set_column_widths_merged_cell ... ok
test model::table::tests::test_set_column_widths_wrong_len ... ok
test model::table::tests::test_split_cell_2x2_full ... ok
test model::table::tests::test_split_cell_into_1x2 ... ok
test model::table::tests::test_split_cell_into_2x1 ... ok
test model::table::tests::test_split_cell_into_2x2 ... ok
test model::table::tests::test_split_cell_into_merged_merge_first ... ok
test model::table::tests::test_split_cell_into_noop ... ok
test model::table::tests::test_split_cell_into_rejects_table_count_overflow_without_mutation ... ok
test model::table::tests::test_split_cell_into_width_distribution ... ok
test model::table::tests::test_split_cell_not_merged ... ok
test model::table::tests::test_split_cell_overflowing_span_is_rejected_without_mutation ... ok
test model::table::tests::test_split_cell_partial_column ... ok
test model::table::tests::test_split_cell_partial_row ... ok
test model::table::tests::test_split_cell_width_distribution ... ok
test model::table::tests::test_split_cell_zero_span_cell_does_not_panic ... ok
test model::table::tests::test_split_cells_in_range_2x2_into_1x2 ... ok
test model::table::tests::test_split_cells_in_range_single_cell ... ok
test model::table::tests::test_table_default ... ok
test model::table::tests::test_transpose_copy_paste_4x2_to_2x4 ... ok
test model::table::tests::test_transpose_full_table_in_place_4x2_to_2x4 ... ok
test model::table::tests::test_transpose_paste_out_of_bounds_fails ... ok
test model::table::tests::test_transpose_rejects_merged_cells ... ok
test model::tests::test_colorref_format ... ok
test model::tests::test_rect_dimensions ... ok
test ole_chart::grid::tests::ascii_labels_with_odd_length_cp949_half_are_decoded ... ok
test ole_chart::grid::tests::decimal_values_are_read ... ok
test ole_chart::grid::tests::declared_counts_that_disagree_with_the_dimensions_are_rejected ... ok
test ole_chart::grid::tests::degenerate_dimensions_are_rejected ... ok
test ole_chart::grid::tests::empty_data_cells_are_accepted ... ok
test ole_chart::grid::tests::grid_window_starts_after_datagrid_declaration ... ok
test ole_chart::grid::tests::missing_marker_is_rejected ... ok
test ole_chart::grid::tests::numbers_in_the_label_band_are_rejected ... ok
test ole_chart::grid::tests::oversized_declared_dimensions_do_not_preallocate_cells ... ok
test ole_chart::grid::tests::prologue_mismatch_is_rejected ... ok
test ole_chart::grid::tests::reads_dimensions_and_places_cells_row_major ... ok
test ole_chart::grid::tests::single_cell_grid_is_read ... ok
test ole_chart::grid::tests::value_offsets_round_trip_to_the_bytes ... ok
test ole_chart::grid::tests::values_outside_the_window_are_ignored ... ok
test ole_chart::grid::tests::zero_negative_and_fractional_values_are_read ... ok
test ole_chart::ir::tests::serializes_renderer_neutral_ir_payload ... ok
test ole_chart::ir::tests::serializes_renderer_neutral_ir_payload_as_base64 ... ok
test ole_chart::orientation::tests::both_axes_echoed_is_inconclusive ... ok
test ole_chart::orientation::tests::column_labels_echoed_decides_columns ... ok
test ole_chart::orientation::tests::no_echo_is_inconclusive ... ok
test ole_chart::orientation::tests::partial_echo_on_the_other_axis_does_not_block ... ok
test ole_chart::orientation::tests::row_labels_echoed_decides_rows ... ok
test ole_chart::orientation::tests::single_data_row_ignores_column_echo ... ok
test ole_chart::parser::tests::legacy_grid_reads_values_the_old_filter_rejected ... ok
test ole_chart::parser::tests::legacy_text_payload_decodes_cp949_until_null_pair ... ok
test ole_chart::parser::tests::legacy_text_payload_normalizes_full_width_spaces ... ok
test ole_chart::parser::tests::numeric_labels_do_not_collapse_series_and_categories ... ok
test ole_chart::parser::tests::probe_detects_legacy_hwp_chart_contents_shape ... ok
test ole_chart::parser::tests::probe_detects_legacy_hwp_chart_object_markers ... ok
test ole_chart::parser::tests::probe_rejects_empty_contents ... ok
test ole_chart::parser::tests::probe_rejects_too_short_contents ... ok
test ole_chart::svg_renderer::tests::renders_standalone_svg ... ok
test ole_chart::svg_renderer::tests::renders_svg_fragment ... ok
test paint::builder::tests::builder_keeps_oversized_compact_image_unresolved ... ok
test paint::builder::tests::builds_body_clip_layer ... ok
test paint::builder::tests::builds_textbox_clip_layer ... ok
test paint::builder::tests::copies_render_layer_metadata_to_layer_node ... ok
test paint::builder::tests::either_view_option_preserves_legacy_text_mark_union_semantics ... ok
test paint::builder::tests::excludes_editor_only_nodes_from_print_profile ... ok
test paint::builder::tests::lowers_all_leaf_variants_to_explicit_paint_ops ... ok
test paint::builder::tests::lowers_space_and_tab_control_marks_without_an_end_marker ... ok
test paint::builder::tests::lowers_text_special_visuals_to_external_paint_ops ... ok
test paint::builder::tests::normal_builder_export_keeps_text_fallback_and_font_native_sidecar_resources ... ok
test paint::builder::tests::overlap_runs_do_not_gain_normal_text_decorations_or_tab_leaders ... ok
test paint::builder::tests::preserves_leaf_node_children_after_own_paint_op ... ok
test paint::builder::tests::preserves_leaf_payloads ... ok
test paint::builder::tests::preserves_structural_groups_and_clips_for_backend_replay ... ok
test paint::font::tests::font_portability_maps_to_replay_eligibility ... ok
test paint::font_glyph::tests::bitmap_lowering_fails_closed_without_png_strike_or_deterministic_options ... ok
test paint::font_glyph::tests::bitmap_lowering_rejects_oversized_png_header_before_decode ... ok
test paint::font_glyph::tests::collection_face_resolution_requires_one_exact_family_match ... ok
test paint::font_glyph::tests::lowering_matches_char_shape_and_language_instead_of_css_family ... ok
test paint::font_glyph::tests::lowering_preserves_exact_nonzero_collection_face_identity ... ok
test paint::font_glyph::tests::lowers_font_native_png_strike_into_strict_bitmap_payload ... ok
test paint::font_glyph::tests::lowers_font_native_static_svg_into_strict_vector_payload ... ok
test paint::font_glyph::tests::nominal_glyph_replay_scalar_is_fail_closed_by_script_and_category ... ok
test paint::font_glyph::tests::normal_lowering_enforces_page_sidecar_budget ... ok
test paint::font_glyph::tests::normal_lowering_keeps_text_fallback_for_unrepresented_run_styles ... ok
test paint::font_glyph::tests::oversized_source_font_is_rejected_before_parsing_or_interning ... ok
test paint::font_glyph::tests::png_dimensions_rejects_non_ihdr_and_reports_encoded_size ... ok
test paint::font_glyph::tests::portable_glyph_lowering_prepares_each_embedded_face_once ... ok
test paint::font_glyph::tests::portable_glyph_lowering_rejects_shaping_required_text ... ok
test paint::font_glyph::tests::producer_errors_have_stable_diagnostic_names ... ok
test paint::font_glyph::tests::svg_lowering_rejects_malformed_static_markup ... ok
test paint::font_glyph::tests::svg_lowering_rejects_shared_documents_until_glyph_selection_is_implemented ... ok
test paint::font_glyph::tests::svg_lowering_rejects_unsafe_font_document_without_interning_it ... ok
test paint::json::image_bytes_mode_tests::issue_3315_inline_mode_marks_no_op_as_omitted ... ok
test paint::json::image_bytes_mode_tests::issue_3315_top_level_image_bytes_is_the_requested_mode_not_a_per_op_guarantee ... ok
test document_core::queries::rendering::tests::page_border_fill_sample_basis_matches_hancom_ui ... ok
test paint::json::tests::decoration_uses_display_positions_and_script_metrics ... ok
test paint::json::tests::image_bytes_survive_json_round_trip_for_every_byte_value ... ok
test paint::json::tests::known_text_features_are_unique ... ok
test paint::json::tests::serializes_advanced_glyph_outline_payload_gate_metadata ... ok
test paint::json::tests::serializes_backend_replay_payload_fields ... ok
test paint::json::tests::serializes_bitmap_and_svg_glyph_payload_resource_keys ... ok
test paint::json::tests::serializes_display_text_for_pua_text_run ... ok
test paint::json::tests::serializes_empty_display_positions_for_hidden_pua_filler ... ok
test paint::json::tests::serializes_external_text_visual_ops_as_additive_features ... ok
test paint::json::tests::serializes_glyph_outline_variant_with_strict_sidecar_contract ... ok
test paint::json::tests::serializes_layer_node_metadata ... ok
test paint::json::tests::serializes_layer_option_metadata ... ok
test paint::json::tests::serializes_optional_glyph_run_variant_with_text_run_fallback ... ok
test paint::json::tests::serializes_positioned_space_tab_and_line_break_control_marks ... ok
test paint::json::tests::serializes_strict_glyph_run_variant_when_font_resources_are_proven ... ok
test paint::json::tests::serializes_text_and_shape_ops_for_browser_replay ... ok
test paint::json::tests::serializes_textbox_clip_kind ... ok
test paint::layer_tree::tests::collection_descends_through_group_and_clip_rect ... ok
test paint::layer_tree::tests::entry_ids_are_sequential_collection_indices ... ok
test paint::layer_tree::tests::paragraph_end_annotation_offsets_follow_their_own_units ... ok
test paint::layer_tree::tests::stable_source_key_requires_section_and_para_index ... ok
test paint::layer_tree::tests::tree_without_text_runs_yields_empty_table ... ok
test paint::layer_tree::tests::utf8_and_utf16_ranges_diverge_for_korean_and_emoji ... ok
test paint::paint_op::tests::graph_linear_gradient_geometry_and_stops_change_the_resource_key ... ok
test paint::paint_op::tests::graph_node_without_paint_differs_from_one_with_paint ... ok
test paint::paint_op::tests::graph_solid_path_fill_changes_the_resource_key ... ok
test paint::paint_op::tests::graph_solid_path_geometry_changes_the_resource_key ... ok
test paint::paint_op::tests::identical_graphs_share_one_key ... ok
test paint::paint_op::tests::identical_payloads_share_one_key ... ok
test paint::paint_op::tests::layer_fill_color_changes_the_resource_key ... ok
test paint::paint_op::tests::layer_opacity_fill_rule_color_and_transform_change_the_resource_key ... ok
test paint::paint_op::tests::layer_path_commands_change_the_resource_key ... ok
test paint::paint_op::tests::layers_are_keyed_even_when_a_paint_graph_is_present ... ok
test paint::profile::tests::editor_visuals_are_limited_to_interactive_profiles ... ok
test paint::profile::tests::parses_api_and_cli_profile_names ... ok
test paint::replay_order::tests::behind_text_image_replays_before_flow ... ok
test paint::replay_order::tests::in_front_of_text_image_replays_after_flow ... ok
test paint::replay_order::tests::layer_node_replay_plane_scan_descends_groups ... ok
test paint::replay_order::tests::layer_node_replay_plane_scan_honors_inherited_layer_metadata ... ok
test paint::replay_order::tests::non_layered_ops_replay_on_flow_plane ... ok
test paint::replay_order::tests::ordered_planes_match_hwp_z_order_contract ... ok
test paint::replay_order::tests::page_background_replays_on_background_plane ... ok
test paint::replay_order::tests::render_layer_metadata_overrides_non_image_paint_ops ... ok
test paint::resources::tests::interns_duplicate_resources_once ... ok
test paint::resources::tests::resolves_font_blob_bytes_by_versioned_resource_ref ... ok
test paint::resources::tests::resource_digest_is_stable_and_content_dependent ... ok
test paint::resources::tests::resource_keys_include_kind_algorithm_length_and_digest ... ok
test paint::resources::tests::source_image_key_changes_only_when_jpeg_base64_is_baked ... ok
test paint::schema::tests::layer_tree_schema_constants_match_schema ... ok
test paint::text_shape::tests::diagnostics_only_lowerer_never_emits_public_glyph_runs ... ok
test paint::text_shape::tests::font_resolution_without_shaping_proof_never_emits_public_glyph_runs ... ok
test paint::text_shape::tests::lowerer_does_not_duplicate_existing_glyph_run_sidecars ... ok
test paint::text_shape::tests::lowerer_emits_public_glyph_run_only_from_exportable_shaped_data ... ok
test paint::text_shape::tests::lowerer_keeps_text_fallback_when_glyph_run_effects_are_not_fill_only ... ok
test paint::text_v2::tests::exact_collection_face_is_strict_only_when_the_face_exists ... ok
test paint::text_v2::tests::glyph_outline_producer_diagnostic_reason_takes_priority_over_payload_reason ... ok
test paint::text_v2::tests::keeps_line_break_risk_report_only_when_strict_variant_exists ... ok
test paint::text_v2::tests::producer_diagnostic_reason_takes_priority_across_variant_parts ... ok
test paint::text_v2::tests::producer_diagnostic_reason_takes_priority_over_authority_pending_reason ... ok
test paint::text_v2::tests::rejects_fallback_free_profile_when_only_some_parts_are_strict ... ok
test paint::text_v2::tests::rejects_fallback_free_profile_without_font_resource_proof ... ok
test paint::text_v2::tests::rejects_fallback_free_profile_without_strict_variant ... ok
test paint::text_v2::tests::reports_glyph_outline_fallback_reason_when_payload_is_not_strict ... ok
test paint::text_v2::tests::reports_glyph_transform_as_authority_pending ... ok
test paint::text_v2::tests::reports_line_break_risk_context_for_complex_text_runs ... ok
test paint::text_v2::tests::reports_mixed_per_glyph_as_authority_pending ... ok
test paint::text_v2::tests::reports_p42_strict_shape_authority_as_pending ... ok
test paint::text_v2::tests::reports_strict_glyph_outline_slot_without_validation_errors ... ok
test paint::text_v2::tests::reports_strict_glyph_slot_without_validation_errors ... ok
test paint::text_v2::tests::reports_vertical_glyph_orientation_as_authority_pending ... ok
test paint::text_v2::tests::resource_glyph_fallback_reason_is_not_masked_by_empty_paths ... ok
test paint::text_v2::tests::serializes_requested_profile_without_default_profile_fallback ... ok
test paint::json::tests::bounds_positioned_control_mark_export_and_reports_truncation ... ok
test paint::text_variants::tests::accepts_glyph_outline_sidecar_anchored_to_same_slot ... ok
test paint::text_variants::tests::accepts_variant_set_inside_one_leaf ... ok
test paint::text_variants::tests::rejects_cross_leaf_variant_group ... ok
test paint::text_variants::tests::rejects_glyph_outline_anchored_to_different_slot ... ok
test paint::text_variants::tests::rejects_glyph_outline_without_anchor ... ok
test paint::text_variants::tests::rejects_incomplete_variant_parts ... ok
test paint::text_variants::tests::rejects_mixed_glyph_outline_payload_family ... ok
test paint::text_variants::tests::rejects_variant_group_without_default_fallback ... ok
test parser::bin_data::tests::test_bin_data_content ... ok
test parser::bin_data::tests::test_bin_data_storage_name ... ok
test parser::body_text::tests::field_closed_in_its_own_paragraph_is_not_left_open ... ok
test parser::body_text::tests::hancom_single_odd_master_flag_is_not_parsed_as_both ... ok
test parser::body_text::tests::nested_table_recursion_is_depth_capped ... ok
test parser::body_text::tests::orphan_field_end_is_preserved_as_a_slot ... ok
test parser::body_text::tests::orphan_field_end_links_to_the_open_field_id ... ok
test parser::body_text::tests::shallow_table_nesting_is_preserved ... ok
test parser::body_text::tests::test_is_extended_ctrl_char ... ok
test parser::body_text::tests::test_lineseg_field_semantics ... ok
test parser::body_text::tests::test_parse_empty_section ... ok
test parser::body_text::tests::test_parse_page_border_fill ... ok
test parser::body_text::tests::test_parse_page_def ... ok
test parser::body_text::tests::test_parse_page_def_landscape ... ok
test parser::body_text::tests::test_parse_para_char_shape ... ok
test parser::body_text::tests::test_parse_para_header_fields ... ok
test parser::body_text::tests::test_parse_para_line_seg ... ok
test parser::body_text::tests::test_parse_para_range_tag ... ok
test parser::body_text::tests::test_parse_para_text_empty ... ok
test parser::body_text::tests::test_parse_para_text_korean ... ok
test paint::text_v2::tests::strict_font_proof_rejects_invalid_or_oversized_face_data ... ok
test parser::body_text::tests::test_parse_para_text_with_extended_ctrl ... ok
test parser::body_text::tests::test_parse_para_text_with_tab ... ok
test parser::body_text::tests::test_parse_section_multiple_paragraphs ... ok
test parser::body_text::tests::test_parse_section_simple ... ok
test parser::body_text::tests::test_parse_section_with_column_def ... ok
test parser::body_text::tests::test_parse_section_with_section_def ... ok
test parser::body_text::tests::test_parse_table_control_delegation ... ok
test parser::body_text::tests::test_parse_unknown_control ... ok
test parser::body_text::tests::test_section_def_ctrl_data_after_nested_header_stays_in_raw_children ... ok
test parser::body_text::tests::test_section_def_direct_ctrl_data_has_single_owner_and_nested_records_are_preserved ... ok
test parser::body_text::tests::test_table_paragraph_diagnostics ... ok
test parser::body_text::tests::title_mark_ignore_off_variant_is_distinguished ... ok
test parser::body_text::tests::title_mark_is_preserved_as_eight_unit_slot ... ok
test parser::body_text::tests::unknown_inline_ctrl_id_is_not_taken_for_a_title_mark ... ok
test parser::byte_reader::tests::test_color_ref ... ok
test parser::byte_reader::tests::test_position_and_remaining ... ok
test parser::byte_reader::tests::test_read_ascii_hwp_string ... ok
test parser::byte_reader::tests::test_read_bytes ... ok
test parser::byte_reader::tests::test_read_empty_hwp_string ... ok
test parser::byte_reader::tests::test_read_hwp_string ... ok
test parser::byte_reader::tests::test_read_i16_negative ... ok
test parser::byte_reader::tests::test_read_i32_negative ... ok
test parser::byte_reader::tests::test_read_u16_le ... ok
test parser::byte_reader::tests::test_read_u32_le ... ok
test parser::byte_reader::tests::test_read_u8 ... ok
test parser::byte_reader::tests::test_read_utf16_string_lone_surrogate_lossy ... ok
test parser::byte_reader::tests::test_sequential_reads ... ok
test parser::byte_reader::tests::test_skip ... ok
test parser::cfb_reader::tests::lenient_open_deduplicates_fat_sector_id_from_difat ... ok
test parser::cfb_reader::tests::lenient_open_rejects_out_of_range_mini_sector_size_power ... ok
test parser::cfb_reader::tests::lenient_open_rejects_out_of_range_sector_size_power ... ok
test parser::cfb_reader::tests::lenient_open_survives_oversized_directory_entry_name_len ... ok
test parser::cfb_reader::tests::lenient_open_terminates_on_cyclic_difat_chain ... ok
test parser::cfb_reader::tests::open_decompression_stream_readers_enforce_limit ... ok
test parser::cfb_reader::tests::root_clsid_reads_v4_directory_after_fixed_header ... ok
test parser::cfb_reader::tests::test_compare_cfb_streams_cli_vs_browser ... ok
test parser::cfb_reader::tests::test_decompress_empty ... ok
test parser::cfb_reader::tests::test_decompress_invalid_data ... ok
test parser::cfb_reader::tests::test_decompress_real_data ... ok
test parser::cfb_reader::tests::test_limited_decompression_rejects_compact_oversized_output ... ok
test parser::control::shape::shape_recursion_tests::deep_group_nesting_is_bounded_not_overflowed ... ok
test parser::control::shape::shape_recursion_tests::shallow_group_nesting_is_preserved ... ok
test parser::control::shape::task195_tests::connector_control_point_count_is_bounded_by_remaining ... ok
test parser::control::shape::task195_tests::curve_point_count_negative_is_treated_as_zero ... ok
test parser::control::shape::task195_tests::line_started_right_or_bottom_parsed_from_18byte_record ... ok
test parser::control::shape::task195_tests::oversized_positive_point_counts_are_bounded_by_payload_coordinates ... ok
test parser::control::shape::task195_tests::polygon_point_count_negative_is_treated_as_zero ... ok
test parser::control::shape::task195_tests::test_parse_ole_shape_bin_id_42 ... ok
test parser::control::shape::task195_tests::test_parse_ole_shape_minimal ... ok
test parser::control::shape::task195_tests::test_parse_ole_shape_truncated_graceful ... ok
test parser::control::tests::debug_border_data ... ok
test parser::control::tests::dump_bookreview_section1_controls ... ok
test parser::control::tests::test_char_dup_sample_parsing ... ok
test parser::control::tests::test_parse_auto_number ... ok
test parser::control::tests::test_parse_bookmark ... ok
test parser::control::tests::test_parse_char_overlap ... ok
test parser::control::tests::test_parse_common_obj_attr ... ok
test parser::control::tests::test_parse_control_dispatch ... ok
test parser::control::tests::test_parse_footer_control ... ok
test parser::control::tests::test_parse_footnote_control ... ok
test parser::control::tests::test_parse_header_control ... ok
test parser::control::tests::test_parse_header_control_reads_list_header_layout_fields ... ok
test parser::control::tests::test_parse_hidden_comment ... ok
test parser::control::tests::test_parse_page_hide ... ok
test parser::control::tests::test_parse_table_basic ... ok
test parser::crypto::tests::distribute_aes_matches_nist_vector ... ok
test parser::crypto::tests::distribute_lcg_is_deterministic ... ok
test parser::crypto::tests::password_limit_rejects_expanded_stream ... ok
test parser::doc_info::tests::face_name_roundtrips_subst_font_as_alt_name ... ok
test parser::doc_info::tests::para_shape_edit_path_keeps_outline_level_in_tail ... ok
test parser::doc_info::tests::para_shape_migrates_identifiable_legacy_break_bits_without_repurposing_bit5 ... ok
test parser::doc_info::tests::para_shape_outline_level_roundtrips_0_to_9 ... ok
test parser::doc_info::tests::para_shape_recovers_outline_level_8_to_10_from_tail ... ok
test parser::doc_info::tests::parse_tab_def_bounds_hostile_tab_count ... ok
test parser::doc_info::tests::test_parse_bin_data_embedding ... ok
test parser::doc_info::tests::test_parse_border_fill_interleaved ... ok
test parser::doc_info::tests::test_parse_border_fill_mixed_types ... ok
test parser::doc_info::tests::test_parse_border_fill_none_type ... ok
test parser::doc_info::tests::test_parse_char_shape_basic ... ok
test parser::doc_info::tests::test_parse_char_shape_strikethrough ... ok
test parser::doc_info::tests::test_parse_char_shape_use_font_space ... ok
test parser::doc_info::tests::test_parse_doc_info_minimal ... ok
test parser::doc_info::tests::test_parse_doc_info_with_font ... ok
test parser::doc_info::tests::test_parse_document_properties ... ok
test parser::doc_info::tests::test_parse_face_name ... ok
test parser::doc_info::tests::test_parse_face_name_with_alt ... ok
test parser::doc_info::tests::test_parse_face_name_with_type_info_and_default_name ... ok
test parser::doc_info::tests::test_parse_para_shape_basic ... ok
test parser::doc_info::tests::test_parse_style ... ok
test parser::header::tests::test_hwp_signature ... ok
test parser::header::tests::test_invalid_signature ... ok
test parser::header::tests::test_parse_all_flags ... ok
test parser::header::tests::test_parse_distribution_document ... ok
test parser::header::tests::test_parse_encrypt_version_is_little_endian ... ok
test parser::header::tests::test_parse_encrypted_document ... ok
test parser::header::tests::test_parse_valid_header ... ok
test parser::header::tests::test_too_short_data ... ok
test parser::header::tests::test_version_display ... ok
test parser::header::tests::test_version_supported ... ok
test parser::hwp3::drawing::drawing_object_recursion_depth_tests::deeply_nested_container_chain_is_rejected_not_stack_overflowed ... ok
test parser::hwp3::drawing::hypertext_bookmark_underread_tests::hypertext_info_consumes_full_32_byte_bookmark ... ok
test parser::hwp3::drawing::modified_arc_overread_tests::map_to_shape_object_does_not_panic_on_huge_margins ... ok
test parser::hwp3::drawing::modified_arc_overread_tests::modified_arc_does_not_overread_past_common_header ... ok
test parser::hwp3::drawing::modified_arc_overread_tests::no_line_marker_is_distinct_from_black_line ... ok
test parser::hwp3::drawing::modified_arc_overread_tests::rectangle_no_fill_marker_does_not_apply_to_text_boxes ... ok
test parser::hwp3::encoding::tests::test_decode_hwp3_string ... ok
test parser::hwp3::johab::tests::decode_hwp3_company_graphics_to_the_common_hancom_pua ... ok
test parser::hwp3::johab::tests::decode_hwp3_table_triangle_bullet ... ok
test parser::hwp3::johab::tests::decode_johab_araea_preserves_legacy_jamo_sequence ... ok
test parser::hwp3::johab::tests::decode_johab_rejects_reserved_jong_index ... ok
test parser::hwp3::johab::tests::hancom_tilde_variant_matches_hangul ... ok
test parser::hwp3::johab::tests::hardcoded_mapping_wins_over_rule ... ok
test parser::hwp3::johab::tests::ksc_hanja_rule_decodes_real_hwp3_codes ... ok
test parser::hwp3::johab::tests::ksc_symbol_rule_recovers_lost_symbols ... ok
test parser::hwp3::johab::tests::ksc_symbol_rule_reproduces_hardcoded_mappings ... ok
test parser::hwp3::johab::tests::only_measured_private_codes_are_mapped ... ok
test parser::hwp3::ole::tests::task4097_promoted_sub_storage_clsid_becomes_the_new_root_clsid ... ok
test parser::hwp3::ole::tests::task4097_zero_sub_storage_clsid_stays_zero ... ok
test parser::hwp3::tests::char_shape_default_shade_is_the_no_color_sentinel ... ok
test parser::hwp3::tests::convert_char_shape_maps_font_blank ... ok
test parser::hwp3::tests::convert_char_shape_maps_superscript_and_subscript ... ok
test parser::hwp3::tests::convert_char_shape_maps_zero_ratio_to_no_shade_sentinel ... ok
test document_core::queries::cursor_rect::tests::issue4128_cold_cell_rect_builds_at_most_two_page_trees ... ok
test parser::hwp3::tests::hwp3_char_overlap_extracts_overlap_chars ... ok
test parser::hwp3::tests::hwp3_char_shade_composes_palette_with_ratio ... ok
test parser::hwp3::tests::hwp3_floating_paragraph_reference_uses_password_contract_only_when_requested ... ok
test parser::hwp3::tests::hwp3_mail_merge_field_name_starts_at_offset_zero ... ok
test parser::hwp3::tests::hwp3_maps_compressed_flag ... ok
test parser::hwp3::tests::hwp3_maps_encrypted_flag ... ok
test parser::hwp3::tests::hwp3_maps_footnote_separator_length ... ok
test parser::hwp3::tests::hwp3_maps_page_and_footnote_start_numbers ... ok
test parser::hwp3::tests::hwp3_negative_indent_normalizes_to_the_first_line_margin ... ok
test parser::hwp3::tests::hwp3_para_spacing_uses_password_contract_only_when_requested ... ok
test parser::hwp3::tests::hwp3_square_wrap_line_box_keeps_paragraph_insets_and_default_gap ... ok
test parser::hwp3::tests::hwp3_table_cell_shade_uses_the_declared_palette_color ... ok
test parser::hwp3::tests::issue_3032_footnote_between_margin_wires_footnote_shape_only ... ok
test parser::hwp3::tests::issue_3676_no_endnote_section_gets_one_initial_column_def ... ok
test parser::hwp3::tests::issue_hwp3_endnote_suffix_char_wires_footnote_bracket_flag ... ok
test parser::hwp3::tests::issue_hwp3_hide_empty_line_wires_doc_info_flag ... ok
test parser::hwp3::tests::open_decompression_hwp3_body_rejects_output_past_limit ... ok
test parser::hwp3::tests::percent_line_spacing_saturates_corrupt_extremes ... ok
test parser::hwp3::tests::read_hwp3_margin_scaled_preserves_large_negative_values_without_overflow_panic ... ok
test parser::hwp3::tests::read_hwp3_padding_scaled_preserves_large_negative_values_without_overflow_panic ... ok
test parser::hwp3::tests::read_hwp3_padding_scaled_preserves_negative_values_without_overflow ... ok
test parser::hwp3::tests::task1692_convert_char_shape_preserves_text_color ... ok
test parser::hwp3::tests::task1692_hwp3_color_index_maps_to_color_ref ... ok
test parser::hwp3::tests::corrupt_hwp3_line_spacing_does_not_overflow_panic ... ok
test parser::hwp3::tests::task2772_hwp3_default_endnote_shape_wires_footnote_line_margin ... ok
test parser::hwp3::tests::task2844_hwp3_date_format_ctrl_does_not_swallow_following_text ... ok
test parser::hwp3::tests::task2958_convert_char_shape_preserves_shade_color ... ok
test parser::hwp3::tests::task2984_hwp3_picture_image_effect_reads_brightness_contrast_effect ... ok
test parser::hwp3::tests::task3054_hwp3_default_endnote_shape_wires_footnote_text_margin ... ok
test parser::hwp3::tests::task3363_hwp3_embedded_ole_payload_extraction ... ok
test parser::hwp3::tests::test_alloc_record_buf_overflow_returns_err ... ok
test parser::hwp3::tests::test_alloc_record_buf_within_cap_ok ... ok
test parser::hwp3::tests::test_check_record_count_overflow_returns_err ... ok
test parser::hwp3::tests::test_convert_para_shape_wires_border_connection_into_attr1_bit28 ... ok
test parser::hwp3::tests::test_hwp3_bookmark_ch6_pushes_exactly_one_control ... ok
test parser::hwp3::tests::test_hwp3_ch15_hidden_comment_pushes_control ... ok
test parser::hwp3::tests::test_hwp3_field_code_ch5_produces_field_control ... ok
test parser::hwp3::tests::test_hwp3_field_code_ch5_pushes_exactly_one_control ... ok
test parser::hwp3::tests::test_hwp3_page_border_fill_is_always_page_basis ... ok
test parser::hwp3::tests::test_hwp3_para_shape_border_fill_absent_returns_none ... ok
test parser::hwp3::tests::test_hwp3_para_shape_border_fill_maps_border_flag_to_no_lines ... ok
test parser::hwp3::tests::test_hwp3_para_shape_border_fill_shade_has_fill_without_lines ... ok
test parser::hwp3::tests::task2765_hwp3_toc_mark_does_not_emit_hyphen ... ok
test parser::hwp3::tests::test_hwp3_sample16_load_alignment ... ok
test parser::hwp3::tests::test_parse_sample_dump ... ok
test parser::hwpx::content::tests::test_parse_content_hpf ... ok
test parser::hwpx::content::tests::test_parse_content_hpf_external_image ... ok
test parser::hwpx::content::tests::test_parse_content_hpf_master_pages_by_manifest_order ... ok
test parser::hwpx::content::tests::test_parse_empty_content ... ok
test parser::hwpx::contract_streams::tests::zlib_deflate_roundtrip ... ok
test parser::hwpx::header::tests::bullet_para_head_align_useinstwidth_survive_roundtrip_via_raw_splice ... ok
test parser::hwpx::header::tests::char_pr_id_gap_filler_gets_valid_relative_size ... ok
test parser::hwpx::header::tests::char_pr_without_rel_sz_child_defaults_to_100_percent ... ok
test parser::hwpx::header::tests::extract_head_tail_captures_settings_region ... ok
test parser::hwpx::header::tests::hancom_equal_case_default_switch_keeps_hwpunitchar_scale ... ok
test parser::hwpx::header::tests::hwpunitchar_oversized_value_saturates_without_panic ... ok
test parser::hwpx::header::tests::hwpunitchar_spacing_uses_common_hwp5_ir_scale ... ok
test parser::hwpx::header::tests::issue3551_odd_tab_position_prefers_exact_default ... ok
test parser::hwpx::header::tests::numbering_para_head_circled_latin_capital_is_not_lost_as_digit ... ok
test parser::hwpx::header::tests::numbering_raw_para_heads_captures_inner_verbatim_for_lossless_roundtrip ... ok
test parser::hwpx::header::tests::odd_para_margin_survives_hwpx_serialize_parse_roundtrip ... ok
test parser::hwpx::header::tests::para_shape_break_setting_and_auto_spacing_use_distinct_bits ... ok
test parser::hwpx::header::tests::para_shape_linespacing_between_lines_parses_as_space_only ... ok
test parser::hwpx::header::tests::parse_border_fill_line_type_uses_hwp5_dash_dot_contract ... ok
test parser::hwpx::header::tests::parse_border_line_type_accepts_3d_styles ... ok
test parser::hwpx::header::tests::parse_char_pr_captures_sym_mark ... ok
test parser::hwpx::header::tests::parse_empty_winbrush_preserves_solid_for_lossless_roundtrip ... ok
test parser::hwpx::header::tests::parse_memo_line_type_dot_is_distinct_from_solid ... ok
test parser::hwpx::header::tests::parse_tab_item_leader_double_slim_maps_to_8 ... ok
test parser::hwpx::header::tests::test_border_fill_three_d_attr_parsed ... ok
test parser::hwpx::header::tests::test_center_line_vertical_sets_attr_and_direction ... ok
test parser::hwpx::header::tests::test_char_pr_huge_id_does_not_allocate_unbounded_memory ... ok
test parser::hwpx::header::tests::test_char_pr_id_out_of_order_resolves_by_id_not_document_order ... ok
test parser::hwpx::header::tests::test_diagonal_element_sets_line_independent_of_slash ... ok
test parser::hwpx::header::tests::test_img_brush_total_keeps_total_mode ... ok
test parser::hwpx::header::tests::test_is_real_strike_shape_placeholder_3d ... ok
test parser::hwpx::header::tests::test_is_real_strike_shape_placeholder_none ... ok
test parser::hwpx::header::tests::test_is_real_strike_shape_unknown_fail_closed ... ok
test parser::hwpx::header::tests::test_is_real_strike_shape_valid_shapes ... ok
test parser::hwpx::header::tests::test_para_pr_id_out_of_order_resolves_by_id_not_document_order ... ok
test parser::hwpx::header::tests::test_parse_alignment ... ok
test parser::hwpx::header::tests::test_parse_bullet_hwpx_checked_char ... ok
test parser::hwpx::header::tests::test_parse_bullet_hwpx_image_id_from_binary_item_id_ref ... ok
test parser::hwpx::header::tests::test_parse_char_pr_captures_use_kerning ... ok
test parser::hwpx::header::tests::test_parse_char_pr_preserves_shadow_offsets_even_when_shadow_is_none ... ok
test parser::hwpx::header::tests::test_parse_color_none ... ok
test parser::hwpx::header::tests::test_parse_color_rgb ... ok
test parser::hwpx::header::tests::test_parse_hwpx_font_type_info_and_hwp5_default_name ... ok
test parser::hwpx::header::tests::test_parse_hwpx_memo_shape_record ... ok
test parser::hwpx::header::tests::test_parse_hwpx_memo_shape_solid_line_type_uses_hwp5_value ... ok
test parser::hwpx::header::tests::test_parse_hwpx_numbering_para_head_accepts_circle_digit_typo_for_hancom_compat ... ok
test parser::hwpx::header::tests::test_parse_hwpx_numbering_para_head_empty_text_attr ... ok
test parser::hwpx::header::tests::test_parse_hwpx_numbering_para_head_text_body ... ok
test parser::hwpx::header::tests::test_parse_hwpx_para_shape_break_non_latin_word_bit ... ok
test parser::hwpx::header::tests::test_parse_hwpx_para_shape_condense_attr_bits ... ok
test parser::hwpx::header::tests::test_parse_hwpx_para_shape_snap_to_grid_bit ... ok
test parser::hwpx::header::tests::test_parse_hwpx_subst_font_captures_all_attributes ... ok
test parser::hwpx::header::tests::test_parse_linkinfo_false_still_materializes_hwp5_docinfo_bundle ... ok
test parser::hwpx::header::tests::test_parse_slash_shape_code ... ok
test parser::hwpx::header::tests::test_parse_tab_item_leader_accepts_owpml_spec_literal_slim_thick ... ok
test parser::hwpx::header::tests::test_parse_vertical_alignment_bits ... ok
test parser::hwpx::header::tests::test_set_diagonal_attr_bits ... ok
test parser::hwpx::header::tests::test_slash_center_without_diagonal_no_line ... ok
test parser::hwpx::header::tests::test_slash_crooked_preserves_two_bit_value ... ok
test parser::hwpx::reader::tests::test_compressed_entry_limited_read_rejects_before_materialization ... ok
test parser::hwpx::reader::tests::test_detect_odf_encryption ... ok
test parser::hwpx::reader::tests::test_invalid_utf8_entry_lossy_accepted ... ok
test parser::hwp3::tests::test_hwp3_save_as_hwp5_roundtrip ... ok
test parser::hwpx::reader::tests::test_open_invalid_zip ... ok
test parser::hwpx::reader::tests::test_read_limited_at_cap ... ok
test parser::hwpx::reader::tests::test_read_limited_over_cap ... ok
test parser::hwpx::reader::tests::test_read_limited_under_cap ... ok
test parser::hwpx::reader::tests::test_large_legit_xml_entry_accepted ... ok
test parser::hwpx::section::tests::bugfind_ole_negative_pos_offset_is_not_zeroed ... ok
test parser::hwpx::section::tests::bugfind_ole_shape_comment_is_parsed_into_common_description ... ok
test parser::hwpx::section::tests::bugfind_ole_unsigned_wrapped_pos_offset_is_preserved ... ok
test parser::hwpx::section::tests::bugfind_shape_offset_negative_x_y_not_dropped_to_zero ... ok
test parser::hwpx::section::tests::chart_shape_comment_is_parsed_into_common_description ... ok
test parser::hwpx::section::tests::compose_text_preserve_cdata ... ok
test parser::hwpx::section::tests::container_nesting_at_limit_still_parses ... ok
test parser::hwpx::section::tests::container_nesting_beyond_limit_is_rejected_on_default_stack ... ok
test parser::hwpx::section::tests::dutmal_maintext_subtext_preserve_cdata ... ok
test parser::hwpx::section::tests::equation_missing_attrs_fall_back_to_owpml_defaults ... ok
test parser::hwpx::section::tests::form_edit_text_preserve_cdata ... ok
test parser::hwpx::section::tests::hwpx_storage_flip_defaults_follow_hancom_group_contract ... ok
test parser::hwpx::section::tests::issue2726_parse_chart_height_folds_column_and_para_to_absolute ... ok
test parser::hwpx::section::tests::issue2726_parse_chart_preserves_size_criteria ... ok
test parser::hwpx::section::tests::issue2779_footnote_placement_accepts_schema_column_tokens ... ok
test parser::hwpx::section::tests::issue2779_secpr_memo_shape_id_ref_parsed ... ok
test parser::hwpx::section::tests::issue2882_chart_numbering_type_table_is_parsed_into_common_field ... ok
test parser::hwpx::section::tests::issue2882_ole_numbering_type_picture_is_parsed_into_common_field ... ok
test parser::hwpx::section::tests::issue4319_chart_caption_parses_into_caption_field ... ok
test parser::hwpx::section::tests::issue4319_ole_caption_parses_into_caption_field ... ok
test parser::hwpx::section::tests::issue4387_col_sz_parses_individual_widths_and_gaps ... ok
test parser::hwpx::section::tests::issue4387_col_sz_width_overflow_saturates_not_zeroes ... ok
test parser::hwpx::section::tests::issue4669_explicit_zero_id_is_not_rewritten_to_instid ... ok
test parser::hwpx::section::tests::issue4669_explicit_zero_instid_is_not_overridden_by_id ... ok
test parser::hwpx::section::tests::issue4669_parse_ole_preserves_shape_component_children_and_id ... ok
test parser::hwpx::section::tests::issue4898_zero_height_linesegs_survive_when_section_has_sized_ones ... ok
test parser::hwpx::section::tests::issue_3739_secpr_template_handoff_same_id_is_normalized ... ok
test parser::hwpx::section::tests::parse_field_parameters_reassembles_nested_params_balanced ... ok
test parser::hwpx::section::tests::parse_field_type_accepts_toc ... ok
test parser::hwpx::section::tests::picture_pattern_8_8_effect_is_preserved ... ok
test parser::hwpx::section::tests::run_text_preserve_cdata ... ok
test parser::body_text::tests::test_parse_para_text_simple ... ok
test parser::hwpx::section::tests::table_nesting_within_limit_still_parses ... ok
test parser::hwpx::section::tests::table_nesting_beyond_limit_is_rejected ... ok
test parser::hwpx::section::tests::table_textwrap_tight_and_through_survive_roundtrip ... ok
test parser::hwpx::section::tests::task1380_linesegarray_values_loaded_as_is ... ok
test parser::hwpx::section::tests::task1380_no_linesegarray_keeps_line_segs_empty ... ok
test parser::hwpx::section::tests::task1382_autonum_run_boundary_on_offsets_axis ... ok
test parser::hwpx::section::tests::task1382_calc_counts_autonum_as_8_units ... ok
test parser::hwpx::section::tests::task1512_non_memo_field_uses_unique_id ... ok
test parser::hwpx::section::tests::task1556_orphan_field_end_recorded_in_end_paragraph ... ok
test parser::hwpx::section::tests::task1556_same_paragraph_field_uses_range_not_orphan ... ok
test parser::hwpx::section::tests::task1654_hide_first_empty_line_sets_hwp5_section_flag ... ok
test parser::hwpx::section::tests::task2931_chart_lock_attr_roundtrips_into_common ... ok
test parser::hwpx::section::tests::task2957_autonum_format_circled_digit_parses_as_1 ... ok
test parser::hwpx::section::tests::task_m100_2916_equation_script_cdata_not_lost ... ok
test parser::hwpx::section::tests::test_collect_hwpx_section_master_page_refs ... ok
test parser::hwpx::section::tests::test_collect_hwpx_section_master_page_refs_ignores_root_masterpage_without_id_ref ... ok
test parser::hwpx::section::tests::test_parse_control_keeps_interleaved_offsets ... ok
test parser::hwpx::section::tests::test_parse_curve_seg_populates_points_without_hwp5_bezier_types ... ok
test parser::hwpx::section::tests::test_parse_empty_section ... ok
test parser::hwpx::section::tests::test_parse_endnote_long_note_line_keeps_hwp5_low_word ... ok
test parser::hwpx::section::tests::test_parse_endnote_numbering_restart_section ... ok
test parser::hwpx::section::tests::test_parse_endnote_placement_end_of_section ... ok
test parser::hwpx::section::tests::test_parse_endnote_shape_attr_table134_flags ... ok
test parser::hwpx::section::tests::test_parse_field_begin_end_materializes_field_range ... ok
test parser::hwpx::section::tests::test_parse_field_parameters_preserves_cdata_command ... ok
test parser::hwpx::section::tests::test_parse_hwpx_master_page_type_accepts_official_and_sample_spellings ... ok
test parser::hwpx::section::tests::test_parse_hwpx_connect_line_materializes_connector ... ok
test parser::hwpx::section::tests::test_parse_hwpx_masterpage_line_materializes_shape_common_attr ... ok
test parser::hwpx::section::tests::test_parse_hwpx_tab_extension_uses_hwp5_inline_format ... ok
test parser::hwpx::section::tests::test_parse_hwpx_tab_width_zero_marker_not_recorded_as_ext ... ok
test parser::hwpx::section::tests::test_parse_line_preserves_is_reverse_hv ... ok
test parser::hwpx::section::tests::test_parse_hwpx_table_materializes_hwp_common_attrs ... ok
test parser::hwpx::section::tests::test_parse_linebreak_preserves_offsets ... ok
test parser::hwpx::section::tests::test_parse_master_page_last_page_extension ... ok
test parser::hwpx::section::tests::test_parse_master_page_mixed_case_type_attrs ... ok
test parser::hwpx::section::tests::test_parse_master_page_optional_page_extension ... ok
test parser::hwpx::section::tests::test_parse_memo_field_begin_uses_id_as_hwp5_field_id ... ok
test parser::hwpx::section::tests::test_parse_memo_field_parameters_preserves_number_as_memo_index ... ok
test parser::hwpx::section::tests::test_parse_note_prefix_char_maps_to_before_decoration_letter ... ok
test parser::hwpx::section::tests::test_parse_note_without_prefix_char_keeps_zero_before_letter ... ok
test parser::hwpx::section::tests::test_parse_ole_preserves_extent_and_draw_aspect ... ok
test parser::hwpx::section::tests::test_parse_page_border_fill_slot_by_type_not_by_order ... ok
test parser::hwpx::section::tests::test_parse_page_border_fill_basis_from_text_border ... ok
test parser::hwpx::section::tests::test_parse_page_pr_gutter_type_materializes_hwp5_binding_attr ... ok
test parser::hwpx::section::tests::test_parse_rect_preserves_size_protect ... ok
test parser::hwpx::section::tests::test_parse_rect_ratio_as_round_rate ... ok
test parser::hwpx::section::tests::test_parse_section_col_pr_break_type_with_page_break ... ok
test parser::hwpx::section::tests::test_parse_section_col_pr_break_type_without_page_break ... ok
test parser::hwpx::section::tests::test_parse_section_grid_preserves_line_and_char_grid ... ok
test parser::hwpx::section::tests::test_parse_simple_section ... ok
test parser::hwpx::section::tests::test_parse_table_cell_has_margin ... ok
test parser::hwpx::section::tests::test_parse_table_page_break_table_vs_cell_mapping ... ok
test parser::hwpx::section::tests::test_parse_table_row_sizes_is_cell_count_not_height ... ok
test parser::hwpx::section::tests::test_parse_text_preserves_xml_general_refs ... ok
test parser::hwpx::section::tests::test_parse_title_mark_ignore_off ... ok
test parser::hwpx::section::tests::test_parse_title_mark_occupies_eight_units ... ok
test parser::hwpx::section::tests::test_rendering_info_materializes_hwp5_raw_rendering_count ... ok
test parser::hwpx::section::tests::test_rendering_info_quantizes_fractional_matrix_values_like_hwp5 ... ok
test parser::hwpx::section::tests::test_shape_img_brush_preserves_image_ref_and_mode ... ok
test parser::hwpx::section::tests::test_task1124_col_line_type_and_width_mapping ... ok
test parser::hwpx::section::tests::test_task1124_col_pr_parses_col_line ... ok
test parser::hwpx::section::tests::title_mark_does_not_shift_following_field_range ... ok
test parser::hwpx::section::tests::unknown_field_type_keeps_raw_string_and_ctrl_id ... ok
test parser::hwpx::tests::embedded_font_reference_uses_exact_manifest_id ... ok
test parser::hwpx::tests::test_parse_hwpx_invalid_data ... ok
test parser::hwpx::tests::test_parse_hwpx_not_zip ... ok
test parser::hwpx::tests::test_resolve_master_page_hrefs_uses_id_ref_order_and_dedups ... ok
test parser::hwpx::utils::tests::test_local_name ... ok
test parser::hwpx::utils::tests::test_parse_color_str_with_alpha ... ok
test parser::hwpx::utils::tests::test_parse_color_str ... ok
test parser::hwpx::utils::tests::test_parse_hatch_style ... ok
test parser::ingest::schema::tests::boxed_with_text_is_rejected_with_hint ... ok
test parser::ingest::schema::tests::question_typo_is_rejected ... ok
test parser::ingest::schema::tests::test_parse_legacy_minimal_defaults ... ok
test parser::ingest::schema::tests::test_placement_default ... ok
test parser::ingest::schema::tests::test_parse_minimal ... ok
test parser::ingest::schema::tests::test_placement_serde ... ok
test parser::ingest::schema::tests::test_roundtrip ... ok
test parser::ingest::schema::tests::top_level_typo_is_rejected ... ok
test parser::ingest::schema::tests::unknown_block_field_is_rejected ... ok
test parser::ingest::schema::tests::unknown_block_type_is_rejected ... ok
test parser::ingest::schema::tests::valid_blocks_still_parse ... ok
test parser::ole_container::tests::test_parse_empty_bytes ... ok
test parser::ole_container::tests::test_parse_non_cfb ... ok
test parser::ole_container::tests::test_strip_emf_at_offset ... ok
test parser::ole_container::tests::test_strip_no_emf_magic ... ok
test parser::record::tests::extended_size_overflow_is_rejected ... ok
test parser::record::tests::test_empty_data ... ok
test parser::record::tests::test_extended_size_record ... ok
test parser::record::tests::test_read_multiple_records ... ok
test parser::record::tests::test_read_single_record ... ok
test parser::record::tests::test_record_display ... ok
test parser::record::tests::test_truncated_data_error ... ok
test parser::record::tests::test_zero_size_record ... ok
test parser::tags::tests::test_ctrl_id ... ok
test parser::tags::tests::test_ctrl_name ... ok
test parser::tags::tests::test_tag_name ... ok
test parser::tags::tests::test_tag_values ... ok
test parser::tests::cfb_thumbnail_rejects_declared_output_above_limit ... ok
test parser::tests::document_open_omits_oversized_hwp_thumbnail ... ok
test parser::tests::document_open_omits_oversized_hwpx_thumbnail ... ok
test parser::tests::document_open_preserves_small_hwp_thumbnail ... ok
test parser::tests::document_open_preserves_small_hwpx_thumbnail ... ok
test parser::tests::hwp3_open_decompression_rejects_compressed_body_through_parse_document ... ok
test parser::tests::hwp3_origin_heuristic_moves_tolerance_not_the_saved_margin ... ok
test parser::tests::hwp3_origin_tolerance_is_clamped_to_the_available_margin ... ok
test parser::tests::hwp5_open_decompression_encrypted_doc_info_uses_e2e_limit ... ok
test parser::tests::hwp5_open_decompression_lenient_distribution_rejects_missing_viewtext ... ok
test parser::tests::hwp5_open_decompression_lenient_path_rejects_doc_info_past_e2e_limit ... ok
test parser::tests::hwp5_open_decompression_rejects_cumulative_output_through_parse_document ... ok
test parser::tests::hwp5_open_decompression_rejects_doc_info_past_e2e_limit ... ok
test parser::tests::hwp5_open_decompression_rejects_missing_viewtext_without_bodytext_fallback ... ok
test parser::tests::hwp5_open_encrypted_doc_info_rejects_raw_input_before_decrypt ... ok
test parser::tests::hwp5_open_lenient_rejects_doc_info_raw_input_before_decode ... ok
test parser::tests::hwp5_open_rejects_doc_info_raw_input_before_decode ... ok
test parser::tests::hwpx_thumbnail_rejects_declared_actual_size_mismatch ... ok
test parser::tests::hwpx_thumbnail_rejects_declared_output_above_limit ... ok
test parser::tests::issue1880v2_hwp3_fixup_applies_to_native ... ok
test parser::tests::issue1880v2_hwp3_fixup_skipped_for_hwpx_variant ... ok
test parser::tests::issue1982_detect_drm_containers ... ok
test parser::tests::issue1982_detect_empty_file ... ok
test parser::tests::open_decompression_budget_rejects_cumulative_overflow ... ok
test parser::tests::ordinary_hwp5_document_keeps_margin_and_tolerance ... ok
test parser::tests::test_detect_format_hwp ... ok
test parser::tests::test_detect_format_hwp3 ... ok
test parser::tests::test_detect_format_hwp3_exact_17_bytes ... ok
test parser::tests::test_detect_format_hwp3_too_short ... ok
test parser::tests::test_detect_format_hwpx ... ok
test parser::tests::test_detect_format_legacy_hwpml_21 ... ok
test parser::tests::test_detect_format_rejects_lowercase_generic_xml_root ... ok
test parser::tests::test_detect_format_too_short ... ok
test parser::tests::test_detect_format_unknown ... ok
test parser::tests::test_detect_image_format_bmp ... ok
test parser::tests::test_detect_image_format_gif ... ok
test parser::tests::test_detect_image_format_unknown ... ok
test parser::tests::test_encrypted_document_rejects_unsupported_encrypt_version ... ok
test parser::tests::test_encrypted_flag_routes_password_paths ... ok
test parser::tests::test_encrypted_stream_limited_decode_enforces_decompression_bound ... ok
test parser::tests::test_mock_parser ... ok
test parser::tests::test_parse_document_dispatches_hwp ... ok
test parser::tests::test_parse_document_dispatches_hwpx ... ok
test parser::tests::test_parse_document_hwp3_too_short_errors ... ok
test parser::tests::test_parse_document_issue_265_sample ... ok
test parser::tests::test_parse_document_reports_unsupported_hwpml_version ... ok
test parser::tests::test_parse_document_unknown_returns_unsupported_file_format ... ok
test parser::tests::test_parse_document_with_metadata_preserves_hml_import_diagnostics ... ok
test parser::tests::test_parse_hwp_invalid_cfb ... ok
test parser::tests::test_parse_hwp_too_small ... ok
test parser::tests::corrupt_variant_vpos_does_not_overflow_panic ... ok
test parser::tests::test_password_encrypted_uncompressed_hwp_detects_wrong_password ... ok
test parser::tests::thumbnail_limited_read_rejects_streamed_overflow ... ok
test parser::tests::thumbnail_limited_read_rejects_truncated_stream ... ok
test parser::tests::total_page_auto_number_does_not_advance_page_counter ... ok
test parser::tests::total_page_new_number_does_not_reset_page_counter ... ok
test plan_schema::tests::definitions_are_reachable_from_root ... ok
test plan_schema::tests::envelope_reports_definition_count ... ok
test plan_schema::tests::every_definition_and_property_carries_a_description ... ok
test plan_schema::tests::every_ref_resolves_to_a_definition ... ok
test plan_schema::tests::objects_are_open_unless_listed_with_a_reason ... ok
test plan_schema::tests::schema_has_root_and_defs ... ok
test plan_schema::tests::step_union_is_discriminated_by_action ... ok
test pq_sign::tests::algo_identity_constants ... ok
test pq_sign::tests::hybrid_cross_key_mixing_fails ... ok
test pq_sign::tests::hybrid_malformed_inputs_never_panic ... ok
test pq_sign::tests::hybrid_requires_both_halves ... ok
test pq_sign::tests::hybrid_roundtrip ... ok
test pq_sign::tests::hybrid_tampered_message_fails ... ok
test pq_sign::tests::ml_dsa_deterministic ... ok
test pq_sign::tests::ml_dsa_malformed_inputs_never_panic ... ok
test pq_sign::tests::ml_dsa_roundtrip ... ok
test pq_sign::tests::ml_dsa_tampered_message_fails ... ok
test pq_sign::tests::ml_dsa_tampered_signature_fails ... ok
test pq_sign::tests::ml_dsa_wrong_key_fails ... ok
test pq_sign::tests::sign_rejects_bad_secret_len ... ok
test rag::chunker::tests::all_body_text_and_tables_are_covered ... ok
test rag::chunker::tests::chunk_boundaries_respect_headings ... ok
test rag::chunker::tests::degenerate_paragraphs_do_not_panic ... ok
test rag::chunker::tests::empty_document_yields_no_chunks_without_panicking ... ok
test rag::chunker::tests::every_chunk_declares_untrusted_content ... ok
test rag::chunker::tests::large_section_splits_into_parts_with_repeated_heading_path ... ok
test rag::chunker::tests::merged_cells_are_annotated ... ok
test rag::chunker::tests::multi_paragraph_chunks_stay_within_budget ... ok
test rag::chunker::tests::nested_headings_build_a_path ... ok
test rag::chunker::tests::output_is_deterministic_byte_for_byte ... ok
test rag::chunker::tests::table_before_first_heading_lands_in_a_preamble_chunk ... ok
test rag::chunker::tests::table_never_splits_mid_row_and_repeats_header ... ok
test rag::chunker::tests::token_estimate_is_labelled_a_heuristic ... ok
test render_backend::tests::backends_are_callable_through_trait_objects ... ok
test parser::tests::test_password_encrypted_hwp_full_stream_roundtrip ... ok
test render_backend::tests::draw_without_begin_page_is_error ... ok
test render_backend::tests::errors_convert_to_hwp_error ... ok
test render_backend::tests::invalid_page_size_is_rejected ... ok
test render_backend::tests::null_backend_counts_ops_by_kind ... ok
test render_backend::tests::page_boundary_violations_are_rejected ... ok
test render_backend::tests::page_state_tracks_counters ... ok
test render_backend::tests::paint_op_kind_uses_layer_json_type_names ... ok
test render_backend::tests::replay_page_reorders_ops_into_replay_planes ... ok
test document_core::commands::text_editing::tests::test_page_overflow_with_enter ... ok
test render_backend::tests::svg_backend_is_deterministic ... ok
test parser::hwpx::reader::tests::test_zip_bomb_xml_entry_rejected ... ok
test render_backend::tests::trace_backend_is_deterministic ... ok
test render_backend::tests::trace_backend_records_multiple_pages ... ok
test renderer::canvas::tests::canvas_layer_tree_matches_legacy_leaf_nodes_with_children ... ok
test renderer::canvas::tests::canvas_layer_tree_matches_legacy_leaf_ops ... ok
test renderer::canvas::tests::canvas_layer_tree_matches_legacy_nested_clips ... ok
test renderer::canvas::tests::canvas_layer_tree_matches_legacy_transformed_shapes ... ok
test renderer::canvas::tests::test_canvas_render_tree ... ok
test renderer::canvas::tests::test_canvas_renderer_basic ... ok
test renderer::canvas::tests::test_canvas_renderer_path ... ok
test renderer::canvas::tests::test_canvas_renderer_rect ... ok
test renderer::canvas::tests::test_color_to_css ... ok
test renderer::canvaskit_policy::tests::cache_hints_are_non_visual_and_do_not_block_direct_replay ... ok
test renderer::canvaskit_policy::tests::compat_mode_reports_simple_image_as_direct ... ok
test renderer::canvaskit_policy::tests::default_mode_reports_simple_image_as_direct ... ok
test renderer::canvaskit_policy::tests::document_preflight_bounds_blockers_without_losing_summary ... ok
test renderer::canvaskit_policy::tests::document_preflight_converts_page_build_error_to_incomplete ... ok
test renderer::canvaskit_policy::tests::document_preflight_counts_large_leaf_payloads_against_the_work_limit ... ok
test renderer::canvaskit_policy::tests::document_preflight_marks_direct_only_tree_eligible ... ok
test renderer::canvaskit_policy::tests::document_preflight_marks_raw_svg_transition_ineligible ... ok
test renderer::canvaskit_policy::tests::document_preflight_rejects_pathological_layer_depth_before_plan_building ... ok
test renderer::canvaskit_policy::tests::document_preflight_requires_old_hangul_shaping_font_for_pua_projection ... ok
test renderer::canvaskit_policy::tests::document_preflight_stops_before_page_build_at_page_limit ... ok
test renderer::canvaskit_policy::tests::document_preflight_stops_before_replay_analysis_at_work_limit ... ok
test renderer::canvaskit_policy::tests::document_preflight_uses_primary_face_when_style_carries_document_substitute ... ok
test renderer::canvaskit_policy::tests::equation_layout_is_direct_while_raw_svg_remains_a_replay_gap ... ok
test renderer::canvaskit_policy::tests::external_text_special_visuals_are_direct_replay_items ... ok
test renderer::canvaskit_policy::tests::form_and_placeholder_match_studio_direct_runtime_branches ... ok
test renderer::canvaskit_policy::tests::horizontal_text_effects_and_ratio_are_direct ... ok
test renderer::canvaskit_policy::tests::image_preflight_rejects_payloads_the_browser_decoder_will_reject ... ok
test renderer::canvaskit_policy::tests::image_replay_plan_reports_direct_geometry_payload ... ok
test renderer::canvaskit_policy::tests::image_replay_plan_reports_external_path_with_embedded_data ... ok
test renderer::canvaskit_policy::tests::image_replay_plan_reports_external_path_without_payload_as_missing ... ok
test renderer::canvaskit_policy::tests::image_replay_plan_reports_unimplemented_image_effects ... ok
test renderer::canvaskit_policy::tests::image_replay_plan_treats_baked_watermark_payload_as_direct ... ok
test render_backend::tests::capabilities_are_queryable_and_consistent ... ok
test renderer::canvaskit_policy::tests::m07_pack_footnote_marker_stays_direct_with_declared_detail ... ok
test renderer::canvaskit_policy::tests::m07_pack_paint_json_emits_line_shadow_and_pattern ... ok
test model::table::tests::paragraph_frame_owner_widths_handles_the_large_document_table_shape_in_one_pass ... ok
test renderer::canvaskit_policy::tests::m07_pack_unknown_tab_fill_is_direct_inverted_range_is_not ... ok
test renderer::canvaskit_policy::tests::m07_pack_unknown_text_decoration_shape_is_direct ... ok
test renderer::canvaskit_policy::tests::m07_pack_visual_item_limit_stays_fail_closed_at_4096 ... ok
test renderer::canvaskit_policy::tests::malformed_vertical_and_rotated_text_special_visuals_stay_fail_closed ... ok
test renderer::canvaskit_policy::tests::missing_picture_policy_tracks_editor_and_print_equivalent_profiles ... ok
test renderer::canvaskit_policy::tests::mode_parser_defaults_empty_string ... ok
test renderer::canvaskit_policy::tests::nonvisual_control_metadata_and_opaque_white_shade_keep_text_direct ... ok
test renderer::canvaskit_policy::tests::page_background_image_and_gradient_are_policy_visible ... ok
test renderer::canvaskit_policy::tests::prelower_estimate_bounds_text_expansion_before_layer_allocation ... ok
test renderer::canvaskit_policy::tests::prelower_estimate_counts_display_text_alongside_the_source_marker ... ok
test renderer::canvaskit_policy::tests::prelower_estimate_rejects_oversized_text_like_payloads ... ok
test renderer::canvaskit_policy::tests::replay_plan_items_expose_paint_replay_planes ... ok
test renderer::canvaskit_policy::tests::replay_plan_serializes_mode_and_summary ... ok
test renderer::canvaskit_policy::tests::replay_plan_uses_layer_metadata_for_non_image_ops ... ok
test renderer::canvaskit_policy::tests::root_text_rotation_vertical_layout_and_script_metrics_are_direct ... ok
test renderer::canvaskit_policy::tests::shaped_script_text_fails_closed_without_positioned_cluster_authority ... ok
test renderer::canvaskit_policy::tests::static_canvaskit_runtime_ops_are_reported_as_direct ... ok
test renderer::canvaskit_policy::tests::stroke_dash_vectors_pass_browser_preflight ... ok
test renderer::canvaskit_policy::tests::text_run_op_type_matches_layer_tree_schema_name ... ok
test renderer::canvaskit_policy::tests::text_special_visual_work_and_item_counts_are_bounded ... ok
test renderer::canvaskit_policy::tests::unselected_text_sidecars_do_not_make_a_direct_outline_ineligible ... ok
test renderer::canvaskit_policy::tests::unsupported_equation_styles_are_not_reported_as_direct ... ok
test renderer::canvaskit_policy::tests::vector_style_arrows_shadows_patterns_and_compound_lines_are_direct ... ok
test renderer::composer::line_breaking::fill_cursor_tests::cursor_preserves_scalar_space_tab_and_forced_break_results ... ok
test renderer::composer::line_breaking::fill_cursor_tests::cursor_resumes_a_long_text_token_at_each_interval ... ok
test renderer::composer::line_breaking::frame_reflow_tests::eligible_scalar_reflow_projects_the_frozen_scalar_oracle ... ok
test renderer::composer::line_breaking::frame_reflow_tests::frame_reflow_projects_two_intervals_as_one_physical_row ... ok
test renderer::composer::line_breaking::frame_reflow_tests::frame_reflow_retries_a_taller_row_without_consuming_the_cursor ... ok
test renderer::composer::line_breaking::frame_reflow_tests::pic2_two_picture_host_is_explicitly_outside_the_one_picture_band_contract ... ok
test renderer::canvaskit_policy::tests::m07_pack_reason_matrix_rows_match_live_policy ... ok
test renderer::composer::line_breaking::frame_reflow_tests::picture_band_uses_para_reference_not_text_frame_for_right_aligned_picture ... ok
test render_backend::tests::svg_backend_emits_real_svg_document ... ok
test renderer::composer::line_breaking::utf16_offset_tests::missing_char_offsets_count_supplementary_unicode_as_utf16_units ... ok
test renderer::composer::line_breaking::utf16_offset_tests::trailing_physical_line_preserves_control_stream_end_offset ... ok
test renderer::canvaskit_policy::tests::m07_pack_envelopes_match_live_summary ... ok
test renderer::composer::lineseg_compare_tests::tests::test_lineseg_boundary_char_analysis ... ok
test renderer::composer::line_breaking::frame_reflow_tests::picture_band_rejects_a_truncated_p325_before_any_projection ... ok
test renderer::composer::lineseg_compare_tests::tests::test_lineseg_compare_basic ... ok
test renderer::composer::line_breaking::frame_reflow_tests::real_p325_picture_band_matches_the_stored_seven_paragraph_geometry ... ok
test renderer::composer::lineseg_compare_tests::tests::test_lineseg_compare_all_samples ... ok
test renderer::composer::lineseg_compare_tests::tests::test_lineseg_compare_hongbo ... ok
test render_backend::tests::svg_backend_rejects_a_second_page ... ok
test renderer::composer::lineseg_compare_tests::tests::test_lineseg_linebreak_width_analysis ... ok
test renderer::composer::lineseg_compare_tests::tests::test_lineseg_width_diagnosis_basic ... ok
test renderer::composer::lineseg_compare_tests::tests::test_lineseg_compare_table_test ... ok
test renderer::composer::re_sample_gen::tests::test_analyze_font_config ... ok
test renderer::composer::lineseg_compare_tests::tests::test_lineseg_compare_lseg_samples ... ok
test renderer::composer::re_sample_gen::tests::test_gen_re01_hangul_only ... ok
test renderer::composer::re_sample_gen::tests::test_gen_re02_space_count ... ok
test renderer::composer::re_sample_gen::tests::test_gen_re03_latin_only ... ok
test renderer::composer::re_sample_gen::tests::test_gen_re04_digit_only ... ok
test renderer::composer::re_sample_gen::tests::test_gen_re05_mixed_koen ... ok
test renderer::composer::re_sample_gen::tests::test_gen_all_re_samples ... ok
test renderer::composer::re_sample_gen::tests::test_gen_re06_punctuation ... ok
test renderer::composer::re_sample_gen::tests::test_gen_re_alignment_variations ... ok
test renderer::composer::lineseg_compare_tests::tests::test_lineseg_compare_hancom_saved ... ok
test renderer::composer::re_sample_gen::tests::test_gen_re_mixed_precision ... ok
test renderer::composer::re_sample_gen::tests::test_gen_re_multisize ... ok
test renderer::composer::tests::char_overlap_size_ratio_applies_only_when_a_border_is_drawn ... ok
test renderer::composer::tests::issue4149_fit_judgment_is_cached_without_rewrap ... ok
test renderer::composer::tests::issue4149_renderer_cache_clear_owns_source_invalidation ... ok
test renderer::composer::tests::issue4149_renderer_cache_keys_actual_cell_width ... ok
test renderer::composer::re_sample_gen::tests::test_gen_re_font_variations ... ok
test renderer::composer::tests::issue_3822_reflow_overlong_digit_preserves_nonempty_post_break_width ... ok
test renderer::composer::tests::issue4149_renderer_cache_survives_fresh_compositions ... ok
test renderer::composer::tests::issue_3822_reflow_overlong_korean_word_after_prior_break ... ok
test renderer::composer::tests::issue_3822_reflow_overlong_digit_token_after_prior_break ... ok
test renderer::composer::tests::issue_3822_reflow_overlong_latin_token_after_prior_break ... ok
test renderer::composer::tests::issue_3822_reflow_overlong_token_uses_subsequent_line_indent_width ... ok
test renderer::composer::tests::issue_4442_corrected_noto_ascii_advances_change_threshold_wrap_with_kerning_off ... ok
test renderer::composer::tests::legacy_hancom_product_names_use_display_projection_only ... ok
test renderer::composer::tests::legacy_hancom_product_projection_survives_line_boundary ... ok
test renderer::composer::tests::owned_rowbreak_tac_height_selects_current_or_multirow_frames ... ok
test renderer::composer::tests::test_555_effective_text_for_metrics_multi_jamo_cluster ... ok
test renderer::composer::tests::test_555_effective_text_for_metrics_no_display_text_falls_back_to_text ... ok
test renderer::composer::tests::test_555_effective_text_for_metrics_uses_display_text_when_present ... ok
test renderer::composer::tests::test_677_effective_text_for_metrics_preserves_f081c_filler ... ok
test renderer::composer::tests::test_char_overlap_multi_component_is_single_advance ... ok
test renderer::composer::tests::test_compose_decreasing_lineseg_text_start_uses_empty_range ... ok
test renderer::composer::tests::test_compose_empty_paragraph ... ok
test renderer::composer::tests::test_compose_internal_forced_line_break_splits_visual_lines ... ok
test renderer::composer::tests::test_compose_multi_line ... ok
test renderer::composer::tests::test_compose_multi_line_multi_style ... ok
test renderer::composer::tests::test_compose_no_line_segs ... ok
test renderer::composer::tests::test_compose_single_line_multi_style ... ok
test renderer::composer::tests::test_compose_trailing_forced_line_break_keeps_single_marked_line ... ok
test renderer::composer::tests::test_compose_with_ctrl_char_gap ... ok
test renderer::composer::tests::test_estimate_composed_line_width ... ok
test renderer::composer::tests::test_expand_hancom_relationship_line_pua_to_box_drawing ... ok
test renderer::composer::tests::test_expand_tone_marks_to_spacing_dot ... ok
test renderer::composer::tests::test_find_active_char_shape ... ok
test renderer::composer::tests::test_geumchik_functions ... ok
test renderer::composer::tests::test_identify_inline_controls_table ... ok
test renderer::composer::tests::test_is_lang_neutral ... ok
test renderer::composer::tests::test_kbu1_line_start_forbidden_retraction ... ok
test renderer::composer::tests::test_compose_single_line_single_style ... ok
test renderer::composer::tests::test_reflow_condense_shrinks_measured_space_width ... ok
test renderer::composer::tests::test_reflow_empty_text ... ok
test renderer::composer::tests::test_reflow_english_word_wrap ... ok
test renderer::composer::tests::test_reflow_forced_line_break ... ok
test renderer::composer::tests::test_reflow_inline_only_paragraph_uses_utf16_text_start ... ok
test renderer::composer::tests::test_reflow_korean_break_unit_contract ... ok
test renderer::composer::tests::test_reflow_korean_eojeol_wrap ... ok
test renderer::composer::tests::test_reflow_lang_aware_mixed ... ok
test renderer::composer::tests::test_reflow_latin_text ... ok
test renderer::composer::tests::test_reflow_line_height ... ok
test renderer::composer::tests::test_reflow_long_text_multi_line ... ok
test renderer::composer::tests::test_reflow_short_text_single_line ... ok
test renderer::composer::tests::test_split_runs_by_lang_empty ... ok
test renderer::composer::tests::test_split_runs_by_lang_english_only ... ok
test renderer::composer::tests::test_split_runs_by_lang_korean_english ... ok
test renderer::composer::tests::test_split_runs_by_lang_no_split ... ok
test renderer::composer::tests::test_split_runs_by_lang_space_follows_prev ... ok
test renderer::composer::tests::test_tokenize_english_words ... ok
test renderer::composer::tests::test_tokenize_korean_character_unit ... ok
test renderer::composer::tests::test_tokenize_korean_eojeol ... ok
test renderer::composer::tests::test_tokenize_line_break ... ok
test renderer::composer::tests::test_utf16_range_no_offsets ... ok
test renderer::composer::tests::test_utf16_range_to_text_range ... ok
test renderer::equation::layout::tests::test_big_op_trailing_pad ... ok
test renderer::equation::layout::tests::test_fraction_layout ... ok
test renderer::equation::layout::tests::test_eq01_script ... ok
test renderer::equation::layout::tests::test_cases_korean_no_overlap ... ok
test renderer::equation::layout::tests::test_korean_text_width_not_italic ... ok
test renderer::equation::layout::tests::test_simple_text ... ok
test renderer::equation::layout::tests::test_superscript_fraction_baseline ... ok
test renderer::equation::layout::tests::test_superscript_layout ... ok
test renderer::equation::layout::tests::test_superscript_tall_base_no_overshoot ... ok
test renderer::equation::parser::latex_compat_tests::task1304_adjacent_identifier_not_merged ... ok
test renderer::equation::parser::latex_compat_tests::task1304_arithmetic_subscript_not_merged ... ok
test renderer::equation::parser::latex_compat_tests::task1304_braced_sum_unchanged ... ok
test renderer::equation::parser::latex_compat_tests::task1304_spaced_equation_not_merged ... ok
test renderer::equation::parser::latex_compat_tests::task1304_unbraced_lim_lower_limit_full ... ok
test renderer::equation::parser::latex_compat_tests::task1304_unbraced_sum_lower_limit_full ... ok
test renderer::equation::parser::latex_compat_tests::task1305_paren_subscript_binds_to_group ... ok
test renderer::equation::parser::latex_compat_tests::task1305_paren_superscript_binds_to_group ... ok
test renderer::equation::parser::latex_compat_tests::task1305_plain_paren_not_grouped ... ok
test renderer::equation::parser::latex_compat_tests::task1305_regression_number_and_leftright_scripts ... ok
test renderer::equation::parser::latex_compat_tests::test_hwpeq_inf_remains_symbol ... ok
test renderer::composer::lineseg_compare_tests::tests::issue3211_uncached_endnote_body_preserves_inline_control_flow ... ok
test renderer::equation::parser::latex_compat_tests::test_hwpeq_deg_remains_symbol ... ok
test renderer::equation::parser::latex_compat_tests::test_latex_backslash_backslash_tokenizes_as_newline ... ok
test renderer::equation::parser::latex_compat_tests::test_hwpeq_not_regressed ... ok
test renderer::equation::parser::latex_compat_tests::test_latex_begin_aligned ... ok
test renderer::equation::parser::latex_compat_tests::test_latex_begin_array ... ok
test renderer::equation::parser::latex_compat_tests::test_latex_begin_bmatrix ... ok
test renderer::equation::parser::latex_compat_tests::test_latex_begin_cases ... ok
test renderer::equation::parser::latex_compat_tests::test_latex_begin_smallmatrix ... ok
test renderer::equation::parser::latex_compat_tests::test_latex_begin_pmatrix ... ok
test renderer::equation::parser::latex_compat_tests::test_latex_begin_split ... ok
test renderer::equation::parser::latex_compat_tests::test_latex_dfrac_tfrac ... ok
test renderer::equation::parser::latex_compat_tests::test_latex_binom ... ok
test renderer::equation::parser::latex_compat_tests::test_latex_escaped_braces ... ok
test renderer::equation::parser::latex_compat_tests::test_latex_implies ... ok
test renderer::equation::parser::latex_compat_tests::test_latex_infty ... ok
test renderer::equation::parser::latex_compat_tests::test_latex_langle_rangle ... ok
test renderer::equation::parser::latex_compat_tests::test_latex_leq_geq ... ok
test renderer::equation::parser::latex_compat_tests::test_latex_mathbb ... ok
test renderer::equation::parser::latex_compat_tests::test_latex_mathbf ... ok
test renderer::equation::parser::latex_compat_tests::test_latex_mathcal ... ok
test renderer::equation::parser::latex_compat_tests::test_latex_mathfrak_mathsf_mathtt ... ok
test renderer::equation::parser::latex_compat_tests::test_latex_mathrm ... ok
test renderer::equation::parser::latex_compat_tests::test_latex_nabla ... ok
test renderer::equation::parser::latex_compat_tests::test_latex_not_lowercase ... ok
test renderer::equation::parser::latex_compat_tests::test_latex_operatorname ... ok
test renderer::equation::parser::latex_compat_tests::test_latex_overline_lowercase ... ok
test renderer::equation::parser::latex_compat_tests::test_latex_overrightarrow ... ok
test renderer::equation::parser::latex_compat_tests::test_latex_overset ... ok
test renderer::equation::parser::latex_compat_tests::test_latex_phantom ... ok
test renderer::equation::parser::latex_compat_tests::test_latex_quadratic_formula ... ok
test renderer::equation::parser::latex_compat_tests::test_latex_rightarrow ... ok
test renderer::equation::parser::latex_compat_tests::test_latex_spacing_quad ... ok
test renderer::equation::parser::latex_compat_tests::test_latex_stackrel ... ok
test renderer::equation::parser::latex_compat_tests::test_latex_text ... ok
test renderer::equation::parser::latex_compat_tests::test_latex_thin_space ... ok
test renderer::equation::parser::latex_compat_tests::test_latex_underline_lowercase ... ok
test renderer::equation::parser::latex_compat_tests::test_latex_underset ... ok
test renderer::equation::parser::latex_compat_tests::test_latex_widehat_widetilde ... ok
test renderer::equation::parser::test_bar_rm_it ... ok
test renderer::equation::parser::test_lim_fraction ... ok
test renderer::equation::parser::test_rm_p_left ... ok
test renderer::equation::parser::test_cases_double_amp ... ok
test renderer::equation::parser::tests::left_right_group_binds_trailing_script ... ok
test renderer::equation::parser::tests::test_atop ... ok
test renderer::equation::parser::tests::test_cases ... ok
test renderer::equation::parser::tests::test_decoration ... ok
test renderer::equation::parser::tests::test_cos_fraction_with_left_right ... ok
test renderer::equation::parser::tests::test_font_style ... ok
test renderer::equation::parser::tests::test_font_style_body_decoration_not_leaked ... ok
test renderer::equation::parser::tests::test_greek ... ok
test renderer::equation::parser::tests::test_integral ... ok
test renderer::equation::parser::tests::test_latex_frac ... ok
test renderer::equation::parser::tests::test_latex_quadratic_slice ... ok
test renderer::equation::parser::tests::test_latex_sqrt_with_bracket_index ... ok
test renderer::equation::parser::tests::test_left_right ... ok
test renderer::equation::parser::tests::test_limit ... ok
test renderer::equation::parser::tests::test_matrix ... ok
test renderer::equation::parser::tests::test_root_glued_digit_parses_as_sqrt ... ok
test renderer::equation::parser::tests::test_sample_eq01_script ... ok
test renderer::equation::parser::tests::test_simple_fraction ... ok
test renderer::equation::parser::tests::test_sqrt ... ok
test renderer::equation::parser::tests::test_sqrt_with_index ... ok
test renderer::equation::parser::tests::test_sum ... ok
test renderer::equation::parser::tests::test_superscript ... ok
test renderer::equation::parser::tests::test_task1122_over_followed_by_number_parses_as_fraction ... ok
test renderer::equation::parser::tests::test_task1122_over_prefix_non_numeric_identifiers_parse_as_text ... ok
test renderer::equation::parser::tests::test_uppercase_font_and_deco_commands ... ok
test renderer::equation::svg_render::tests::escape_xml_drops_xml_invalid_control_chars ... ok
test renderer::equation::svg_render::tests::test_cjk_never_italic ... ok
test renderer::equation::svg_render::tests::test_atop_svg_has_no_fraction_line ... ok
test renderer::equation::svg_render::tests::test_default_text_is_italic ... ok
test renderer::equation::svg_render::tests::test_eq01_svg ... ok
test renderer::equation::svg_render::tests::test_fraction_svg ... ok
test renderer::equation::svg_render::tests::test_it_keeps_italic ... ok
test renderer::equation::svg_render::tests::test_issue_1139_integral_left_right_parens_are_curved ... ok
test renderer::equation::svg_render::tests::test_paren_stretch_svg ... ok
test renderer::equation::svg_render::tests::test_paren_svg ... ok
test renderer::equation::svg_render::tests::test_rm_compound_chemical_symbol ... ok
test renderer::equation::svg_render::tests::test_rm_disables_italic ... ok
test renderer::equation::svg_render::tests::test_rm_prefix_form_disables_italic ... ok
test renderer::equation::svg_render::tests::test_simple_text_svg ... ok
test renderer::equation::symbols::tests::test_arrows ... ok
test renderer::equation::symbols::tests::test_big_operators ... ok
test renderer::equation::symbols::tests::test_case_insensitive_operators ... ok
test renderer::equation::symbols::tests::test_functions ... ok
test renderer::equation::symbols::tests::test_greek_lower ... ok
test renderer::equation::symbols::tests::test_greek_upper ... ok
test renderer::equation::symbols::tests::test_operators ... ok
test renderer::equation::symbols::tests::test_set_operators_not_big ... ok
test renderer::equation::symbols::tests::test_structure_commands ... ok
test renderer::equation::tokenizer::tests::test_arrow ... ok
test renderer::equation::tokenizer::tests::test_decimal_number ... ok
test renderer::equation::tokenizer::tests::test_cap_cup_glued_split ... ok
test renderer::equation::tokenizer::tests::test_dots_glued_split ... ok
test renderer::equation::tokenizer::tests::test_existing_commands_unchanged ... ok
test renderer::equation::tokenizer::tests::test_font_style_keyword_alone_unchanged ... ok
test renderer::equation::tokenizer::tests::test_font_style_prefix_bold ... ok
test renderer::equation::tokenizer::tests::test_font_style_prefix_it_compound ... ok
test renderer::equation::tokenizer::tests::test_font_style_prefix_it_single_letter ... ok
test renderer::equation::tokenizer::tests::test_font_style_prefix_rm_compound ... ok
test renderer::equation::tokenizer::tests::test_font_style_prefix_rm_lowercase ... ok
test renderer::equation::tokenizer::tests::test_font_style_prefix_rm_uppercase ... ok
test renderer::equation::tokenizer::tests::test_glued_keyword_no_oversplit ... ok
test renderer::equation::tokenizer::tests::test_glued_keyword_letter_split ... ok
test renderer::equation::tokenizer::tests::test_korean_text ... ok
test renderer::equation::tokenizer::tests::test_latex_command_prefix ... ok
test renderer::equation::tokenizer::tests::test_left_right ... ok
test renderer::equation::tokenizer::tests::test_matrix ... ok
test renderer::equation::tokenizer::tests::test_multi_char_symbols ... ok
test renderer::equation::tokenizer::tests::test_over_glued_short_letter_operand ... ok
test renderer::equation::tokenizer::tests::test_prime_prefix_split ... ok
test renderer::equation::tokenizer::tests::test_pua_conditional_bar ... ok
test renderer::equation::tokenizer::tests::test_quoted_string ... ok
test renderer::equation::tokenizer::tests::test_root_sqrt_prefix_split_on_digit ... ok
test renderer::equation::tokenizer::tests::test_sample_eq01 ... ok
test renderer::equation::tokenizer::tests::test_simple_fraction ... ok
test renderer::equation::tokenizer::tests::test_subscript_superscript ... ok
test renderer::equation::tokenizer::tests::test_superscript ... ok
test renderer::equation::tokenizer::tests::test_task1122_over_atop_followed_by_number_splits ... ok
test renderer::equation::tokenizer::tests::test_task1122_over_prefix_non_numeric_identifiers_stay_intact ... ok
test renderer::equation::tokenizer::tests::test_task576_alpha_no_split ... ok
test renderer::equation::tokenizer::tests::test_task576_sim_lowercase_prefix_split ... ok
test renderer::equation::tokenizer::tests::test_task576_sim_uppercase_prefix_split ... ok
test renderer::equation::tokenizer::tests::test_task576_times_followed_by_space ... ok
test renderer::equation::tokenizer::tests::test_task576_times_uppercase_prefix_split ... ok
test renderer::equation::tokenizer::tests::test_task576_times_lowercase_prefix_split ... ok
test renderer::equation::tokenizer::tests::test_whitespace_chars ... ok
test renderer::float_placement::tests::horizontal_range_matches_column_right_offset_rule ... ok
test renderer::float_placement::tests::horizontal_range_uses_body_area_for_page_relative_objects ... ok
test renderer::float_placement::tests::lane_set_does_not_push_non_overlapping_ranges ... ok
test renderer::float_placement::tests::lane_set_pushes_overlapping_ranges ... ok
test renderer::float_placement::tests::physical_outer_box_paint_inset_rejects_neighboring_float_contracts ... ok
test renderer::float_placement::tests::para_topbottom_float_predicate_requires_non_tac_para_topbottom ... ok
test renderer::float_placement::tests::physical_outer_box_paint_inset_requires_exact_native_stored_ladder ... ok
test renderer::float_placement::tests::picture_exclusion_maps_only_recovered_side_wrap_flows ... ok
test renderer::float_placement::tests::picture_exclusion_rejects_non_square_or_inline_hosts ... ok
test renderer::float_placement::tests::picture_exclusion_uses_flow_frame_for_oversized_current_square_float ... ok
test renderer::float_placement::tests::signed_hwpunit_preserves_negative_offsets ... ok
test renderer::float_placement::tests::stored_reset_fragment_geometry_rejects_unproven_neighboring_shapes ... ok
test renderer::float_placement::tests::stored_reset_fragment_geometry_separates_first_paint_height_from_successor_origin ... ok
test renderer::font_metrics_data::tests::hy_family_all_map ... ok
test renderer::font_metrics_data::tests::hy_family_bold_fallback ... ok
test renderer::font_metrics_data::tests::hy_gothic_medium_maps_correctly ... ok
test renderer::font_metrics_data::tests::non_korean_font_unchanged ... ok
test renderer::font_metrics_data::tests::source_han_sans_family_maps_to_pretendard ... ok
test renderer::font_metrics_data::tests::source_han_serif_family_maps_to_noto_serif_kr ... ok
test renderer::font_metrics_data::tests::task885_hy_extra_aliases_resolve ... ok
test renderer::font_paths::tests::bundled_font_dirs_is_repo_asset_only ... ok
test renderer::font_metrics_data::tests::index_matches_legacy_linear_scan_exhaustively ... ok
test renderer::font_paths::tests::custom_font_dirs_excludes_system_and_bundled ... ok
test renderer::font_paths::tests::env_font_paths_parses_and_filters ... ok
test renderer::font_paths::tests::search_dirs_excludes_environment_specific_paths ... ok
test renderer::font_paths::tests::search_dirs_orders_caller_first_and_bundled_last ... ok
test renderer::form_caption::tests::borrows_when_no_display_escape_exists ... ok
test renderer::form_caption::tests::collapses_double_ampersand_for_form_caption_display ... ok
test renderer::form_caption::tests::preserves_single_ampersand ... ok
test renderer::hancom_pua::tests::verified_table_is_sorted_and_does_not_guess_unknown_pua ... ok
test renderer::height_cursor::tests::backtrack_shift_raises_vpos_base_symmetrically ... ok
test renderer::height_cursor::tests::backward_clamp_rejected ... ok
test renderer::height_cursor::tests::backward_correction_keeps_page_base ... ok
test renderer::height_cursor::tests::compact_endnote_between_notes_singleline_prev_ignores_small_forward_vpos ... ok
test renderer::height_cursor::tests::compact_endnote_between_notes_singleline_prev_keeps_gap_and_shifts_base ... ok
test renderer::height_cursor::tests::compact_endnote_between_notes_skips_natural_trailing_prev ... ok
test renderer::height_cursor::tests::compact_endnote_bottom_rewind_skips_when_crossing_previous_content ... ok
test renderer::height_cursor::tests::compact_endnote_bottom_rewind_uses_current_vpos_when_safe ... ok
test renderer::height_cursor::tests::compact_endnote_deep_backtrack_allows_safe_new_note_title ... ok
test renderer::height_cursor::tests::compact_endnote_deep_backtrack_skips_after_note_title ... ok
test renderer::height_cursor::tests::compact_endnote_deep_backtrack_skips_after_tall_line ... ok
test renderer::height_cursor::tests::compact_endnote_deep_backtrack_skips_if_it_crosses_previous_content ... ok
test renderer::height_cursor::tests::compact_endnote_deep_backtrack_skips_new_note_title ... ok
test renderer::height_cursor::tests::compact_endnote_deep_backtrack_skips_page_path ... ok
test renderer::font_metrics_data::tests::issue_4442_noto_sans_kr_ascii_advances_match_tracked_font ... ok
test renderer::height_cursor::tests::compact_endnote_deep_backtrack_skips_title_after_empty_spacer ... ok
test renderer::height_cursor::tests::compact_endnote_deep_backtrack_uses_vpos_near_column_bottom ... ok
test renderer::height_cursor::tests::compact_endnote_large_between_title_tail_uses_saved_vpos_at_bottom ... ok
test renderer::height_cursor::tests::compact_endnote_large_empty_spacer_collapses_trailing_gap_at_bottom ... ok
test renderer::height_cursor::tests::compact_endnote_limited_backtrack_after_note_title_tail ... ok
test renderer::height_cursor::tests::compact_endnote_min_gap_lifts_zero_gap_question_title ... ok
test renderer::height_cursor::tests::compact_endnote_min_gap_respects_existing_vpos_gap ... ok
test renderer::height_cursor::tests::compact_endnote_min_gap_skips_single_line_prev ... ok
test renderer::height_cursor::tests::compact_endnote_page_path_title_bottom_backtrack_allows_safe_title ... ok
test renderer::height_cursor::tests::compact_endnote_page_tail_backtrack_keeps_previous_content_bottom ... ok
test renderer::height_cursor::tests::compact_endnote_page_tail_text_after_tall_line_backtracks_to_previous_bottom ... ok
test renderer::height_cursor::tests::compact_endnote_question_title_after_empty_spacer_keeps_stored_gap_only ... ok
test renderer::height_cursor::tests::compact_endnote_question_title_after_tall_line_uses_between_notes_gap ... ok
test renderer::height_cursor::tests::compact_endnote_question_title_after_tall_line_uses_content_bottom_gap ... ok
test renderer::height_cursor::tests::compact_endnote_question_title_after_tall_line_uses_rendered_content_bottom_gap ... ok
test renderer::height_cursor::tests::compact_endnote_question_title_after_tall_mid_backtrack_shifts_lazy_base ... ok
test renderer::height_cursor::tests::compact_endnote_question_title_after_tall_regular_gap_uses_line_bottom ... ok
test renderer::height_cursor::tests::compact_endnote_question_title_after_tall_tail_limited_backtrack ... ok
test renderer::height_cursor::tests::compact_endnote_question_title_after_tall_upper_flow_keeps_sequential_y ... ok
test renderer::height_cursor::tests::compact_endnote_question_title_caps_large_forward_gap ... ok
test renderer::height_cursor::tests::compact_endnote_question_title_caps_multiline_tail_with_smaller_gap ... ok
test renderer::height_cursor::tests::compact_endnote_question_title_preserves_spacing_on_stale_forward_jump ... ok
test renderer::height_cursor::tests::compact_endnote_question_title_tail_soft_backtrack_after_equation_tail ... ok
test renderer::height_cursor::tests::compact_endnote_question_title_top_stale_forward_keeps_sequential_y ... ok
test renderer::height_cursor::tests::compact_endnote_rewind_above_bottom_keeps_previous_vpos ... ok
test renderer::height_cursor::tests::compact_endnote_stale_gap_skips_single_line_prev ... ok
test renderer::height_cursor::tests::compact_endnote_zero_between_question_title_caps_forward_gap ... ok
test renderer::height_cursor::tests::compact_endnote_zero_gap_text_keeps_previous_content_floor ... ok
test renderer::height_cursor::tests::empty_and_control_only_paras_agree_with_visible_text_helper ... ok
test renderer::height_cursor::tests::hwp3_origin_page_path_keeps_spacing_before_in_vpos ... ok
test renderer::height_cursor::tests::invalid_lazy_base_skips_backtrack_after_tall_object ... ok
test renderer::height_cursor::tests::lazy_path_applied_and_base_set ... ok
test renderer::height_cursor::tests::no_prev_para_passthrough ... ok
test renderer::height_cursor::tests::page_path_applied ... ok
test renderer::height_cursor::tests::object_replacement_only_para_is_treat_as_char_picture_only ... ok
test renderer::height_cursor::tests::page_path_sb_prededuct ... ok
test renderer::height_cursor::tests::para_with_real_text_is_not_treat_as_char_picture_only ... ok
test renderer::height_cursor::tests::para_without_treat_as_char_shape_is_not_picture_only ... ok
test renderer::height_cursor::tests::partial_table_bypass ... ok
test renderer::height_cursor::tests::same_para_passthrough ... ok
test renderer::height_cursor::tests::vpos_reset_bypass ... ok
test renderer::height_measurer::tests::test_allows_row_break_split ... ok
test renderer::height_measurer::tests::test_compute_row_blocks_all_single ... ok
test renderer::height_measurer::tests::test_compute_row_blocks_disjoint ... ok
test renderer::height_measurer::tests::test_compute_row_blocks_overlapping ... ok
test renderer::height_measurer::tests::test_compute_row_blocks_rs2_at_row0 ... ok
test renderer::height_measurer::tests::test_cumulative_heights_consistency ... ok
test renderer::height_measurer::tests::test_find_break_row_all_fit ... ok
test renderer::height_measurer::tests::test_find_break_row_empty_table ... ok
test renderer::height_measurer::tests::test_find_break_row_first_doesnt_fit ... ok
test renderer::height_measurer::tests::test_find_break_row_single_row ... ok
test renderer::height_measurer::tests::test_find_break_row_with_content_offset ... ok
test renderer::height_measurer::tests::test_find_break_row_partial ... ok
test renderer::height_measurer::tests::test_measure_empty_section ... ok
test renderer::height_measurer::tests::test_measure_single_paragraph ... ok
test renderer::height_measurer::tests::test_row_block_for_basic ... ok
test renderer::height_measurer::tests::test_range_height ... ok
test renderer::height_measurer::tests::test_measure_table ... ok
test renderer::height_measurer::tests::test_row_block_for_empty_metadata ... ok
test renderer::height_measurer::tests::test_snap_to_block_boundary ... ok
test renderer::height_measurer::tests::test_snap_to_block_boundary_row_break_skipped ... ok
test renderer::height_measurer::tests::wide_tac_table_stays_block_at_text_boundaries ... ok
test renderer::height_measurer::tests::wide_tac_table_uses_unicode_middle_anchor_for_only_that_table ... ok
test renderer::html::tests::test_draw_image_jpeg ... ok
test renderer::html::tests::test_draw_image_unknown_format ... ok
test renderer::html::tests::test_html_begin_end_page ... ok
test renderer::html::tests::test_html_draw_rect ... ok
test renderer::html::tests::test_draw_image_png ... ok
test renderer::html::tests::test_html_draw_text ... ok
test renderer::html::tests::test_html_draw_text_medium_weight ... ok
test renderer::html::tests::test_html_escape ... ok
test renderer::html::tests::test_html_render_tree ... ok
test renderer::image_header::tests::parses_all_browser_admitted_encoded_image_headers ... ok
test renderer::image_header::tests::parses_lossy_and_lossless_webp_headers ... ok
test renderer::image_header::tests::rejects_malformed_or_truncated_headers ... ok
test renderer::image_header::tests::reports_oversized_compact_headers_without_decoding ... ok
test renderer::image_resolver::emitted_bytes_key_agreement_tests::emf_is_emitted_as_svg_not_raw_emf ... ok
test renderer::image_resolver::emitted_bytes_key_agreement_tests::issue_3315_failed_conversion_falls_back_identically_on_both_paths ... ok
test renderer::image_resolver::emitted_bytes_key_agreement_tests::issue_3315_synthetic_images_have_no_key ... ok
test renderer::image_resolver::emitted_bytes_key_agreement_tests::issue_3315_variant_marks_watermark_bake_only_for_jpeg ... ok
test renderer::image_resolver::emitted_bytes_key_agreement_tests::issue_3315_watermark_variant_actually_changes_the_bytes ... ok
test renderer::image_resolver::emitted_bytes_key_agreement_tests::issue_3315_key_variant_reproduces_json_bytes_for_covered_conversion_branches ... ok
test renderer::image_resolver::tests::color_jpeg_keeps_jpeg_path ... ok
test renderer::image_resolver::emitted_bytes_key_agreement_tests::wmf_is_emitted_as_svg_not_raw_wmf ... ok
test renderer::image_resolver::tests::different_images_keep_their_own_results ... ok
test renderer::image_resolver::tests::dos_eps_with_tiff_preview_is_emitted_as_png ... ok
test renderer::image_resolver::tests::grayscale_jpeg_is_normalized_to_png ... ok
test renderer::image_resolver::tests::images_sharing_length_and_edges_do_not_share_a_result ... ok
test renderer::image_resolver::tests::memo_bounds_entry_count_even_when_results_are_empty ... ok
test renderer::image_resolver::tests::oversized_compact_bmp_is_rejected_before_layer_conversion ... ok
test renderer::image_resolver::tests::palette_tiff_is_emitted_as_png_via_fallback_decoder ... ok
test renderer::image_resolver::tests::pcx_v28_is_detected_and_emitted_as_png ... ok
test renderer::image_resolver::tests::repeated_resolve_of_same_image_converts_once ... ok
test renderer::image_resolver::tests::oversized_bmp_is_downscaled_to_png_instead_of_rejected ... ok
test renderer::image_resolver::tests::same_bytes_under_different_conversions_do_not_share_an_entry ... ok
test renderer::image_resolver::tests::memo_stays_within_its_byte_budget ... ok
test renderer::image_resolver::tests::tiff_image_payload_is_normalized_to_png ... ok
test renderer::layer_renderer::tests::advanced_bitmap_and_svg_glyph_payloads_reject_missing_resources_when_allowed ... ok
test renderer::layer_renderer::tests::advanced_bitmap_and_svg_glyph_payloads_select_only_with_resources ... ok
test renderer::layer_renderer::tests::advanced_glyph_outline_payloads_are_gated_by_default ... ok
test renderer::layer_renderer::tests::canvas2d_keeps_text_fallback_for_variant_sidecars ... ok
test renderer::layer_renderer::tests::canvaskit_and_canvas2d_share_advanced_payload_reject_reason ... ok
test renderer::layer_renderer::tests::canvaskit_browser_accepts_a_proven_collection_face ... ok
test renderer::layer_renderer::tests::canvaskit_browser_rejects_an_out_of_range_collection_face ... ok
test renderer::layer_renderer::tests::canvaskit_browser_rejects_ineligible_or_oversized_glyph_runs ... ok
test renderer::layer_renderer::tests::canvaskit_browser_rejects_malformed_glyph_run_geometry ... ok
test renderer::layer_renderer::tests::canvaskit_browser_rejects_missing_glyph_zero ... ok
test renderer::layer_renderer::tests::canvaskit_browser_rejects_strict_glyph_run_authority_outside_p42_subset ... ok
test renderer::layer_renderer::tests::canvaskit_browser_requires_a_parseable_default_face ... ok
test renderer::layer_renderer::tests::canvaskit_browser_selects_strict_glyph_run_without_an_outline ... ok
test renderer::layer_renderer::tests::canvaskit_browser_selects_the_outline_replayed_by_the_json_runtime ... ok
test renderer::layer_renderer::tests::canvaskit_can_disallow_position_adjusted_variants ... ok
test renderer::layer_renderer::tests::canvaskit_keeps_default_face_without_variation_as_font_proof_control ... ok
test renderer::layer_renderer::tests::canvaskit_rejects_font_blob_data_ref_mismatch ... ok
test renderer::layer_renderer::tests::canvaskit_position_adjusted_threshold_is_explicit ... ok
test renderer::layer_renderer::tests::canvaskit_rejects_font_blob_digest_mismatch ... ok
test renderer::layer_renderer::tests::canvaskit_rejects_font_blob_without_resource_bytes ... ok
test renderer::layer_renderer::tests::canvaskit_rejects_font_face_without_blob_proof ... ok
test renderer::layer_renderer::tests::canvaskit_rejects_large_glyph_ids_and_falls_back ... ok
test renderer::layer_renderer::tests::canvaskit_rejects_non_portable_font_blob_proof ... ok
test renderer::layer_renderer::tests::canvaskit_rejects_portable_glyph_run_without_font_face_proof ... ok
test renderer::layer_renderer::tests::canvaskit_rejects_unsupported_text_effects ... ok
test renderer::layer_renderer::tests::canvaskit_rejects_variation_instances_until_exact_construction_is_proven ... ok
test renderer::layer_renderer::tests::canvaskit_resource_glyphs_reject_corrupt_payload_bytes ... ok
test renderer::layer_renderer::tests::canvaskit_selects_strict_glyph_run ... ok
test renderer::layer_renderer::tests::colrv1_graph_supported_gradient_gate_can_select_gradient_subset ... ok
test renderer::layer_renderer::tests::colrv1_unsupported_graph_node_kind_gate_is_explicit ... ok
test renderer::layer_renderer::tests::glyph_outline_uses_position_adjusted_residual_gate ... ok
test renderer::layer_renderer::tests::glyph_transform_runs_keep_text_fallback_until_transform_authority_exists ... ok
test renderer::layer_renderer::tests::incomplete_variant_parts_are_rejected_before_selection ... ok
test renderer::layer_renderer::tests::invalid_advanced_glyph_payloads_fallback_even_when_family_is_allowed ... ok
test renderer::layer_renderer::tests::mixed_per_glyph_runs_keep_text_fallback_until_orientation_authority_exists ... ok
test renderer::layer_renderer::tests::native_skia_accepts_a_parseable_non_default_collection_face_contract ... ok
test renderer::layer_renderer::tests::native_skia_keeps_default_face_without_variation_as_font_proof_control ... ok
test renderer::layer_renderer::tests::native_skia_rejects_variation_axes_missing_from_the_exact_face ... ok
test renderer::layer_renderer::tests::non_browser_canvaskit_rejects_non_default_collection_face ... ok
test renderer::layer_renderer::tests::outline_stroke_payload_rejects_fill_only_paint_order ... ok
test renderer::layer_renderer::tests::outline_stroke_payload_requires_strict_stroke_subset ... ok
test renderer::layer_renderer::tests::strict_outline_profile_can_select_glyph_outline ... ok
test renderer::layer_renderer::tests::vertical_glyph_runs_keep_text_fallback_until_orientation_authority_exists ... ok
test renderer::layout::border_rendering::tests::body_top_table_frame_inset_changes_only_emitted_lines_not_owner_boxes ... ok
test renderer::layout::border_rendering::tests::body_top_table_frame_keeps_compound_strokes_inside_clip_with_one_delta ... ok
test renderer::layout::border_rendering::tests::degenerate_inferred_row_uses_base_grid_instead_of_expanding_last_cell ... ok
test renderer::layout::border_rendering::tests::render_cross_center_line_creates_vertical_and_horizontal_lines ... ok
test renderer::layout::border_rendering::tests::render_hwpx_horizontal_center_line_as_vertical_bar ... ok
test renderer::layout::border_rendering::tests::render_hwpx_vertical_center_line_as_horizontal_bar ... ok
test renderer::layout::border_rendering::tests::render_nonzero_diagonal_shape_codes_as_basic_x ... ok
test renderer::layout::border_rendering::tests::render_slash_crooked_with_backslash_as_bent_backslash ... ok
test renderer::layout::border_rendering::tests::render_thick_slim_diagonal_as_parallel_lines ... ok
test renderer::composer::re_sample_gen::tests::test_gen_re_english_font_variations ... ok
test renderer::layout::integration_tests::tests::issue_3257_centered_trailing_picture_uses_full_line_width ... ok
test renderer::layer_renderer::tests::canvaskit_browser_rejects_an_oversized_font_blob_before_replay ... ok
test renderer::layout::integration_tests::tests::issue_4334_stage1_textbox_under_image_top_object_pin ... ok
test renderer::equation::parser::latex_compat_tests::dos_deep_nesting_is_bounded_not_overflow ... ok
test renderer::layout::integration_tests::tests::task_1205_para_border_none_sides_do_not_render_vertical_edges ... ok
test renderer::layout::integration_tests::tests::task_1205_rect_stroke_path_requires_four_visible_same_stroke ... ok
test renderer::layout::integration_tests::tests::test_1098_hwpx_last_page_master_replaces_base_master ... ok
test renderer::layout::integration_tests::tests::test_1230_square_wrap_inflated_current_draws_at_frame ... ok
test renderer::layout::integration_tests::tests::test_1838_overwide_cell_text_keeps_all_glyphs_in_svg ... ok
test renderer::layout::integration_tests::tests::test_1_3_paragraph_border ... ok
test renderer::layout::integration_tests::tests::test_469_partial_start_box_does_not_cross_col_top ... ok
test renderer::layout::integration_tests::tests::issue_3738_picture_caption_float_clears_caption_before_next_body_text ... ok
test renderer::layout::integration_tests::tests::issue_3820_rewinding_rowbreak_uses_painted_first_fragment_boundary ... ok
test renderer::layout::integration_tests::tests::issue_3821_page_tail_square_picture_wrap_reaches_visible_text_after_guides ... ok
test renderer::layout::integration_tests::tests::test_470_cross_paragraph_vpos_reset_with_column_header_offset ... ok
test renderer::layout::integration_tests::tests::test_471_cross_column_box_no_bottom_line_in_col0 ... ok
test renderer::layout::integration_tests::tests::test_489_picture_square_wrap_text_does_not_overlap_image ... ok
test renderer::layout::integration_tests::tests::test_490_empty_para_with_tac_equation_respects_alignment ... ok
test renderer::layout::integration_tests::tests::test_537_first_answer_after_tac_table_line_spacing ... ok
test renderer::layout::integration_tests::tests::test_539_paragraph_after_overlay_shape_host ... ok
test renderer::layout::integration_tests::tests::test_539_partial_paragraph_after_overlay_shape ... ok
test document_core::queries::cursor_rect::tests::issue_2021_hint_search_equivalence ... ok
test renderer::layout::integration_tests::tests::test_552_passage_box_top_gap_p2_4_6 ... ignored
test renderer::layout::integration_tests::tests::test_521_tac_table_outer_margin_bottom_p2 ... ok
test renderer::layout::integration_tests::tests::test_544_passage_box_coords_match_pdf_p4 ... ok
test renderer::layout::integration_tests::tests::test_547_passage_text_inset_match_pdf_p4 ... ok
test renderer::layout::integration_tests::tests::test_548_cell_inline_shape_first_line_indent_p8 ... ok
test renderer::layout::integration_tests::tests::test_574_page_number_not_force_bold_for_hy_kyun_myeongjo ... ok
test renderer::layout::integration_tests::tests::test_624_textbox_inline_shape_y_on_line2_p2_q7 ... ok
test document_core::queries::cursor_rect::tests::issue4149_fast_path_parity_giant_cell ... ok
test renderer::layout::integration_tests::tests::test_634_gukrip_page1_pagehide_no_page_number ... ok
test renderer::layout::integration_tests::tests::test_634_aift_page1_shows_page_number ... ok
test renderer::layout::integration_tests::tests::test_634_aift_page4_pagehide_no_page_number ... ok
test renderer::layout::integration_tests::tests::test_634_no_newnumber_doc_shows_page_numbers_from_page1 ... ok
test renderer::layout::integration_tests::tests::test_634_aift_page5_pagehide_no_page_number ... ok
test renderer::layout::integration_tests::tests::test_634_aift_page6_shows_page_number ... ok
test renderer::layout::integration_tests::tests::test_634_aift_page7_shows_page_number ... ok
test document_core::text_security::tests::scan_cost_stays_linear_as_input_grows ... ok
test renderer::layout::integration_tests::tests::test_634_gukrip_page3_shows_page_number ... ok
test renderer::layout::integration_tests::tests::test_equation_svg_content ... ok
test renderer::layout::integration_tests::tests::test_705_ktx_cell_pagehide_collected ... ok
test renderer::layout::integration_tests::tests::test_exam_math_header_from_second_page ... ok
test renderer::layout::integration_tests::tests::test_exam_math_booklet_corner_page_number_on_fourth_page ... ok
test renderer::layout::integration_tests::tests::test_705_kor2022_cell_pagehide_collected ... ok
test renderer::layout::integration_tests::tests::test_exam_math_no_header_on_first_page ... ok
test renderer::layout::integration_tests::tests::test_export_svg_contains_text ... ok
test renderer::layout::integration_tests::tests::test_export_svg_produces_output ... ok
test renderer::layout::integration_tests::tests::test_exam_math_page_count ... ok
test renderer::layout::integration_tests::tests::test_hwpspec_w_multi_page_render ... ok
test renderer::layout::integration_tests::tests::test_hwpspec_w_page_count ... ok
test renderer::layout::integration_tests::tests::test_hwpspec_w_table_split ... ok
test renderer::layout::integration_tests::tests::test_layer_svg_matches_legacy_for_basic_text_sample ... ok
test renderer::layout::integration_tests::tests::test_exam_math_two_column_layout ... ok
test renderer::layout::integration_tests::tests::test_layer_svg_matches_legacy_for_table_sample ... ok
test renderer::layout::integration_tests::tests::test_tac_host_line_spacing_with_preceding_invisible_controls ... ok
test renderer::layout::integration_tests::tests::test_task683_pr149_image_cluster_spacing ... ok
test renderer::layout::paragraph_layout::issue_1151_v3_helper_tests::topandbottom_reserved_excludes_tac_picture_control ... ok
test renderer::layout::paragraph_layout::issue_1151_v3_helper_tests::topandbottom_reserved_includes_non_tac_picture_control ... ok
test renderer::layout::paragraph_layout::issue_1151_v3_helper_tests::topandbottom_table_reserved_excludes_square_wrap ... ok
test renderer::layout::paragraph_layout::issue_1151_v3_helper_tests::topandbottom_table_reserved_excludes_tac_table ... ok
test renderer::layout::paragraph_layout::issue_1151_v3_helper_tests::topandbottom_table_reserved_none_when_no_table ... ok
test renderer::layout::paragraph_layout::issue_1151_v3_helper_tests::topandbottom_table_reserved_single ... ok
test renderer::layout::paragraph_layout::issue_1151_v3_helper_tests::topandbottom_table_reserved_sums_multiple_tables ... ok
test renderer::layout::paragraph_layout::issue_1151_v9_helper_tests::collects_multiple_tac_pictures_in_order ... ok
test renderer::layout::paragraph_layout::issue_1151_v9_helper_tests::collects_single_tac_picture ... ok
test renderer::layout::paragraph_layout::issue_1151_v9_helper_tests::empty_controls_returns_empty ... ok
test renderer::layout::paragraph_layout::issue_1151_v9_helper_tests::realistic_v1_scenario_1x1_table_two_tac_pictures ... ok
test renderer::layout::paragraph_layout::issue_1151_v9_helper_tests::skips_non_tac_picture ... ok
test renderer::layout::paragraph_layout::issue_1151_v9_helper_tests::skips_table_and_other_controls ... ok
test renderer::layout::paragraph_layout::issue_2439_lineseg_indent_tests::body_textline_and_textruns_follow_authoritative_lineseg_start ... ok
test renderer::layout::paragraph_layout::issue_2439_lineseg_indent_tests::hwp5_origin_hwpx_keeps_the_hwp5_stored_line_start_contract ... ok
test renderer::layout::paragraph_layout::issue_2439_lineseg_indent_tests::larger_authoritative_lineseg_start_positions_literal_number ... ok
test renderer::layout::paragraph_layout::issue_2439_lineseg_indent_tests::matching_lineseg_start_keeps_heading_at_para_margin ... ok
test renderer::layout::paragraph_layout::issue_2439_lineseg_indent_tests::synthetic_or_non_body_geometry_does_not_override_para_margin ... ok
test renderer::layout::paragraph_layout::issue_2809_split_alignment_tests::footer_last_line_justify_without_spaces_keeps_natural_width ... ok
test renderer::layout::paragraph_layout::issue_2809_split_alignment_tests::split_distributes_single_last_line_but_justify_does_not ... ok
test renderer::layout::paragraph_layout::issue_2809_split_alignment_tests::split_label_assigns_positive_slack_to_interior_spaces ... ok
test renderer::layout::paragraph_layout::issue_2809_split_alignment_tests::split_reserves_last_glyph_ink_when_letter_spacing_is_negative ... ok
test renderer::layout::paragraph_layout::issue_3486_hancom_company_pua_alignment_tests::company_pua_logo_line_uses_its_space_not_internal_character_distribution ... ok
test renderer::layout::paragraph_layout::issue_4370_tac_table_wrap_tests::end_anchored_table_stays_inline_when_it_fits ... ok
test renderer::layout::paragraph_layout::issue_4370_tac_table_wrap_tests::end_anchored_table_wraps_when_exceeding_line_width ... ok
test renderer::layout::paragraph_layout::issue_4370_tac_table_wrap_tests::leading_anchor_never_wraps ... ok
test renderer::layout::paragraph_layout::issue_4370_tac_table_wrap_tests::middle_anchor_wrap_preserved ... ok
test renderer::layout::paragraph_layout::issue_4657_distribute_alignment_tests::distribute_excludes_trailing_spaces ... ok
test renderer::layout::paragraph_layout::issue_4657_distribute_alignment_tests::distribute_fills_full_width_regardless_of_line_length ... ok
test renderer::layout::paragraph_layout::issue_4657_distribute_alignment_tests::distribute_single_visible_char_keeps_natural_width ... ok
test renderer::layout::paragraph_layout::pua_mapping_tests::basic_pua_arrow_e8 ... ok
test renderer::layout::paragraph_layout::pua_mapping_tests::basic_pua_outside_range_returns_original ... ok
test renderer::layout::paragraph_layout::pua_mapping_tests::supplementary_pua_a_low_range_maps_down_arrow ... ok
test renderer::layout::paragraph_layout::pua_mapping_tests::supplementary_pua_a_low_range_unmapped_returns_original ... ok
test renderer::layout::paragraph_layout::pua_mapping_tests::supplementary_pua_a_maps_middle_dot ... ok
test renderer::layout::paragraph_layout::pua_mapping_tests::supplementary_pua_a_passthrough_for_boxed_digits ... ok
test renderer::layout::paragraph_layout::pua_mapping_tests::supplementary_pua_a_unmapped_returns_original ... ok
test renderer::layout::paragraph_layout::trailing_tac_width_tests::final_run_trailing_tac_is_included_in_alignment_width ... ok
test renderer::layout::paragraph_layout::trailing_tac_width_tests::forced_break_trailing_tac_stays_with_emitting_line ... ok
test renderer::layout::paragraph_layout::trailing_tac_width_tests::next_line_leading_tac_is_not_back_attributed_to_previous_width ... ok
test renderer::layout::shape_layout::tests::matrix_textbox_para_collapses_imported_lines_that_overflow_height ... ok
test renderer::layout::table_layout::row_cut_tests::issue2214_cached_true_local_change_evicts_edited_cell_only ... ok
test renderer::layout::table_layout::row_cut_tests::issue2214_cold_local_change_records_true_without_table_scan ... ok
test renderer::layout::integration_tests::tests::test_master_page_header_shapes_stay_within_body_margins ... ok
test renderer::layout::integration_tests::tests::test_705_aift_cell_pagehides_total_count ... ok
test renderer::layout::table_layout::row_cut_tests::issue2214_scoped_eviction_retains_unrelated_cache ... ok
test renderer::layout::table_layout::row_cut_tests::issue2214_table_flag_change_evicts_owner_cells_only ... ok
test renderer::layout::table_layout::row_cut_tests::issue2424_delete_local_contribution_recomputes_owner_flag_only ... ok
test renderer::layout::table_layout::row_cut_tests::issue4167_fingerprint_unchanged_edit_retains_cell_units ... ok
test renderer::layout::table_layout::row_cut_tests::issue4167_units_fingerprint_sensitivity ... ok
test renderer::layout::table_layout::row_cut_tests::native_hwp5_same_page_stale_empty_rowbreak_picture_resets_offset ... ok
test renderer::layout::table_layout::row_cut_tests::recursive_block_prelude_rewinds_already_fit_prefix_before_overflow ... ok
test renderer::layout::table_layout::row_cut_tests::stored_layout_relocated_empty_rowbreak_picture_uses_outer_host_vpos ... ok
test renderer::layout::table_layout::row_cut_tests::test_advance_row_cut_basic_split ... ok
test renderer::layout::table_layout::row_cut_tests::test_advance_row_cut_empty_overlay_reset_no_hard_break ... ok
test renderer::layout::table_layout::row_cut_tests::test_advance_row_cut_force_progress ... ok
test renderer::layout::table_layout::row_cut_tests::test_advance_row_cut_fully_consumed ... ok
test renderer::layout::table_layout::row_cut_tests::test_advance_row_cut_hwpx_bottom_vpos_reset_is_preserved ... ok
test renderer::layout::table_layout::row_cut_tests::test_advance_row_cut_hwpx_midpage_vpos_reset_is_absorbed ... ok
test renderer::layout::table_layout::row_cut_tests::test_advance_row_cut_multi_cell ... ok
test renderer::layout::table_layout::row_cut_tests::test_advance_row_cut_non_inline_flow_unit_is_atomic ... ok
test renderer::layout::table_layout::row_cut_tests::test_advance_row_cut_non_inline_flow_unit_not_orphaned_before_spacer ... ok
test renderer::layout::table_layout::row_cut_tests::test_advance_row_cut_rowbreak_grace_denied_before_spacer_then_visible_text ... ok
test renderer::layout::table_layout::row_cut_tests::test_advance_row_cut_rowbreak_grace_denied_in_continuous_visible_run ... ok
test renderer::layout::table_layout::row_cut_tests::test_advance_row_cut_rowbreak_grace_kept_for_true_tail_before_spacers ... ok
test renderer::layout::table_layout::row_cut_tests::test_advance_row_cut_rowbreak_rewinds_internal_hard_break_orphan ... ok
test renderer::layout::table_layout::row_cut_tests::test_advance_row_cut_vpos_reset_hard_break ... ok
test renderer::layout::table_layout::row_cut_tests::test_block_cut_row_offsets_absorbs_sliver_before_stored_hard_break ... ok
test renderer::layout::table_layout::row_cut_tests::test_block_cut_row_offsets_no_absorb_beyond_tolerance ... ok
test renderer::layout::table_layout::row_cut_tests::test_block_cut_rowspan_giant_split ... ok
test renderer::layout::integration_tests::tests::test_705_aift_page2_cell_pagehide_collected ... ok
test renderer::layout::table_layout::row_cut_tests::test_block_cut_single_row_parity ... ok
test renderer::layout::table_layout::row_cut_tests::test_cell_cut_non_inline_controls_do_not_repeat_after_para_cut ... ok
test renderer::layout::table_layout::row_cut_tests::test_direct_hwpx_nested_resets_keep_legacy_parent_projection ... ok
test renderer::layout::table_layout::row_cut_tests::test_empty_anchor_topandbottom_flow_delayed_before_hard_break ... ok
test renderer::layout::table_layout::row_cut_tests::test_multi_page_single_cell_nested_reset_is_authoritative_in_parent_projection ... ok
test renderer::layout::table_layout::row_cut_tests::test_plain_text_saved_reset_is_distinct_from_control_local_reset ... ok
test renderer::layout::table_layout::row_cut_tests::test_saved_reset_trailing_trim_requires_plain_text_owners ... ok
test renderer::layout::table_layout::row_cut_tests::test_shrink_cell_padding_preserves_explicit_cell_margin ... ok
test renderer::layout::table_layout::row_cut_tests::test_topandbottom_flow_height_includes_margins ... ok
test renderer::layout::table_layout::row_cut_tests::trailing_reservation_does_not_extend_before_later_source_owner ... ok
test renderer::layout::table_partial::tests::issue_2007_recursive_cut_clip_only_contains_new_source_bounded_child ... ok
test renderer::layout::table_partial::tests::issue_4159_nonterminal_cell_clip_does_not_expose_nested_tail ... ok
test renderer::layout::table_partial::tests::issue_4159_terminal_cell_clip_contains_nested_table_stroke ... ok
test renderer::layout::table_partial::tests::split_cell_fragment_origin_uses_first_visible_line_not_paragraph_start ... ok
test renderer::layout::table_partial::tests::split_cell_snap_cap_uses_physical_content_bottom_not_valign_start ... ok
test renderer::layout::tests::collect_top_level_table_spans_domain ... ok
test renderer::layout::tests::compact_endnote_tail_log_tolerance_allows_line_box_bleed_only ... ok
test renderer::layout::tests::detect_table_overlaps_flags_only_above_threshold ... ok
test renderer::layout::tests::endnote_separator_caller_uses_schema_sentinel_widths ... ok
test renderer::layout::tests::footnote_separator_caller_uses_absolute_hwpunit_width ... ok
test renderer::layout::tests::header_paper_relative_picture_uses_header_frame_origin ... ok
test renderer::layout::tests::header_paper_relative_shape_uses_page_origin ... ok
test renderer::layout::tests::issue2439_fragment_margin_evidence_is_narrow_and_structural ... ok
test renderer::layout::tests::issue2439_full_table_top_matches_first_partial_fragment_top ... ok
test renderer::layout::tests::issue2817_paper_anchor_behind_picture_host_keeps_no_line_advance ... ok
test renderer::layout::tests::issue2817_paper_anchor_infront_picture_host_reserves_line_advance ... ok
test renderer::layout::tests::issue3216_page_auto_number_does_not_expand_manual_page_field_model_text ... ok
test renderer::layout::tests::issue_4334_paper_node_sort_key_no_longer_depends_on_node_id ... ok
test renderer::layout::tests::master_page_controls_sort_by_render_layer_z_order ... ok
test renderer::layout::tests::master_page_paper_relative_picture_uses_page_origin ... ok
test renderer::layout::tests::master_page_paper_relative_shape_uses_page_origin ... ok
test renderer::layout::tests::master_page_paper_sized_background_replays_behind_body_text ... ok
test renderer::layout::tests::master_page_smaller_front_control_stays_in_front_of_body_text ... ok
test renderer::layout::tests::native_multiline_visible_float_uses_host_end_only_for_short_offset ... ok
test renderer::layout::tests::note_separator_length_resolves_schema_sentinels_and_absolute_hwpunit ... ok
test renderer::layout::tests::oversized_row_width_outlier_does_not_expand_base_columns ... ok
test renderer::layout::tests::page_bg_image_only_on_section_first_page ... ok
test renderer::layout::tests::partial_paragraph_start_line_beyond_lines_does_not_panic ... ok
test renderer::layout::tests::physical_outer_box_paint_inset_layout_gate_requires_single_active_zone_column_and_height_match ... ok
test renderer::layout::tests::stored_layout_relocated_picture_caption_uses_next_saved_flow_anchor ... ok
test renderer::layout::tests::tac_picture_effective_margin_left_matches_paragraph_layout_single_margin_rule ... ok
test renderer::layout::tests::task1197_paper_nodes_sort_by_plane_z_order_and_stable_index ... ok
test renderer::layout::tests::task290_inline_center_uses_tabdef ... ok
test renderer::layout::tests::task290_inline_left_returns_none ... ok
test renderer::layout::tests::task290_inline_right_uses_tabdef ... ok
test renderer::layout::tests::task290_no_inline_auto_tab_right_fallthrough ... ok
test renderer::layout::tests::task290_no_inline_fallback_to_tabdef ... ok
test renderer::layout::tests::task296_inline_tab_type_center ... ok
test renderer::layout::tests::task296_inline_tab_type_decimal ... ok
test renderer::layout::tests::task296_inline_tab_type_left ... ok
test renderer::layout::tests::task296_inline_tab_type_right ... ok
test renderer::layout::tests::test_build_empty_page ... ok
test renderer::layout::tests::test_compute_char_positions_extra_char_spacing ... ok
test renderer::layout::tests::test_build_page_with_paragraph ... ok
test renderer::layout::tests::test_compute_char_positions_extra_word_spacing ... ok
test renderer::layout::tests::test_estimate_text_width ... ok
test renderer::layout::tests::test_estimate_text_width_with_extra_spacing ... ok
test renderer::layout::tests::test_estimate_text_width_with_ratio ... ok
test renderer::layout::tests::test_expand_numbering_format_digit ... ok
test renderer::layout::tests::test_expand_numbering_format_hangul ... ok
test renderer::layout::tests::test_expand_numbering_format_level_path ... ok
test renderer::layout::tests::test_expand_numbering_format_level_path_mixed_format ... ok
test renderer::layout::tests::test_expand_numbering_format_zero_start_number_does_not_underflow ... ok
test renderer::layout::tests::test_extra_spacing_zero_default ... ok
test renderer::layout::tests::test_extra_word_spacing_no_effect_on_non_space ... ok
test renderer::layout::tests::test_geometric_shapes_treated_as_fullwidth ... ok
test renderer::layout::tests::test_is_heavy_display_face_matches_known_heavy_faces ... ok
test renderer::layout::tests::test_is_heavy_display_face_with_family_chain ... ok
test renderer::layout::tests::test_layout_multi_run_x_position ... ok
test renderer::layout::tests::test_layout_rect_to_bbox ... ok
test renderer::layout::tests::test_layout_table_cell_positions ... ok
test renderer::layout::tests::test_layout_table_basic ... ok
test renderer::layout::tests::test_layout_with_composed_styles ... ok
test renderer::layout::tests::test_numbering_format_to_number_format ... ok
test renderer::layout::tests::test_numbering_state_advance ... ok
test renderer::layout::tests::test_numbering_state_different_numbering_id_resets ... ok
test renderer::layout::tests::test_numbering_state_level_change_recalculation ... ok
test renderer::layout::tests::test_numbering_state_promote_recalculation ... ok
test renderer::layout::tests::test_resolved_to_text_style ... ok
test renderer::layout::tests::test_resolved_to_text_style_missing_id ... ok
test renderer::layout::tests::test_resolved_to_text_style_with_ratio ... ok
test renderer::layout::tests::test_square_bullet_with_space_preserves_layout ... ok
test renderer::layout::tests::test_tab_not_affected_by_extra_spacing ... ok
test renderer::layout::tests::test_tac_leading_width_block_table_full_line ... ok
test renderer::layout::tests::test_tac_leading_width_inline_table_partial ... ok
test renderer::layout::tests::whitespace_tac_carrier_paint_y_rejects_float_host_para ... ok
test renderer::layout::tests::whitespace_tac_carrier_paint_y_rejects_forward_displacement ... ok
test renderer::layout::tests::whitespace_tac_carrier_paint_y_rejects_missing_or_block_tac ... ok
test renderer::layout::tests::whitespace_tac_carrier_paint_y_rejects_small_intra_gap ... ok
test renderer::layout::tests::whitespace_tac_carrier_paint_y_rejects_substantive_text_host ... ok
test renderer::layout::tests::whitespace_tac_carrier_paint_y_rejects_synthetic_segs ... ok
test renderer::layout::tests::whitespace_tac_carrier_paint_y_requires_hwpx_stored_profile ... ok
test renderer::layout::tests::whitespace_tac_carrier_paint_y_rewinds_to_stored_vpos ... ok
test renderer::layout::text_measurement::tests::issue_2279_hancom_dotum_batang_use_haansoft_metrics ... ok
test renderer::layout::text_measurement::tests::issue_3820_hanyang_junggothic_space_uses_pdf_advance_only ... ok
test renderer::layout::text_measurement::tests::issue_3820_hanyang_shinmyeongjo_space_is_standard_body_only ... ok
test renderer::layout::text_measurement::tests::issue_4442_noto_sans_kr_regular_ascii_shared_width_uses_tracked_advances ... ok
test renderer::layout::text_measurement::tests::issue_4701_hcr_batang_latin_uses_font_hmtx ... ok
test renderer::layout::text_measurement::tests::issue_2430_hft_faces_ascii_embedded_coverage ... ok
test renderer::layout::text_measurement::tests::latin_metric_coverage_report ... ok
test renderer::layout::text_measurement::tests::test_630_middle_dot_full_width_in_registered_font ... ok
test renderer::layout::text_measurement::tests::test_6478_corner_quote_is_fullwidth_in_registered_font ... ok
test renderer::layout::text_measurement::tests::test_b7_advance_follows_the_font_table_only_when_trusted ... ok
test renderer::layout::text_measurement::tests::test_build_cluster_len_basic ... ok
test renderer::layout::text_measurement::tests::test_build_cluster_len_hangul_jamo ... ok
test renderer::layout::text_measurement::tests::test_build_cluster_len_mixed ... ok
test renderer::layout::text_measurement::tests::test_charshape_negative_letter_spacing_no_reverse ... ok
test renderer::layout::text_measurement::tests::test_embedded_matches_free_fn ... ok
test renderer::layout::text_measurement::tests::test_embedded_measurer_cjk_heuristic ... ok
test renderer::layout::text_measurement::tests::test_embedded_measurer_known_font ... ok
test renderer::layout::text_measurement::tests::test_embedded_measurer_latin_heuristic ... ok
test renderer::layout::text_measurement::tests::test_embedded_positions_match_free_fn ... ok
test renderer::layout::text_measurement::tests::test_inline_object_placeholder_has_zero_advance ... ok
test renderer::layout::text_measurement::tests::test_kopub_dotum_hangul_872_advance ... ok
test renderer::layout::text_measurement::tests::test_mock_measurer_extra_word_spacing ... ok
test renderer::layout::text_measurement::tests::test_mock_measurer_fixed_width ... ok
test renderer::layout::text_measurement::tests::test_mock_measurer_letter_spacing ... ok
test renderer::layout::text_measurement::tests::test_mock_measurer_positions ... ok
test renderer::layout::text_measurement::tests::test_mock_measurer_ratio ... ok
test renderer::layout::text_measurement::tests::test_mock_measurer_tab ... ok
test renderer::layout::text_measurement::tests::test_narrow_glyph_comma_base_width ... ok
test renderer::layout::text_measurement::tests::test_narrow_glyph_middle_dot_base_width ... ok
test renderer::layout::text_measurement::tests::test_narrow_glyph_period_and_colon ... ok
test renderer::layout::text_measurement::tests::test_narrow_glyph_tone_marks ... ok
test renderer::layout::text_measurement::tests::test_non_compression_width_unchanged_by_fix ... ok
test renderer::layout::text_measurement::tests::test_non_narrow_char_unchanged ... ok
test renderer::layout::text_measurement::tests::test_overflow_compression_positions_monotonic_comma ... ok
test renderer::layout::text_measurement::tests::test_overflow_compression_positions_monotonic_period ... ok
test renderer::layout::text_measurement::tests::test_paren_narrow_is_font_conditioned ... ok
test renderer::layout::text_measurement::tests::test_unicode_arrow_uses_symbol_advance ... ok
test renderer::layout::utils::tests::find_bin_data_hwp_hwpspec_page_bg_pattern ... ok
test renderer::layout::utils::tests::find_bin_data_hwpx_realistic_layout_with_chart ... ok
test renderer::layout::utils::tests::find_bin_data_indexed_match_storage_id_differs ... ok
test renderer::layout::utils::tests::find_bin_data_indexed_match_storage_id_matches ... ok
test renderer::layout::utils::tests::find_bin_data_out_of_range_returns_none ... ok
test renderer::layout::utils::tests::find_bin_data_returns_none_for_zero ... ok
test renderer::layout::utils::tests::find_bin_data_sparse_id_for_hwpx_chart ... ok
test renderer::layout::utils::tests::picture_display_size_keeps_common_when_current_is_smaller ... ok
test renderer::layout::utils::tests::picture_display_size_uses_larger_current_axis ... ok
test renderer::layout::utils::tests::picture_flow_frame_falls_back_when_common_is_zero ... ok
test renderer::layout::utils::tests::picture_flow_frame_keeps_display_size_for_tac_inline ... ok
test renderer::layout::utils::tests::picture_flow_frame_keeps_display_size_for_topbottom_float ... ok
test renderer::layout::utils::tests::picture_flow_frame_uses_common_for_square_wrap_float ... ok
test renderer::layout_frame::tests::both_sides_four_physical_rows_project_eight_segments ... ok
test renderer::layout_frame::tests::committed_row_projects_one_complete_lineseg_group_and_advances_once ... ok
test renderer::layout_frame::tests::largest_side_carve_breaks_a_tie_to_the_left_lane ... ok
test renderer::layout_frame::tests::largest_side_carve_chooses_the_wider_right_lane ... ok
test renderer::layout_frame::tests::largest_side_carve_moves_a_1440_hwp_left_lane_to_the_right ... ok
test renderer::layout_frame::tests::live_frame_retries_when_the_1440_exception_selects_an_unusable_right_lane ... ok
test renderer::layout_frame::tests::one_physical_row_projects_each_carved_interval_with_shared_metrics ... ok
test renderer::layout_frame::tests::stored_rows_equal_to_the_frames_expectation_are_admitted ... ok
test renderer::layout_frame::tests::taller_candidate_recarves_before_the_row_is_committed ... ok
test renderer::page_layout::tests::apply_page_number_margins_moves_existing_zone_layout_without_rebuilding_columns ... ok
test renderer::page_layout::tests::page_layout_duplex_sided_even_page_swaps_body_and_columns ... ok
test renderer::page_layout::tests::page_layout_from_page_def_matches_page_one_layout ... ok
test renderer::page_layout::tests::test_available_body_height ... ok
test renderer::page_layout::tests::test_single_column_layout ... ok
test renderer::page_layout::tests::test_two_column_layout ... ok
test renderer::page_number::tests::multiple_new_numbers_each_consumed_once ... ok
test renderer::page_number::tests::new_number_applied_once_then_monotonic ... ok
test renderer::page_number::tests::no_new_number_means_monotonic_from_initial ... ok
test renderer::page_number::tests::partial_paragraph_first_split_triggers ... ok
test renderer::page_number::tests::partial_paragraph_non_first_split_does_not_trigger ... ok
test renderer::page_number::tests::partial_table_continuation_does_not_trigger ... ok
test renderer::page_number::tests::same_paragraph_multiple_new_numbers_last_wins ... ok
test renderer::page_number::tests::should_hide_before_first_new_number ... ok
test renderer::page_number::tests::should_not_hide_when_no_new_numbers ... ok
test renderer::pagination::tests::page_bottom_empty_paragraph_before_vpos_reset_does_not_create_blank_page ... ok
test renderer::pagination::tests::bottom_caption_reserve_ignores_negative_host_line_spacing_issue2699 ... ok
test renderer::pagination::tests::page_bottom_text_box_fit_keeps_line_even_when_advance_overflows ... ok
test renderer::pagination::tests::tac_picture_and_shape_require_partial_paragraph_page_routing ... ok
test renderer::pagination::tests::test_page_overflow ... ok
test renderer::pagination::tests::test_paginator_dpi ... ok
test renderer::pagination::tests::test_partial_paragraph_after_content ... ok
test renderer::pagination::tests::test_partial_paragraph_multi_page_span ... ok
test renderer::pagination::tests::test_partial_paragraph_split ... ok
test renderer::pagination::tests::test_short_paragraph_no_split ... ok
test renderer::pagination::tests::test_single_paragraph ... ok
test renderer::pagination::tests::test_table_cell_break_intra_row_split ... ignored, Task #993: 레거시 Paginator(engine.rs)는 분할 표 컷을 생산하지 않음 — TypesetEngine 컷 모델로 대체. advance_row_cut 단위 테스트(table_layout.rs row_cut_tests)가 인트라-로우 분할을 검증.
test renderer::pagination::tests::test_table_cell_break_multi_page_row ... ignored, Task #993: 레거시 Paginator(engine.rs)는 분할 표 컷을 생산하지 않음 — TypesetEngine 컷 모델로 대체. advance_row_cut 단위 테스트(table_layout.rs row_cut_tests)가 인트라-로우 분할을 검증.
test renderer::pagination::tests::test_table_fits_single_page ... ok
test renderer::pagination::tests::test_table_height_within_body_area ... ok
test renderer::pagination::tests::test_table_none_also_intra_row_split ... ignored, Task #993: 레거시 Paginator(engine.rs)는 분할 표 컷을 생산하지 않음 — TypesetEngine 컷 모델로 대체. advance_row_cut 단위 테스트(table_layout.rs row_cut_tests)가 인트라-로우 분할을 검증.
test renderer::pagination::tests::test_table_page_split ... ok
test renderer::pagination::tests::test_table_split_10rows_at_page_bottom ... ok
test renderer::pagination::tests::test_empty_paragraphs ... ok
test renderer::pagination::tests::test_table_split_50rows_multi_page ... ok
test renderer::pagination::tests::test_table_split_with_nested_table ... ok
test renderer::pagination::tests::test_table_split_with_repeat_header ... ok
test renderer::partial_replay::tests::partial_text_replay_never_culls_independent_ink_effects ... ok
test renderer::partial_replay::tests::partial_text_replay_uses_font_extent_when_line_box_is_smaller ... ok
test renderer::pdf::tests::default_pdf_font_options_are_os_specific_and_non_empty ... ok
test renderer::pdf::tests::equation_font_accepts_full_family_chain ... ok
test renderer::pdf::tests::pdf_backend_aliases_are_explicit ... ok
test renderer::pdf::tests::pdf_font_options_replace_generic_fallbacks_and_equation_font ... ok
test renderer::layout::integration_tests::tests::test_705_aift_page2_cell_pagehide_six_fields ... ok
test renderer::pdf::tests::skia_direct_pdf_rejects_corrupt_and_unvalidated_images ... ok
test renderer::pdf::tests::skia_direct_pdf_rejects_invalid_export_inputs ... ok
test renderer::pdf::tests::skia_direct_pdf_rejects_known_lossy_shape_replay ... ok
test renderer::pdf::tests::tounicode_does_not_touch_bytes_outside_the_block ... ok
test renderer::pdf::tests::tounicode_leaves_unmapped_codepoints_alone ... ok
test renderer::pdf::tests::tounicode_pua_is_remapped_without_changing_length ... ok
test renderer::pua_oldhangul::tests::test_exam_kor_p17_coverage ... ok
test renderer::pua_oldhangul::tests::test_hwpspec_f53a_maps_to_old_hangul_han ... ok
test renderer::pua_oldhangul::tests::test_known_mapping_sample ... ok
test renderer::pua_oldhangul::tests::test_map_size ... ok
test renderer::pua_oldhangul::tests::test_map_sorted ... ok
test renderer::pua_oldhangul::tests::test_no_collision_with_pua_bullet_range ... ok
test renderer::render_normalization::tests::near_fit_nested_table_has_no_render_width_projection ... ok
test renderer::render_normalization::tests::nested_tables_keep_declared_width ... ok
test renderer::render_normalization::tests::removed_source_path_does_not_reuse_stale_projection ... ok
test renderer::render_normalization::tests::repeated_normalization_has_no_stale_width_projection ... ok
test renderer::render_normalization::tests::short_native_rowbreak_child_projects_only_inside_short_owner_viewport ... ok
test renderer::render_tree::tests::legacy_hancom_product_projection_covers_direct_text_runs_only ... ok
test renderer::render_tree::tests::legacy_hancom_product_projection_does_not_rewrite_pua_old_hangul ... ok
test renderer::render_tree::tests::render_tree_json_exposes_image_owner_and_text_wrap ... ok
test renderer::render_tree::tests::test_bounding_box_contains ... ok
test renderer::render_tree::tests::test_bounding_box_from_hwpunit ... ok
test renderer::render_tree::tests::test_bounding_box_intersects ... ok
test renderer::render_tree::tests::test_clip_different_bin_id_no_clip ... ok
test renderer::render_tree::tests::test_clip_different_width_no_clip ... ok
test renderer::render_tree::tests::test_clip_different_x_no_clip ... ok
test renderer::render_tree::tests::test_clip_exam_eng_pattern ... ok
test renderer::render_tree::tests::test_clip_nested_children ... ok
test renderer::layout::integration_tests::tests::test_705_aift_page3_cell_pagehide_collected ... ok
test renderer::render_tree::tests::test_clip_no_vertical_overlap_no_clip ... ok
test renderer::render_tree::tests::test_clip_reversed_order_no_clip ... ok
test renderer::render_tree::tests::test_clip_single_image_no_op ... ok
test renderer::render_tree::tests::test_clip_skips_cross_plane_pairs ... ok
test renderer::render_tree::tests::test_clip_three_overlapping_chain ... ok
test renderer::render_tree::tests::test_clip_without_crop ... ok
test renderer::render_tree::tests::test_page_render_tree ... ok
test renderer::scheduler::tests::test_observer_trait ... ok
test renderer::scheduler::tests::test_render_priority_order ... ok
test renderer::scheduler::tests::test_render_task_creation ... ok
test renderer::scheduler::tests::test_scheduler_creation ... ok
test renderer::scheduler::tests::test_scheduler_enqueue_on_viewport_change ... ok
test renderer::scheduler::tests::test_scheduler_invalidate_page ... ok
test renderer::scheduler::tests::test_scheduler_task_lifecycle ... ok
test renderer::scheduler::tests::test_scheduler_visible_pages ... ok
test renderer::scheduler::tests::test_viewport ... ok
test renderer::skia::font_lookup::tests::system_family_membership_uses_exact_family_name ... ok
test renderer::pdf::tests::skia_direct_pdf_records_multiple_layer_pages ... ok
test renderer::layout::integration_tests::tests::test_footer_total_page_field_distinct_from_current_page ... ok
test renderer::skia::font_lookup::tests::missing_family_is_filtered_before_system_lookup ... ok
test renderer::skia::renderer::tests::applies_grayscale_image_effect ... ok
test renderer::pdf::tests::skia_direct_pdf_raw_svg_fallback_is_strict_and_uses_requested_dpi ... ok
test renderer::skia::renderer::tests::behind_text_image_replays_below_flow_across_tree_branches ... ok
test renderer::skia::renderer::tests::behind_text_layered_vector_replays_below_flow_across_tree_branches ... ok
test renderer::skia::renderer::tests::clears_transparent_by_default_and_opaque_when_requested ... ok
test renderer::skia::renderer::tests::issue_3300_form_family_chain_includes_bundled_noto_fallbacks ... ok
test renderer::skia::renderer::tests::group_children_replay_in_order ... ok
test renderer::skia::renderer::tests::ignores_invalid_image_rects ... ok
test renderer::skia::renderer::tests::in_front_of_text_image_replays_above_flow_when_raw_order_is_earlier ... ok
test renderer::skia::renderer::tests::missing_perpendicular_image_placeholder_uses_transformed_bounds ... ok
test renderer::skia::renderer::tests::missing_picture_placeholder_follows_render_profile ... ok
test renderer::skia::renderer::tests::native_skia_glyph_run_proof_keeps_glyph_id_range_guard ... ok
test renderer::skia::renderer::tests::native_skia_glyph_run_proof_reports_blob_font_digest_mismatch ... ok
test renderer::skia::renderer::tests::native_skia_glyph_run_proof_reports_face_index_and_variation_limits ... ok
test renderer::skia::renderer::tests::native_skia_glyph_run_proof_reports_mismatched_blob_data_ref_metadata ... ok
test renderer::skia::renderer::tests::native_skia_glyph_run_proof_rejects_unsupported_font_digest_algorithm ... ok
test renderer::skia::renderer::tests::native_skia_glyph_run_proof_reports_missing_blob_data_ref_metadata ... ok
test renderer::skia::renderer::tests::native_skia_glyph_run_proof_reports_missing_face ... ok
test renderer::skia::renderer::tests::native_skia_glyph_run_proof_reports_missing_font_blob_bytes ... ok
test renderer::skia::renderer::tests::native_skia_glyph_run_proof_reports_portability_font_blob_digest_mismatch ... ok
test renderer::skia::renderer::tests::native_skia_glyph_run_proof_separates_replay_eligibility_from_blob_portability ... ok
test renderer::skia::renderer::tests::output_options_control_clip_rect_replay ... ok
test renderer::skia::renderer::tests::preserves_colorref_channel_order_in_pixels ... ok
test renderer::skia::renderer::tests::native_skia_rejects_vertical_glyph_run_contract_for_now ... ok
test renderer::skia::renderer::tests::raster_options_scale_output_size ... ok
test renderer::skia::renderer::tests::raster_output_preserves_metadata_and_background_color ... ok
test renderer::skia::renderer::tests::native_skia_keeps_glyph_run_fallback_when_exact_blob_cannot_instantiate ... ok
test renderer::skia::renderer::tests::raw_svg_replay_does_not_load_external_file_hrefs ... ok
test renderer::skia::renderer::tests::rejects_invalid_page_dimensions ... ok
test renderer::skia::renderer::tests::rejects_invalid_raster_options_before_surface_creation ... ok
test renderer::skia::renderer::tests::renders_arc_path_segments_as_ink ... ok
test renderer::layout::integration_tests::tests::issue_4334_stage3_document_position_coverage_precheck ... ok
test renderer::skia::renderer::tests::renders_cropped_image_source_rects ... ok
test renderer::skia::renderer::tests::renders_atop_equation_layout_as_colored_ink ... ok
test renderer::skia::renderer::tests::renders_equation_layout_as_colored_ink ... ok
test renderer::skia::renderer::tests::renders_page_background_fill_border_and_image ... ok
test renderer::skia::renderer::tests::renders_perpendicular_images_with_effective_bounds ... ok
test renderer::layout::table_layout::row_cut_tests::issue2214_deferred_insert_flag_change_evicts_owner_cells ... ok
test renderer::skia::renderer::tests::renders_png_for_basic_layer_tree ... ok
test renderer::skia::renderer::tests::renders_raw_svg_fragment_as_colored_ink ... ok
test renderer::skia::renderer::tests::renders_shape_fallback_fills_for_gradient_pattern_ellipse_path_and_line ... ok
test renderer::skia::renderer::tests::renders_output_control_marks_as_ink ... ok
test renderer::skia::renderer::tests::renders_placeholder_style_ops_as_ink ... ok
test renderer::skia::renderer::tests::renders_char_overlap_text_run_as_ink ... ok
test renderer::skia::renderer::tests::issue_2771_script_run_shrinks_glyph_and_shifts_baseline ... ok
test renderer::static_svg::tests::accepts_static_visible_path_layers ... ok
test renderer::skia::renderer::tests::renders_decorated_text_as_ink ... ok
test renderer::style_resolver::tests::test_detect_lang_category_cjk ... ok
test renderer::static_svg::tests::rejects_nonvisual_or_unsafe_fragments ... ok
test renderer::style_resolver::tests::test_detect_lang_category_default ... ok
test renderer::style_resolver::tests::test_detect_lang_category_english ... ok
test renderer::style_resolver::tests::test_detect_lang_category_japanese ... ok
test renderer::style_resolver::tests::test_detect_lang_category_korean ... ok
test renderer::style_resolver::tests::test_detect_lang_category_symbol ... ok
test renderer::style_resolver::tests::test_font_family_for_lang_fallback ... ok
test renderer::style_resolver::tests::test_lookup_font_missing ... ok
test renderer::style_resolver::tests::test_lookup_font_preserves_non_embedded_document_substitute ... ok
test renderer::style_resolver::tests::test_resolve_border_image_fill_preserves_watermark_attrs ... ok
test renderer::style_resolver::tests::test_resolve_border_no_fill ... ok
test renderer::style_resolver::tests::test_resolve_border_style ... ok
test renderer::style_resolver::tests::test_resolve_char_style_bold_italic ... ok
test renderer::style_resolver::tests::test_resolve_char_style_color ... ok
test renderer::style_resolver::tests::test_resolve_char_style_font_families ... ok
test renderer::style_resolver::tests::test_resolve_char_style_font_name ... ok
test renderer::style_resolver::tests::test_resolve_char_style_lang_ratios ... ok
test renderer::style_resolver::tests::test_resolve_char_style_lang_spacings ... ok
test renderer::style_resolver::tests::test_resolve_char_style_letter_spacing ... ok
test renderer::style_resolver::tests::test_resolve_char_style_ratio ... ok
test renderer::style_resolver::tests::test_resolve_char_style_size ... ok
test renderer::style_resolver::tests::test_resolve_char_style_underline ... ok
test renderer::style_resolver::tests::test_resolve_empty_doc_info ... ok
test renderer::style_resolver::tests::test_resolve_para_style_alignment ... ok
test renderer::style_resolver::tests::test_resolve_para_style_line_spacing ... ok
test renderer::style_resolver::tests::test_resolve_para_style_margins ... ok
test renderer::svg::tests::boxed_pua_char_overlap_draws_square_and_number ... ok
test renderer::svg::tests::char_overlap_with_border_keeps_charsz_reduction ... ok
test renderer::svg::tests::char_overlap_without_border_keeps_body_font_size ... ok
test renderer::svg::tests::font_file_candidates_are_single_path_components ... ok
test renderer::svg::tests::extra_char_spacing_does_not_expand_ascii_glyph_width ... ok
test renderer::svg::tests::legacy_hanyang_faces_have_portable_local_aliases ... ok
test renderer::svg::tests::negative_extra_char_spacing_preserves_existing_svg_glyph_fit ... ok
test renderer::svg::tests::style_font_face_css_orders_broken_bitmap_faces_after_outline_fallbacks ... ok
test renderer::svg::tests::test_background_image_realpic_watermark_fill_preserves_color_with_opacity ... ok
test renderer::svg::tests::test_bmp_to_png_invalid_returns_none ... ok
test renderer::svg::tests::test_bmp_to_png_success ... ok
test renderer::svg::tests::planned_font_lookup_does_not_descend_below_search_roots ... ok
test renderer::svg::tests::test_brightness_contrast_filter_clamp_out_of_range ... ok
test renderer::svg::tests::full_font_embed_uses_real_bold_face_when_document_uses_bold ... ok
test renderer::svg::tests::test_brightness_contrast_filter_dedup ... ok
test renderer::svg::tests::test_brightness_contrast_filter_nonzero_adds_defs ... ok
test renderer::svg::tests::test_brightness_contrast_filter_pure_contrast ... ok
test renderer::svg::tests::test_brightness_contrast_filter_pure_brightness ... ok
test renderer::svg::tests::test_brightness_contrast_filter_zero_returns_none ... ok
test renderer::svg::tests::test_color_to_svg ... ok
test renderer::svg::tests::test_compute_image_crop_src_exam_kor_header ... ok
test renderer::svg::tests::test_compute_image_crop_src_fallback_when_original_size_missing ... ok
test renderer::svg::tests::test_compute_image_crop_src_issue2817_img_dim_scale ... ok
test renderer::svg::tests::test_compute_image_crop_src_issue3239_non_96dpi_scan_fallback ... ok
test renderer::svg::tests::test_compute_image_crop_src_kwater_pi31 ... ok
test renderer::svg::tests::test_compute_image_crop_src_last_resort_hu_rule ... ok
test renderer::svg::tests::test_compute_image_crop_src_no_crop_full_image ... ok
test renderer::svg::tests::test_compute_image_crop_src_offset_top_left ... ok
test renderer::svg::tests::test_page_background_image_center_uses_original_image_size ... ok
test renderer::svg::tests::test_image_node_tiff_converts_to_png_for_svg ... ok
test renderer::svg::tests::test_page_background_image_fit_to_size_preserves_bbox_output ... ok
test renderer::svg::tests::test_page_background_image_non_realpic_watermark_uses_legacy_opacity ... ok
test renderer::svg::tests::test_page_background_image_pcx_converts_to_png ... ok
test renderer::svg::tests::test_page_background_image_realpic_watermark_preserves_color_with_opacity ... ok
test renderer::svg::tests::test_pcx_to_png_maps_white_to_transparent ... ok
test renderer::svg::tests::test_page_background_image_uses_display_brightness_contrast_order ... ok
test renderer::svg::tests::test_svg_begin_end_page ... ok
test renderer::svg::tests::test_svg_draw_path ... ok
test renderer::svg::tests::test_svg_draw_rect ... ok
test renderer::svg::tests::test_svg_draw_text ... ok
test renderer::svg::tests::test_svg_draw_text_corner_quote_uses_halfwidth_text_length ... ok
test renderer::svg::tests::test_svg_draw_text_medium_weight ... ok
test renderer::svg::tests::test_svg_draw_text_non_script_text_length_is_unchanged ... ok
test renderer::svg::tests::test_svg_draw_text_script_scales_text_length_by_glyph_size ... ok
test renderer::svg::tests::test_svg_draw_text_superscript_adjusts_baseline_and_size ... ok
test renderer::svg::tests::test_svg_text_char_positions ... ok
test renderer::svg::tests::test_svg_text_decoration ... ok
test renderer::svg::tests::test_svg_text_ratio ... ok
test renderer::svg::tests::test_svg_text_ratio_default ... ok
test renderer::svg::tests::test_xml_escape ... ok
test renderer::svg_fragment::tests::decode_data_url_png ... ok
test renderer::svg_fragment::tests::decode_data_url_rejects_malformed ... ok
test renderer::svg_fragment::tests::decode_data_url_rejects_non_base64 ... ok
test renderer::svg_fragment::tests::find_attr_basic ... ok
test renderer::svg_fragment::tests::find_attr_missing ... ok
test renderer::svg_fragment::tests::find_attr_word_boundary ... ok
test renderer::svg_fragment::tests::is_svg_prefix_direct ... ok
test renderer::svg_fragment::tests::is_svg_prefix_rejects_html_etc ... ok
test renderer::svg_fragment::tests::is_svg_prefix_rejects_png ... ok
test renderer::svg_fragment::tests::is_svg_prefix_xml_decl ... ok
test renderer::svg_fragment::tests::is_svg_prefix_xml_without_svg ... ok
test renderer::svg_fragment::tests::parse_single_image_href_only ... ok
test renderer::svg_fragment::tests::parse_single_image_leading_whitespace ... ok
test renderer::svg_fragment::tests::parse_single_image_rejects_group ... ok
test renderer::svg_fragment::tests::parse_single_image_rejects_missing_href ... ok
test renderer::svg_fragment::tests::parse_single_image_rejects_non_data_href ... ok
test renderer::svg_fragment::tests::parse_single_image_xlink_href ... ok
test renderer::svg_fragment::tests::wrap_svg_fragment_basic ... ok
test renderer::svg_fragment::tests::wrap_svg_fragment_preserves_fragment_content ... ok
test renderer::tests::boxed_pua_char_overlap_promotes_only_implicit_square_border ... ok
test renderer::tests::boxed_pua_number_covers_hancom_square_digits ... ok
test renderer::tests::distribution_spacing_does_not_resize_ascii_canvas_glyph ... ok
test renderer::tests::issue_2809_negative_letter_spacing_does_not_compress_canvas_glyph ... ok
test renderer::tests::non_negative_letter_spacing_keeps_existing_canvas_font_fit_policy ... ok
test renderer::tests::positive_distribution_spacing_is_not_part_of_glyph_fit_advance ... ok
test renderer::tests::test_a4_page_size_px ... ok
test renderer::tests::test_auto_number_counter ... ok
test renderer::tests::test_explicit_face_weight_hints ... ok
test renderer::tests::test_format_number_circled ... ok
test renderer::tests::test_base_family_without_weight_suffix ... ok
test renderer::tests::test_format_number_digit ... ok
test renderer::tests::test_format_number_hangul ... ok
test renderer::tests::test_format_number_latin ... ok
test renderer::tests::test_format_number_roman ... ok
test renderer::tests::test_generic_fallback ... ok
test renderer::tests::test_hwpunit_to_px ... ok
test renderer::tests::test_medium_weight_face ... ok
test renderer::tests::test_px_to_hwpunit ... ok
test renderer::tests::test_render_backend_from_str ... ok
test renderer::tests::test_script_advance_scale_is_exact_identity_for_non_script ... ok
test renderer::tests::test_script_draw_metrics_matches_shared_contract ... ok
test renderer::tests::test_source_line_metrics_keep_normal_stored_height ... ok
test renderer::tests::test_source_line_metrics_preserve_intentional_tall_section_line ... ok
test renderer::tests::test_source_line_metrics_reflow_replaces_stale_baseline ... ok
test renderer::tests::test_source_line_metrics_reflow_when_text_height_is_implausible ... ok
test renderer::tests::test_structural_controls_mark_section_start ... ok
test renderer::tests::test_tac_object_stack_rejects_stored_ls_and_non_tac ... ok
test renderer::tests::test_tac_object_stack_single_picture_line ... ok
test renderer::tests::test_tac_object_stack_wraps_by_width ... ok
test renderer::tests::test_text_anchor_square_table_strip_derives_from_geometry ... ok
test renderer::tests::test_text_anchor_square_table_strip_none_for_table_only_anchor ... ok
test renderer::typeset::issue_3780_line_advance_oob::out_of_range_advance_sum_clamps_to_existing_lines ... ok
test renderer::typeset::issue_3780_line_advance_oob::out_of_range_line_advance_is_zero_not_panic ... ok
test renderer::typeset::issue_3820_saved_rowbreak_first_fragment_frame_contract::frame_slack_stops_at_its_nearest_row_boundary ... ok
test renderer::typeset::issue_3820_saved_rowbreak_first_fragment_frame_contract::rejects_missing_or_unowned_saved_frames ... ok
test renderer::typeset::issue_3820_saved_rowbreak_first_fragment_frame_contract::uses_the_absolute_fragment_bottom_not_row_space ... ok
test renderer::typeset::saved_tac_table_flow_tail_contract::accepts_a_forward_source_frame_that_overlaps_the_current_flow ... ok
test renderer::typeset::saved_tac_table_flow_tail_contract::requires_the_table_object_not_just_its_anchor_line_to_fit ... ok
test renderer::typeset::tests::composed_footnote_height_separates_body_exact_metric_from_table_queue_floor ... ok
test renderer::typeset::tests::fullpage_image_single_page_policy_requires_strict_majority ... ok
test renderer::typeset::tests::footnote_area_reserve_uses_section_shape_metrics ... ok
test renderer::typeset::tests::hwpx_explicit_page_break_tail_requires_all_stored_layout_evidence ... ok
test renderer::typeset::tests::hwpx_explicit_page_break_tail_splits_only_last_stored_line ... ok
test renderer::typeset::tests::issue2424_block_table_context_owns_step_lifecycle ... ok
test renderer::typeset::tests::issue2424_table_continuation_cursor_preserves_break_state ... ok
test renderer::typeset::tests::issue2439_native_empty_host_rowbreak_evidence_is_narrow ... ok
test renderer::typeset::tests::issue2439_partial_rowbreak_repeats_outer_margins_without_repeating_vertical_offset ... ok
test renderer::typeset::tests::issue2439_strict_following_plain_text_fit_is_consumed_once ... ok
test renderer::typeset::tests::issue2814_two_picture_stack_keeps_current_page ... ok
test renderer::typeset::tests::issue2814_multi_coanchored_half_page_pictures_distribute_across_pages ... ok
test renderer::typeset::tests::issue_3821_square_picture_wrap_band_is_bounded_and_contiguous ... ok
test renderer::typeset::tests::issue2439_row_orphan_guard_uses_padded_visible_fragment_height ... ok
test renderer::typeset::tests::multiline_saved_vpos_tail_does_not_split_to_near_empty_page ... ok
test renderer::typeset::tests::page_bottom_empty_paragraph_before_vpos_reset_does_not_create_blank_page ... ok
test renderer::typeset::tests::reparsed_single_column_split_topology_is_narrow ... ok
test renderer::typeset::tests::saved_line_clears_footnote_area_requires_every_boundary ... ok
test renderer::typeset::tests::page_bottom_empty_run_before_vpos_reset_does_not_create_blank_page ... ok
test renderer::typeset::tests::saved_tail_fit_chain_keeps_authoritative_boundary_exceptions ... ok
test renderer::typeset::tests::saved_single_line_at_body_bottom_stays_on_current_page ... ok
test renderer::typeset::tests::saved_tac_table_line_at_body_bottom_stays_on_current_page ... ok
test renderer::typeset::tests::saved_tail_fit_chain_stops_on_third_applicable_line ... ok
test renderer::typeset::tests::single_column_vpos_reset_gate_requires_exclusive_tac_picture_or_shape ... ok
test renderer::typeset::tests::stored_host_anchor_requires_next_ladder_room ... ok
test renderer::typeset::tests::stored_vpos_rewind_ignores_synthetic_line_segments ... ok
test renderer::typeset::tests::table_continuation_does_not_reapply_page_hide ... ok
test renderer::typeset::tests::test_4770_anchor_pile_contract_requires_square_stack_and_page_bottom ... ok
test renderer::typeset::tests::test_saved_flow_marks_page_last ... ok
test renderer::typeset::tests::test_measure_endnote_advance_side_effect_free ... ok
test renderer::typeset::tests::test_typeset_1995_multi_fullpage_images_split_pages ... ok
test renderer::typeset::tests::test_typeset_4770_stored_line_beside_pile_keeps_stack_on_anchor_page ... ok
test renderer::typeset::tests::test_typeset_empty_paragraphs ... ok
test renderer::typeset::tests::test_typeset_engine_creation ... ok
test renderer::typeset::tests::test_typeset_line_split ... ok
test renderer::typeset::tests::test_typeset_703_behind_text_table_no_flow_advance ... ok
test renderer::typeset::tests::test_typeset_force_break_before_hint ... ok
test renderer::typeset::tests::test_typeset_page_break ... ok
test renderer::typeset::tests::test_typeset_mixed_paragraphs ... ok
test renderer::typeset::tests::test_typeset_single_paragraph ... ok
test renderer::typeset::tests::test_typeset_page_overflow ... ok
test renderer::typeset::tests::test_typeset_vs_paginator_p222 ... ok
test renderer::typeset::tests::two_line_tail_before_vpos_reset_stays_on_current_page_when_visible_bottom_fits ... ok
test renderer::typeset::tests::typeset_and_render_agree_on_inline_shape_flow_height ... ok
test renderer::typeset::tests::visible_host_caption_classifier_excludes_section_headings ... ok
test security_trailer::tests::accidental_magic_end_in_body_is_plain ... ok
test renderer::typeset::tests::test_typeset_vs_paginator_hongbo ... ok
test security_trailer::tests::no_trailer_is_plain ... ok
test security_trailer::tests::pq_bad_private_key_length_is_broken_not_panic ... ok
test security_trailer::tests::pq_bad_public_key_length_is_error ... ok
test security_trailer::tests::pq_empty_secret_roundtrips ... ok
test security_trailer::tests::pq_generate_seal_open_roundtrips ... ok
test security_trailer::tests::pq_keypair_sizes_are_fips203 ... ok
test security_trailer::tests::pq_no_trailer_is_plain ... ok
test renderer::typeset::tests::test_typeset_vs_paginator_biz_plan ... ok
test security_trailer::tests::pq_password_open_on_pq_trailer_is_broken_not_panic ... ok
test security_trailer::tests::pq_stripped_trailer_reopens_as_plain ... ok
test security_trailer::tests::pq_tampered_ciphertext_is_broken ... ok
test security_trailer::tests::pq_tampered_encap_header_is_broken ... ok
test security_trailer::tests::pq_wrong_private_key_is_broken_not_panic ... ok
test security_trailer::tests::pq_open_with_privkey_on_password_trailer_is_broken_not_panic ... ok
test renderer::skia::renderer::tests::renders_tiled_images_using_original_size ... ok
test security_trailer::tests::empty_secret_roundtrips ... ok
test security_trailer::tests::stripped_trailer_reopens_as_plain ... ok
test serializer::body_text::tests::issue4680_serializer_fallback_shifts_all_leading_control_coordinates ... ok
test serializer::body_text::tests::page_starts_on_rejects_values_outside_the_enum ... ok
test serializer::body_text::tests::test_autonum_range_tagged_fixed_width_space_serializes_as_hwp_control_code ... ok
test serializer::body_text::tests::test_char_count_without_para_text_is_normalized ... ok
test serializer::body_text::tests::test_control_char_code ... ok
test serializer::body_text::tests::test_control_mask_fixed_width_space_serializes_as_hwp_control_code ... ok
test serializer::body_text::tests::test_field_end_gap_not_stolen_by_next_control ... ok
test serializer::body_text::tests::test_hyperlink_does_not_shift_following_field_control_idx ... ok
test serializer::body_text::tests::test_layout_only_fill_lines_are_not_serialized ... ok
test serializer::body_text::tests::test_line_seg_at_text_end_is_kept ... ok
test serializer::body_text::tests::test_memo_field_end_uses_hancom_marker_tail ... ok
test serializer::body_text::tests::test_nbsp_control_mask_bit_30_tracks_para_text ... ok
test serializer::body_text::tests::test_nbsp_from_control_origin_serializes_as_code_30 ... ok
test serializer::body_text::tests::test_out_of_range_line_segs_are_not_serialized ... ok
test serializer::body_text::tests::test_plain_fixed_width_space_keeps_unicode_code_point ... ok
test serializer::body_text::tests::test_roundtrip_break_type ... ok
test serializer::body_text::tests::test_roundtrip_char_shapes ... ok
test serializer::body_text::tests::test_roundtrip_index_mark ... ok
test serializer::body_text::tests::test_roundtrip_index_mark_with_second_key ... ok
test serializer::body_text::tests::test_roundtrip_korean_text ... ok
test serializer::body_text::tests::test_roundtrip_line_segs ... ok
test serializer::body_text::tests::test_roundtrip_multiple_paragraphs ... ok
test serializer::body_text::tests::test_roundtrip_page_num_ctrl ... ok
test serializer::body_text::tests::test_roundtrip_range_tags ... ok
test serializer::body_text::tests::test_roundtrip_simple_text ... ok
test serializer::body_text::tests::test_roundtrip_title_mark ... ok
test serializer::body_text::tests::test_roundtrip_title_mark_ignore_off ... ok
test serializer::body_text::tests::test_roundtrip_with_linebreak ... ok
test serializer::body_text::tests::test_roundtrip_with_section_def_control ... ok
test serializer::body_text::tests::test_roundtrip_with_tab ... ok
test serializer::body_text::tests::test_serialize_empty_paragraph ... ok
test serializer::body_text::tests::test_soft_hyphen_does_not_set_control_mask_bit_24 ... ok
test serializer::body_text::tests::test_soft_hyphen_from_control_origin_stays_code_24 ... ok
test serializer::body_text::tests::test_soft_hyphen_serializes_as_literal_char ... ok
test serializer::byte_writer::tests::test_char_to_wchar_astral_replaces_instead_of_truncating ... ok
test serializer::byte_writer::tests::test_char_to_wchar_bmp_passthrough ... ok
test serializer::byte_writer::tests::test_position ... ok
test serializer::byte_writer::tests::test_sequential_writes_roundtrip ... ok
test serializer::byte_writer::tests::test_write_bytes ... ok
test serializer::byte_writer::tests::test_write_color_ref ... ok
test serializer::byte_writer::tests::test_write_hwp_string_ascii ... ok
test serializer::byte_writer::tests::test_write_hwp_string_empty ... ok
test serializer::byte_writer::tests::test_write_hwp_string_korean ... ok
test serializer::byte_writer::tests::test_write_hwp_string_mixed ... ok
test serializer::byte_writer::tests::test_write_hwp_string_overlong_truncates_instead_of_wrapping ... ok
test serializer::byte_writer::tests::test_write_i16_negative ... ok
test serializer::byte_writer::tests::test_write_i32_negative ... ok
test serializer::byte_writer::tests::test_write_i8 ... ok
test serializer::byte_writer::tests::test_write_u16_le ... ok
test serializer::byte_writer::tests::test_write_u32_le ... ok
test serializer::byte_writer::tests::test_write_u8 ... ok
test serializer::byte_writer::tests::test_write_zeros ... ok
test renderer::skia::renderer::tests::renders_tab_leader_for_empty_text_run ... ok
test serializer::cfb_writer::tests::test_bodytext_reserialization_diff ... ok
test renderer::skia::renderer::tests::renders_text_and_footnote_marker_as_ink ... ok
test serializer::cfb_writer::tests::test_compress_decompress_roundtrip ... ok
test serializer::cfb_writer::tests::test_compress_empty_data ... ok
test serializer::cfb_writer::tests::test_compressed_ole_storage_payload_is_deflated ... ok
test serializer::cfb_writer::tests::test_full_roundtrip_compressed ... ok
test serializer::cfb_writer::tests::test_full_roundtrip_uncompressed ... ok
test serializer::cfb_writer::tests::test_ole_storage_size_prefix_restored ... ok
test serializer::cfb_writer::tests::test_roundtrip_stream_comparison ... ok
test security_trailer::tests::seal_then_open_roundtrips ... ok
test serializer::cfb_writer::tests::test_cfb_structure_comparison ... ok
test serializer::cfb_writer::tests::test_serialize_hwp_cfb_streams ... ok
test serializer::cfb_writer::tests::test_serialize_hwp_compressed ... ok
test serializer::cfb_writer::tests::test_serialize_hwp_empty_document ... ok
test renderer::skia::renderer::tests::renders_valid_images_and_invalid_image_placeholders ... ok
test serializer::cfb_writer::tests::test_delete_table_control_roundtrip ... ok
test serializer::content_loss::tests::report_json_has_stable_schema_and_exact_resource_location ... ok
test serializer::control::tests::char_overlap_256_char_shape_ids_no_wraparound ... ok
test serializer::control::tests::char_overlap_non_bmp_char_roundtrip ... ok
test serializer::control::tests::field_parameter_loss_warning_fires_for_prop_and_direction ... ok
test serializer::control::tests::field_parameter_loss_warning_silent_when_no_parameters ... ok
test serializer::control::tests::field_parameter_loss_warning_silent_when_only_command_present ... ok
test serializer::control::tests::field_serialization_no_longer_writes_unverified_ctrl_data_extension ... ok
test serializer::control::tests::footnote_after_decoration_zero_is_not_forced_to_paren ... ok
test serializer::control::tests::issue1452_picture_transparency_updates_hwp_extra_byte ... ok
test serializer::control::tests::issue2696_ole_shape_component_stays_base_only ... ok
test serializer::control::tests::issue2696_top_level_shape_picture_emits_exactly_one_ctrl_header ... ok
test serializer::control::tests::issue2696_top_level_shape_picture_is_serialized ... ok
test serializer::control::tests::issue2715_caption_precedes_shape_component_and_textbox_follows ... ok
test serializer::control::tests::issue2715_group_caption_roundtrips ... ok
test serializer::control::tests::issue2715_rectangle_caption_roundtrips ... ok
test serializer::control::tests::issue2715_shape_without_caption_emits_no_list_header ... ok
test serializer::control::tests::picture_border_attr_word_serialized_from_ir ... ok
test serializer::control::tests::sync_anchor_bits_tests::sync_anchor_bits_leaves_zero_attr_untouched ... ok
test serializer::control::tests::sync_anchor_bits_tests::sync_anchor_bits_updates_stale_floating_seed ... ok
test serializer::control::tests::test_cell_field_name_extra_roundtrip ... ok
test serializer::control::tests::test_roundtrip_auto_number ... ok
test serializer::control::tests::test_roundtrip_bookmark ... ok
test serializer::control::tests::test_roundtrip_column_def ... ok
test serializer::control::tests::test_roundtrip_footnote ... ok
test serializer::control::tests::test_roundtrip_group_picture_child ... ok
test serializer::control::tests::test_roundtrip_header ... ok
test serializer::control::tests::test_roundtrip_page_hide ... ok
test serializer::control::tests::test_roundtrip_section_def ... ok
test serializer::control::tests::test_roundtrip_section_def_page_num_type_without_flags_sync ... ok
test serializer::control::tests::test_roundtrip_table ... ok
test serializer::control::tests::test_section_def_exact_ctrl_data_duplicate_is_serialized_once ... ok
test serializer::control::tests::test_section_def_matching_ctrl_data_after_nested_header_is_preserved ... ok
test serializer::doc_info::tests::issue4898_face_name_fills_measured_default_font_name ... ok
test serializer::doc_info::tests::numbering_serializes_number_format_into_attr_bits ... ok
test serializer::doc_info::tests::serialize_char_shape_preserves_active_line_and_shadow_fields ... ok
test serializer::doc_info::tests::serialize_char_shape_preserves_inactive_model_fields ... ok
test serializer::doc_info::tests::serialize_para_shape_writes_outline_level_into_tail ... ok
test serializer::doc_info::tests::tab_def_serializes_auto_tab_bits_from_bools ... ok
test serializer::doc_info::tests::test_serialize_bin_data_embedding ... ok
test serializer::doc_info::tests::test_serialize_border_fill_cross_centerline_uses_hwp5_center_bits ... ok
test serializer::doc_info::tests::test_serialize_border_fill_image_fill_mode_uses_hwp5_values ... ok
test serializer::doc_info::tests::test_serialize_border_fill_preserves_solid_and_image_alpha ... ok
test serializer::doc_info::tests::test_serialize_border_fill_solid ... ok
test serializer::doc_info::tests::test_serialize_bullet_layout_and_roundtrip ... ok
test serializer::doc_info::tests::test_serialize_char_shape_roundtrip ... ok
test serializer::doc_info::tests::test_serialize_char_shape_use_font_space_bit ... ok
test serializer::doc_info::tests::test_serialize_doc_info_roundtrip ... ok
test serializer::doc_info::tests::test_serialize_document_properties ... ok
test serializer::doc_info::tests::test_serialize_face_name_simple ... ok
test serializer::doc_info::tests::test_serialize_face_name_with_alt ... ok
test serializer::doc_info::tests::test_serialize_face_name_with_type_info_and_default_name ... ok
test serializer::doc_info::tests::test_serialize_id_mappings_uses_modern_count_table_size ... ok
test serializer::doc_info::tests::test_serialize_numbering_roundtrip ... ok
test serializer::doc_info::tests::test_serialize_para_shape_roundtrip ... ok
test serializer::doc_info::tests::test_serialize_style_roundtrip ... ok
test serializer::doc_info::tests::test_serialize_tab_def ... ok
test serializer::header::tests::test_serialize_file_header_all_flags ... ok
test serializer::header::tests::test_serialize_file_header_padding ... ok
test serializer::header::tests::test_serialize_file_header_roundtrip ... ok
test serializer::header::tests::test_serialize_file_header_signature ... ok
test serializer::header::tests::test_serialize_file_header_size ... ok
test serializer::hml::body::tests::hml_table_row_emission_is_bounded_by_actual_cells ... ok
test serializer::hml::body::tests::normal_table_row_emission_unchanged ... ok
test serializer::hwpx::canonical_defaults::tests::cell_span_defaults_are_one ... ok
test serializer::hwpx::canonical_defaults::tests::fontface_lang_names_match_indices ... ok
test serializer::hwpx::canonical_defaults::tests::numbering_start_is_one ... ok
test serializer::hwpx::canonical_defaults::tests::run_char_pr_id_ref_unset_is_u32_max ... ok
test serializer::hwpx::content::tests::extract_metadata_handles_missing ... ok
test serializer::hwpx::content::tests::metadata_block_preserved_verbatim ... ok
test serializer::hwpx::content::tests::metadata_falls_back_when_no_original ... ok
test serializer::hwpx::context::tests::control_picture_caption_border_fill_id_registered ... ok
test serializer::hwpx::context::tests::empty_doc_has_no_registered_ids ... ok
test serializer::hwpx::context::tests::empty_doc_passes_ref_resolution ... ok
test serializer::hwpx::context::tests::field_memo_paragraphs_border_fill_id_registered ... ok
test serializer::hwpx::context::tests::hidden_comment_border_fill_id_registered ... ok
test serializer::hwpx::context::tests::hwp5_bin_sequence_precedes_colliding_storage_id ... ok
test serializer::hwpx::context::tests::id_pool_register_reference_roundtrip ... ok
test serializer::hwpx::context::tests::issue1981_empty_extension_bindata_keeps_no_ext ... ok
test serializer::hwpx::context::tests::issue3526_contentless_embedding_bindata_is_registered ... ok
test serializer::hwpx::context::tests::mime_from_ext_covers_common_formats ... ok
test serializer::hwpx::context::tests::nested_table_border_fill_id_registered ... ok
test serializer::hwpx::context::tests::shape_chart_caption_border_fill_id_registered ... ok
test serializer::hwpx::context::tests::shape_default_caption_border_fill_id_registered ... ok
test serializer::hwpx::context::tests::shape_group_caption_and_child_border_fill_id_registered ... ok
test serializer::hwpx::context::tests::shape_ole_caption_border_fill_id_registered ... ok
test serializer::hwpx::context::tests::shape_picture_variant_caption_border_fill_id_registered ... ok
test serializer::hwpx::context::tests::style_zero_always_registered_without_explicit_style_list ... ok
test serializer::hwpx::context::tests::table_caption_border_fill_id_registered ... ok
test serializer::hwpx::context::tests::table_in_caption_serializes_end_to_end_without_crash ... ok
test serializer::hwpx::context::tests::task1384_border_fill_registered_one_based ... ok
test serializer::hwpx::context::tests::task1409_numbering_registered_one_based ... ok
test serializer::hwpx::context::tests::unresolved_char_pr_fails ... ok
test serializer::hwpx::field::tests::bookmark_emits_name ... ok
test serializer::hwpx::field::tests::every_field_type_maps_to_a_value_hancom_accepts ... ok
test serializer::hwpx::field::tests::field_begin_emits_type_attr ... ok
test serializer::hwpx::field::tests::field_begin_preserves_distinct_fieldid_attr ... ok
test serializer::hwpx::field::tests::field_end_references_begin_id ... ok
test serializer::hwpx::field::tests::field_type_str_covers_main_variants ... ok
test serializer::hwpx::field::tests::field_type_str_matches_owpml_schema ... ok
test serializer::hwpx::field::tests::field_type_str_toc_uses_the_spelling_hancom_writes ... ok
test serializer::hwpx::field::tests::footnote_emits_auto_num ... ok
test serializer::hwpx::field::tests::hyperlink_begin_uses_display_text_when_hwp3_url_is_absent ... ok
test serializer::hwpx::field::tests::hyperlink_begin_uses_string_param_command ... ok
test serializer::hwpx::field::tests::known_field_type_ignores_raw_type ... ok
test serializer::hwpx::field::tests::unknown_field_keeps_original_type_string ... ok
test serializer::hwpx::field::tests::unknown_field_recovers_type_from_command ... ok
test serializer::hwpx::field::tests::unknown_field_recovers_type_from_ctrl_id ... ok
test serializer::hwpx::field::tests::unknown_field_type_never_emits_schema_outside_value ... ok
test serializer::hwpx::field::tests::unknown_field_without_evidence_falls_back_to_crossref ... ok
test serializer::hwpx::fixtures::tests::empty_header_contains_hh_head_root ... ok
test serializer::hwpx::fixtures::tests::templates_are_not_empty ... ok
test serializer::hwpx::form::tests::checkbox_emits_checked_value_and_caption ... ok
test serializer::hwpx::form::tests::checkbox_emits_indeterminate_value ... ok
test serializer::hwpx::form::tests::color_inverts_parse_color_str ... ok
test serializer::hwpx::form::tests::combobox_emits_list_items_and_selected_value ... ok
test serializer::hwpx::form::tests::edit_emits_text_child ... ok
test serializer::hwpx::form::tests::nondefault_pos_outmargin_sz_listdisplay_are_emitted_from_props ... ok
test serializer::hwpx::form::tests::task3001_edit_password_char_defaults_to_asterisk ... ok
test security_trailer::tests::tampered_ciphertext_is_broken ... ok
test serializer::hwpx::header::tests::char_pr_outline_type_roundtrips_all_eight_values ... ok
test serializer::hwpx::header::tests::char_pr_shadow_continuous_is_ir_two_not_one ... ok
test serializer::hwpx::header::tests::canonical_attr_order_charpr ... ok
test serializer::hwpx::header::tests::diagonal_shape_type_matches_hwpx_parser_codes ... ok
test serializer::hwpx::header::tests::char_pr_shadow_drop_survives_roundtrip_with_offsets ... ok
test serializer::hwpx::header::tests::embedded_font_reference_to_missing_bin_data_is_an_error ... ok
test serializer::hwpx::header::tests::embedded_font_references_use_the_serialized_manifest_id ... ok
test serializer::hwpx::header::tests::tab_leader_str_emits_double_and_triple_line_types ... ok
test serializer::hwpx::header::tests::task_m100_shadow_type_str_reserved_value_maps_to_none ... ok
test serializer::hwpx::header::tests::track_change_flags_come_from_the_original_record ... ok
test serializer::hwpx::header::tests::truncated_track_change_record_falls_back_to_the_default ... ok
test serializer::hwpx::header::tests::write_border_fill_omits_fillbrush_when_none ... ok
test serializer::hwpx::header::tests::write_border_fill_preserves_center_line_type ... ok
test serializer::hwpx::header::tests::write_border_fill_preserves_slash_and_backslash_shape_types ... ok
test serializer::hwpx::header::tests::write_border_fill_preserves_slash_crooked_two_bit_value ... ok
test serializer::hwpx::header::tests::write_border_fill_preserves_three_d_and_shadow_bits ... ok
test serializer::hwpx::header::tests::write_border_fill_restores_empty_winbrush_when_none_with_solid ... ok
test serializer::hwpx::header::tests::write_border_fill_serializes_solid_winbrush_not_empty ... ok
test serializer::hwpx::header::tests::write_border_fill_uses_hwpx_dash_dot_contract ... ok
test serializer::hwpx::header::tests::write_char_pr_always_emits_underline_strikeout_outline_shadow ... ok
test serializer::hwpx::header::tests::write_char_pr_preserves_opaque_black_shade ... ok
test serializer::hwpx::header::tests::write_char_pr_use_font_space_roundtrip ... ok
test serializer::hwpx::header::tests::write_diagonal_omits_when_none_and_restores_type_from_code ... ok
test serializer::hwpx::header::tests::write_font_type_info_is_inverse_of_parser_layout ... ok
test serializer::hwpx::header::tests::write_fontfaces_emits_subst_font_before_type_info ... ok
test serializer::hwpx::header::tests::write_fontfaces_emits_type_info_child_only_when_present ... ok
test serializer::hwpx::header::tests::write_header_emits_preserved_hwpml_version ... ok
test serializer::hwpx::header::tests::write_header_falls_back_to_hardcoded_tail_when_absent ... ok
test serializer::hwpx::header::tests::write_header_emits_seven_fontfaces_when_populated ... ok
test serializer::hwpx::header::tests::write_header_preserves_char_shape_count ... ok
test serializer::hwpx::header::tests::write_header_runs_on_empty_document ... ok
test serializer::hwpx::header::tests::write_header_seccnt_matches_section_count ... ok
test serializer::hwpx::header::tests::write_header_splices_doc_settings_tail_verbatim ... ok
test serializer::hwpx::header::tests::write_numbering_falls_back_to_skeleton_when_no_raw ... ok
test serializer::hwpx::header::tests::write_numbering_skeleton_emits_level_format_string_as_text ... ok
test serializer::hwpx::header::tests::write_numbering_skeleton_preserves_text_distance_and_char_shape_id ... ok
test serializer::hwpx::header::tests::write_numbering_skeleton_uses_number_format_not_hardcoded_digit ... ok
test serializer::hwpx::header::tests::write_numbering_splices_raw_para_heads_verbatim ... ok
test serializer::hwpx::header::tests::write_para_pr_default_vertical_is_baseline ... ok
test serializer::hwpx::header::tests::write_para_pr_does_not_treat_auto_spacing_num_as_widow_orphan ... ok
test serializer::hwpx::header::tests::write_para_pr_emits_align_and_break_from_preserved_bits ... ok
test serializer::hwpx::header::tests::write_para_pr_emits_condense_fontlineheight_snaptogrid_from_attr1 ... ok
test serializer::hwpx::header::tests::write_para_pr_emits_margin_switch_case_default ... ok
test serializer::hwpx::header::tests::write_style_emits_ir_lang_id ... ok
test serializer::hwpx::header::tests::write_style_emits_ir_lock_form ... ok
test serializer::hwpx::header::tests::write_subst_font_emits_all_four_attributes_in_order ... ok
test serializer::hwpx::header::tests::write_tab_pr_emits_tab_item_switch_case_default ... ok
test serializer::hwpx::master_page::tests::master_page_page_front_round_trips ... ok
test serializer::hwpx::master_page::tests::master_page_text_direction_round_trips ... ok
test security_trailer::tests::wrong_password_is_broken_not_panic ... ok
test serializer::hwpx::package_check::tests::detects_bin_data_count_mismatch ... ok
test serializer::hwpx::package_check::tests::detects_container_rdf_section_coverage_mismatch ... ok
test serializer::hwpx::package_check::tests::detects_missing_section_entry ... ok
test serializer::hwpx::package_check::tests::empty_doc_package_passes ... ok
test serializer::hwpx::package_check::tests::detects_extra_section_entry ... ok
test serializer::hwpx::package_check::tests::extract_hrefs_basic ... ok
test serializer::hwpx::package_check::tests::extract_rdf_resources_basic ... ok
test serializer::hwpx::package_check::tests::one_section_package_passes ... ok
test serializer::hwpx::package_check::tests::rejects_non_zip_bytes ... ok
test serializer::hwpx::package_check::tests::section_entry_name_matcher ... ok
test serializer::hwpx::picture::tests::dropcapstyle_round_trips_instead_of_always_none ... ok
test serializer::hwpx::picture::tests::image_effect_maps_to_string ... ok
test serializer::hwpx::picture::tests::img_rect_has_four_points ... ok
test serializer::hwpx::picture::tests::img_uses_manifest_id ... ok
test serializer::hwpx::picture::tests::issue1452_img_alpha_uses_hwp_alpha_byte ... ok
test serializer::hwpx::picture::tests::issue2861_pic_reverse_is_preserved_on_serialize ... ok
test serializer::hwpx::picture::tests::issue2875_pic_lock_is_preserved_on_serialize ... ok
test serializer::hwpx::picture::tests::pic_root_attrs_in_canonical_order ... ok
test serializer::hwpx::package_check::tests::master_page_package_parts_are_required_when_ir_has_master_pages ... ok
test serializer::hwpx::picture::tests::picture_effects_shadow_are_serialized ... ok
test serializer::hwpx::picture::tests::rendering_info_has_three_matrices ... ok
test serializer::hwpx::picture::tests::shape_component_attrs_are_serialized ... ok
test serializer::hwpx::picture::tests::task1389_cur_sz_falls_back_to_common_when_zero ... ok
test serializer::hwpx::picture::tests::task1389_cur_sz_uses_shape_attr ... ok
test serializer::hwpx::picture::tests::task1389_img_dim_verbatim ... ok
test serializer::hwpx::picture::tests::task1389_img_rect_synthesizes_when_border_zero ... ok
test serializer::hwpx::picture::tests::task1389_img_rect_uses_border_scalar_layout ... ok
test serializer::hwpx::picture::tests::task1392_pic_no_description_omits_comment ... ok
test serializer::hwpx::picture::tests::task1392_pic_shape_comment_emitted_after_caption ... ok
test serializer::hwpx::picture::tests::task1403_pic_caption_is_serialized ... ok
test serializer::hwpx::picture::tests::task1403_pic_without_caption_emits_none ... ok
test serializer::hwpx::picture::tests::task1567_empty_binary_ref_pic_preserved ... ok
test serializer::hwpx::picture::tests::task2712_pic_sz_criteria_and_protect_emitted_from_ir ... ok
test serializer::hwpx::picture::tests::task2712_pic_height_criterion_is_exact_inverse ... ok
test serializer::hwpx::picture::tests::task2712_pic_sz_defaults_unchanged ... ok
test serializer::hwpx::picture::tests::task2712_pic_sz_round_trips_through_parser ... ok
test serializer::hwpx::picture::tests::unresolved_bin_data_id_errors ... ok
test serializer::hwpx::roundtrip::tests::diff_documents_bookmark_not_compared_as_control ... ok
test serializer::hwpx::roundtrip::tests::diff_documents_detects_body_control_loss ... ok
test serializer::hwpx::roundtrip::tests::diff_documents_detects_cell_char_shapes ... ok
test serializer::hwpx::roundtrip::tests::diff_documents_detects_cell_control_loss ... ok
test serializer::hwpx::roundtrip::tests::diff_documents_detects_char_shape_pos_change ... ok
test serializer::hwpx::roundtrip::tests::diff_documents_detects_control_type_change ... ok
test serializer::hwpx::roundtrip::tests::diff_documents_detects_flattened_char_shapes ... ok
test serializer::hwpx::roundtrip::tests::diff_documents_detects_footnote_char_shapes ... ok
test serializer::hwpx::roundtrip::tests::diff_documents_detects_section_count ... ok
test serializer::hwpx::roundtrip::tests::diff_documents_detects_textbox_char_shapes ... ok
test serializer::hwpx::roundtrip::tests::diff_documents_empty_is_empty ... ok
test serializer::hwpx::roundtrip::tests::diff_documents_same_cell_char_shapes_is_empty ... ok
test serializer::hwpx::roundtrip::tests::diff_documents_same_cell_controls_is_empty ... ok
test serializer::hwpx::roundtrip::tests::diff_documents_same_char_shapes_is_empty ... ok
test serializer::hwpx::roundtrip::tests::diff_linesegs_detects_count_mismatch_and_compares_common ... ok
test serializer::hwpx::roundtrip::tests::diff_linesegs_detects_value_mismatch ... ok
test serializer::hwpx::roundtrip::tests::diff_linesegs_equal_is_empty ... ok
test serializer::hwpx::roundtrip::tests::diff_linesegs_recurses_into_cell ... ok
test serializer::hwpx::roundtrip::tests::hwpx_to_hwp_zero_img_dim_sentinel_is_not_a_layout_loss ... ok
test serializer::hwpx::roundtrip::tests::ir_diff_empty_default ... ok
test serializer::hwpx::roundtrip::tests::issue4319_chart_caption_loss_in_gate ... ok
test serializer::hwpx::roundtrip::tests::issue4319_ole_caption_loss_in_gate ... ok
test serializer::hwpx::roundtrip::tests::issue4319_chart_caption_roundtrips ... ok
test serializer::hwpx::roundtrip::tests::issue4319_ole_caption_roundtrips ... ok
test serializer::hwpx::roundtrip::tests::issue4388_diff_documents_hyperlink_not_compared_as_control ... ok
test serializer::hwpx::roundtrip::tests::issue4388_diff_documents_unknown_not_compared_as_control ... ok
test serializer::hwpx::roundtrip::tests::issue4668_picture_offset_diff_in_gate ... ok
test serializer::hwpx::roundtrip::tests::issue_3739_hwp3_to_hwpx_materializes_hyperlink_and_empty_img_rect_only ... ok
test serializer::hwpx::roundtrip::tests::issue_3739_hwp_to_hwpx_generated_command_parameters_are_incomparable ... ok
test serializer::hwpx::roundtrip::tests::serialize_parse_roundtrip_preserves_textbox_char_shapes ... ok
test serializer::hwpx::roundtrip::tests::serialize_parse_roundtrip_preserves_cell_char_shapes ... ok
test serializer::hwpx::roundtrip::tests::task1380_gate_detects_synthetic_lineseg_asymmetry ... ok
test serializer::hwpx::roundtrip::tests::task1380_lineseg_in_gate ... ok
test serializer::hwpx::roundtrip::tests::task1387_caption_attr_mismatch_in_gate ... ok
test serializer::hwpx::roundtrip::tests::task1387_caption_loss_in_gate ... ok
test serializer::hwpx::roundtrip::tests::task1387_caption_paragraph_recursed_in_gate ... ok
test serializer::hwpx::roundtrip::tests::task1380_two_round_stable_with_empty_linesegs ... ok
test serializer::hwpx::roundtrip::tests::task1388_page_def_equal_is_empty ... ok
test serializer::hwpx::roundtrip::tests::task1388_page_def_in_gate ... ok
test serializer::cfb_writer::tests::test_table_structure_change_roundtrip ... ok
test serializer::hwpx::roundtrip::tests::task1389_picture_size_diff_in_gate ... ok
test serializer::hwpx::roundtrip::tests::task1387_ta_pic_001_r_roundtrip_caption_gate_zero ... ok
test serializer::hwpx::roundtrip::tests::task1388_roundtrip_preserves_page_def ... ok
test serializer::hwpx::roundtrip::tests::task1391_field_parameters_loss_in_gate ... ok
test serializer::hwpx::roundtrip::tests::task1391_memo_paragraph_loss_in_gate ... ok
test serializer::hwpx::roundtrip::tests::task1392_equal_comment_no_diff ... ok
test serializer::hwpx::roundtrip::tests::task1392_equation_comment_loss_in_gate ... ok
test serializer::hwpx::roundtrip::tests::task1392_pic_comment_loss_in_gate ... ok
test serializer::hwpx::roundtrip::tests::task1392_shape_comment_loss_in_gate ... ok
test serializer::hwpx::roundtrip::tests::task1389_ta_pic_size_roundtrips ... ok
test serializer::hwpx::roundtrip::tests::task1393_table_page_break_diff_in_gate ... ok
test serializer::hwpx::roundtrip::tests::task1403_group_caption_loss_in_gate ... ok
test serializer::hwpx::roundtrip::tests::task1403_legacy_shape_caption_roundtrips ... ok
test serializer::hwpx::roundtrip::tests::task1403_line_caption_loss_in_gate ... ok
test serializer::hwpx::roundtrip::tests::task1403_pic_caption_lineseg_recursed_in_gate ... ok
test serializer::hwpx::roundtrip::tests::task1403_pic_caption_loss_in_gate ... ok
test serializer::hwpx::roundtrip::tests::task1403_shape_caption_lineseg_recursed_in_gate ... ok
test serializer::hwpx::roundtrip::tests::task1451_legacy_shape_comment_serialize_roundtrip ... ok
test serializer::hwpx::roundtrip::tests::task1637_roundtrip_preserves_hide_empty_line ... ok
test serializer::hwpx::roundtrip::tests::task1637_table_flow_with_text_in_gate ... ok
test serializer::hwpx::roundtrip::tests::task1637_visibility_equal_is_empty ... ok
test serializer::hwpx::roundtrip::tests::task1637_visibility_in_gate ... ok
test serializer::hwpx::roundtrip::tests::task1655_equation_flow_with_text_in_gate ... ok
test serializer::hwpx::roundtrip::tests::task2784_table_affect_line_spacing_roundtrips ... ok
test serializer::hwpx::section::tests::additional_paragraphs_use_their_own_char_shape ... ok
test serializer::hwpx::section::tests::bookmark_hyperlink_matched_field_end_preserves_own_fieldid ... ok
test serializer::hwpx::section::tests::common_shape_emits_draw_text_for_legacy_shapes ... ok
test serializer::hwpx::section::tests::common_shape_text_flow_reflects_ir ... ok
test serializer::hwpx::section::tests::default_paragraph_keeps_zero_attrs ... ok
test serializer::hwpx::section::tests::equation_allow_overlap_reflects_ir ... ok
test serializer::hwpx::section::tests::equation_line_mode_reflects_ir ... ok
test serializer::hwpx::section::tests::equation_lock_reflects_ir ... ok
test serializer::hwpx::section::tests::equation_omits_instid ... ok
test serializer::hwpx::section::tests::equation_size_criterion_reflects_ir ... ok
test serializer::hwpx::section::tests::equation_text_flow_reflects_ir ... ok
test serializer::hwpx::section::tests::footnote_endnote_beneath_text_reflects_ir ... ok
test serializer::hwpx::section::tests::footnote_endnote_numbering_and_start_reflect_ir ... ok
test serializer::hwpx::section::tests::hp_p_attrs_reflect_para_shape_id_and_style_id ... ok
test serializer::hwpx::section::tests::hp_run_reflects_first_char_shape_id ... ok
test serializer::hwpx::section::tests::issue1948_orphan_field_end_still_precedes_non_field_slot ... ok
test serializer::hwpx::section::tests::issue1984_footnote_shape_reflects_ir ... ok
test serializer::hwpx::section::tests::issue1987_secpr_scalars_reflect_ir ... ok
test serializer::hwpx::section::tests::issue2726_common_shape_sz_always_emits_protect_attribute ... ok
test serializer::hwpx::section::tests::issue2726_common_shape_sz_preserves_criteria_and_protect ... ok
test serializer::hwpx::section::tests::issue2726_height_criterion_never_emits_column_or_para ... ok
test serializer::hwpx::section::tests::issue2726_width_criterion_emits_all_five_values ... ok
test serializer::hwpx::section::tests::issue2742_auto_num_format_keeps_template_when_ir_unset ... ok
test serializer::hwpx::section::tests::issue2742_auto_num_format_reflects_ir ... ok
test serializer::hwpx::section::tests::issue2779_note_place_keeps_template_defaults ... ok
test serializer::hwpx::section::tests::issue2779_note_place_reflects_ir ... ok
test serializer::hwpx::section::tests::issue2779_note_place_right_column_footnote_only ... ok
test serializer::hwpx::section::tests::issue2779_secpr_memo_shape_id_keeps_template_default ... ok
test serializer::hwpx::section::tests::issue2779_secpr_memo_shape_id_reflects_ir ... ok
test serializer::hwpx::section::tests::issue4403_implicit_tab_stays_empty_after_hwpx_roundtrip ... ok
test serializer::hwpx::section::tests::issue4675_fixed_width_space_serializes_as_element ... ok
test serializer::hwpx::section::tests::issue4676_curve_emits_seg_chain_not_pts ... ok
test serializer::hwpx::section::tests::issue4676_hwpx_curve_chain_never_becomes_hwp5_bezier_segments ... ok
test serializer::hwpx::section::tests::issue4778_broken_position_axis_suppresses_stored_linesegs ... ok
test serializer::hwpx::section::tests::issue4902_field_begin_precedes_orphan_field_end_at_same_slot ... ok
test serializer::hwpx::section::tests::issue_3739_consecutive_same_id_boundary_preserved ... ok
test serializer::hwpx::section::tests::memo_vertical_text_direction_roundtrips ... ok
test serializer::hwpx::section::tests::out_of_range_style_id_downgraded_to_default ... ok
test serializer::hwpx::section::tests::page_break_paragraph_emits_attr ... ok
test serializer::hwpx::section::tests::page_num_circled_digit_format_reflects_spec_spelling ... ok
test serializer::hwpx::section::tests::page_num_ctrl_is_emitted_as_a_ctrl_element ... ok
test serializer::hwpx::section::tests::page_starts_on_odd_survives_hwpx_roundtrip ... ok
test serializer::hwpx::section::tests::secpr_emits_ir_tab_stop_grid_and_start_num ... ok
test serializer::hwpx::section::tests::secpr_emits_ir_text_direction_vertical ... ok
test serializer::hwpx::section::tests::secpr_emits_tab_stop_val_and_unit ... ok
test serializer::hwpx::section::tests::secpr_keeps_horizontal_when_text_direction_unset ... ok
test serializer::hwpx::section::tests::secpr_keeps_template_tab_stop_when_ir_unset ... ok
test serializer::hwpx::section::tests::section_root_declares_hwpunitchar_namespace ... ok
test serializer::hwpx::section::tests::soft_hyphen_from_control_origin_is_written_as_element ... ok
test serializer::hwpx::section::tests::soft_hyphen_stays_literal_in_hp_t ... ok
test serializer::hwpx::section::tests::task1289_bookmark_emits_ctrl_wrapper ... ok
test serializer::hwpx::section::tests::task1289_field_begin_end_roundtrip ... ok
test serializer::hwpx::section::tests::task1289_field_end_at_para_boundary ... ok
test serializer::hwpx::section::tests::task1298_zero_length_field_at_para_start ... ok
test serializer::hwpx::section::tests::task1298_zero_length_field_mid_text ... ok
test serializer::hwpx::section::tests::task1321_zero_length_field_in_empty_paragraph ... ok
test serializer::hwpx::section::tests::task1378_boundary_at_slot_position_slot_in_new_run ... ok
test serializer::hwpx::section::tests::task1378_boundary_between_slot_and_text ... ok
test serializer::hwpx::section::tests::task1378_empty_paragraph_single_run_id_zero ... ok
test serializer::hwpx::section::tests::task1378_field_end_stays_in_previous_run ... ok
test serializer::hwpx::section::tests::task1378_section_first_paragraph_secpr_run_id_follows_first_cs ... ok
test serializer::hwpx::section::tests::task1378_serialize_parse_roundtrip_preserves_char_shapes ... ok
test serializer::hwpx::section::tests::task1378_tab_and_linebreak_in_split_runs ... ok
test serializer::hwpx::section::tests::task1378_trailing_boundary_emits_empty_run ... ok
test serializer::hwpx::section::tests::task1378_trailing_slot_in_new_run ... ok
test serializer::hwpx::section::tests::task1378_two_run_split_mid_text ... ok
test serializer::hwpx::section::tests::task1380_empty_section_omits_linesegarray ... ok
test serializer::hwpx::section::tests::task1380_linesegarray_omitted_when_ir_empty ... ok
test serializer::hwpx::section::tests::task1382_autonum_slot_emitted_at_placeholder ... ok
test serializer::hwpx::section::tests::task1382_inference_counts_autonum_placeholder_slot ... ok
test serializer::hwpx::section::tests::task1382_synthetic_autonum_without_placeholder_keeps_legacy_path ... ok
test serializer::hwpx::section::tests::task1388_gutter_type_reflects_binding ... ok
test serializer::hwpx::section::tests::task1388_page_margin_reflects_page_def ... ok
test serializer::hwpx::section::tests::task1388_template_anchor_present_in_template ... ok
test serializer::hwpx::section::tests::task1388_template_mismatch_keeps_original ... ok
test serializer::hwpx::section::tests::task1391_field_without_params_keeps_empty_tag ... ok
test serializer::hwpx::section::tests::task1391_memo_field_emits_parameters_and_sublist ... ok
test serializer::hwpx::section::tests::task1407_body_col_pr_reflects_ir_column_def ... ok
test serializer::hwpx::section::tests::task1407_field_end_not_stolen_by_newnum_slot ... ok
test serializer::hwpx::section::tests::task1407_single_column_doc_unaffected ... ok
test serializer::hwpx::section::tests::task1556_multipara_field_parse_serialize_parse_roundtrip ... ok
test serializer::hwpx::section::tests::task1556_orphan_field_end_emitted_at_text_end ... ok
test serializer::hwpx::section::tests::task1556_orphan_field_end_zero_fieldid_omits_attr ... ok
test serializer::hwpx::section::tests::task1584_body_first_para_two_columndefs_roundtrip ... ok
test serializer::hwpx::section::tests::task1596_polygon_geometry_serialized ... ok
test serializer::hwpx::section::tests::task1627_empty_para_bookmark_serialized_after_preceding_table ... ok
test serializer::hwpx::section::tests::task177_ir_lineseg_takes_precedence_over_text ... ok
test serializer::hwpx::section::tests::task177_lineseg_reflects_ir_values ... ok
test serializer::hwpx::section::tests::task177_multiple_linesegs_preserved_in_order ... ok
test serializer::hwpx::section::tests::text_positions_unshifted_detects_leading_and_mid_controls ... ok
test serializer::hwpx::section::tests::title_mark_ignore_off_round_trips ... ok
test serializer::hwpx::section::tests::title_mark_is_emitted_inside_hp_t ... ok
test serializer::hwpx::section::tests::title_mark_slot_is_not_counted_as_a_control_slot ... ok
test serializer::hwpx::shape::tests::connector_line_emits_connect_line_tag_and_type ... ok
test serializer::hwpx::shape::tests::issue3544_negative_offset_emitted_as_u32_wraparound ... ok
test serializer::hwpx::shape::tests::issue4669_write_ole_preserves_original_id_and_cur_sz_zero ... ok
test serializer::hwpx::shape::tests::issue4669_write_ole_without_original_id_falls_back_to_instance_id ... ok
test serializer::hwpx::shape::tests::line_emits_start_end_attrs ... ok
test serializer::hwpx::shape::tests::ole_bin_data_id_beyond_u16_does_not_alias_truncated_entry ... ok
test serializer::hwpx::shape::tests::rect_emits_root_tag ... ok
test serializer::hwpx::shape::tests::rect_has_canonical_attrs ... ok
test serializer::hwpx::shape::tests::rect_has_sz_pos_out_margin ... ok
test serializer::hwpx::shape::tests::task1378_drawtext_multi_run_split ... ok
test serializer::hwpx::shape::tests::task1378_drawtext_tab_and_linebreak_rendered ... ok
test serializer::hwpx::shape::tests::task1379_drawtext_paragraph_emits_picture_control ... ok
test serializer::hwpx::shape::tests::task1379_drawtext_vertical_direction_preserved ... ok
test serializer::hwpx::shape::tests::task1379_rect_emits_pts_and_element_order ... ok
test serializer::hwpx::shape::tests::task1379_rect_line_fill_shadow_attrs ... ok
test serializer::hwpx::shape::tests::task1379_tbox_v_flow_01_roundtrip_preserves_textbox ... ok
test serializer::hwpx::shape::tests::task1403_line_caption_is_serialized ... ok
test serializer::hwpx::shape::tests::task1403_rect_caption_is_serialized ... ok
test serializer::hwpx::shape::tests::task1403_shape_without_caption_emits_none ... ok
test serializer::hwpx::shape::tests::task1531_line_shape_none_preserved ... ok
test serializer::hwpx::shape::tests::task1588_line_shape_comment_emitted ... ok
test serializer::hwpx::shape::tests::task1588_line_shape_no_comment_when_empty ... ok
test serializer::hwpx::shape::tests::task2712_height_criterion_is_exact_inverse_of_parser ... ok
test serializer::hwpx::shape::tests::task2712_line_sz_criteria_and_protect_emitted_from_ir ... ok
test serializer::hwpx::shape::tests::task2712_shape_sz_criteria_and_protect_emitted_from_ir ... ok
test serializer::hwpx::shape::tests::task2712_shape_sz_defaults_unchanged ... ok
test serializer::hwpx::shape::tests::task2943_img_brush_mode_roundtrip_not_collapsed_to_tile ... ok
test serializer::hwpx::shape::tests::task2956_line_shape_arrow_style_preserved ... ok
test serializer::hwpx::shape::tests::task3022_arrow_size_uses_spec_large_literal ... ok
test serializer::hwpx::shape::tests::task_m100_hatch_style_str_covers_all_six ... ok
test serializer::hwpx::table::tests::allow_overlap_preserved ... ok
test serializer::hwpx::table::tests::allow_overlap_zero_when_unset ... ok
test serializer::hwpx::table::tests::border_fill_id_ref_registered_in_ctx ... ok
test serializer::hwpx::table::tests::cell_addr_reflects_coordinates ... ok
test serializer::hwpx::table::tests::cell_line_wrap_str_matches_owpml_enum ... ok
test serializer::hwpx::table::tests::cell_line_wrap_survives_hwpx_roundtrip ... ok
test serializer::hwpx::table::tests::cell_para_ids_continue_from_context_counter ... ok
test serializer::hwpx::table::tests::cell_paragraph_ids_are_globally_unique ... ok
test serializer::hwpx::table::tests::cell_span_defaults_to_one ... ok
test serializer::hwpx::roundtrip::tests::task1393_form_002_page_break_roundtrips ... ok
test serializer::hwpx::table::tests::cell_text_serializes_tab_and_line_break_as_hwpx_inline_elements ... ok
test serializer::hwpx::table::tests::cells_have_canonical_child_order ... ok
test serializer::hwpx::table::tests::cellzone_list_omitted_when_no_zones ... ok
test serializer::hwpx::table::tests::cellzone_list_serialized_between_inmargin_and_tr ... ok
test serializer::hwpx::table::tests::multi_para_cells_all_get_unique_ids ... ok
test serializer::hwpx::table::tests::page_break_str_is_exact_inverse_of_parser ... ok
test serializer::hwpx::table::tests::task1378_cell_boundary_with_control_gap_offsets ... ok
test serializer::hwpx::table::tests::task1378_cell_paragraph_multi_run_split ... ok
test serializer::hwpx::table::tests::task1378_cell_tab_in_split_runs ... ok
test serializer::hwpx::table::tests::task1379_cell_char_overlap_emitted_as_compose ... ok
test serializer::hwpx::table::tests::task1379_cell_char_shape_boundary_after_control_restored ... ok
test serializer::hwpx::table::tests::task1379_cell_column_def_col_line_emitted_when_separator ... ok
test serializer::hwpx::table::tests::task1379_cell_column_def_emits_col_pr ... ok
test serializer::hwpx::header::tests::write_header_preserves_memo_properties_roundtrip ... ok
test serializer::hwpx::table::tests::task1379_cell_control_slot_position_between_text ... ok
test serializer::hwpx::table::tests::task1379_cell_lineseg_preserved_from_ir ... ok
test serializer::hwpx::table::tests::task1379_cell_paragraph_emits_picture_control ... ok
test serializer::hwpx::table::tests::task1379_nested_table_in_cell_recurses_with_unique_para_ids ... ok
test serializer::hwpx::table::tests::cell_text_direction_survives_hwpx_roundtrip ... ok
test serializer::hwpx::table::tests::task1387_caption_attrs_reflect_ir ... ok
test serializer::hwpx::table::tests::task1387_caption_paragraph_controls_emitted ... ok
test serializer::hwpx::table::tests::task1387_caption_side_reflects_direction ... ok
test serializer::hwpx::table::tests::task1379_ta_pic_001_r_roundtrip_preserves_cell_pictures ... ok
test serializer::hwpx::table::tests::task1387_no_caption_no_emission ... ok
test serializer::hwpx::table::tests::task1382_ta_pic_caption_autonum_slot_at_midtext ... ok
test serializer::hwpx::table::tests::task1594_hold_anchor_preserved ... ok
test serializer::hwpx::table::tests::task1594_hold_anchor_zero_when_unset ... ok
test serializer::hwpx::table::tests::task2697_height_criterion_str_is_exact_inverse_of_parser ... ok
test serializer::hwpx::table::tests::task2697_numbering_type_emitted_from_ir ... ok
test serializer::hwpx::table::tests::task2697_sz_criteria_and_protect_emitted_from_ir ... ok
test serializer::hwpx::table::tests::task2697_sz_defaults_unchanged ... ok
test serializer::hwpx::table::tests::task2697_tbl_attrs_survive_xml_ir_xml_roundtrip ... ok
test serializer::hwpx::table::tests::task2855_tbl_lock_survives_xml_ir_xml_roundtrip ... ok
test serializer::hwpx::table::tests::task3035_caption_vert_align_reflects_ir ... ok
test serializer::hwpx::table::tests::tbl_root_attrs_in_canonical_order ... ok
test serializer::hwpx::table::tests::tc_count_matches_cell_count ... ok
test serializer::hwpx::table::tests::tc_dirty_flag_preserved_when_set ... ok
test serializer::hwpx::table::tests::tc_dirty_flag_zero_when_unset ... ok
test serializer::hwpx::table::tests::text_flow_default_is_both_sides ... ok
test serializer::hwpx::table::tests::text_flow_largest_only_serialized ... ok
test serializer::hwpx::table::tests::text_flow_left_only_serialized ... ok
test serializer::hwpx::table::tests::text_flow_right_only_serialized ... ok
test serializer::hwpx::table::tests::tr_count_matches_row_count ... ok
test serializer::hwpx::table::tests::two_sequential_tables_have_no_para_id_collision ... ok
test serializer::hwpx::tests::aux_entries_fallback_to_constants ... ok
test serializer::hwpx::tests::aux_entries_passthrough_verbatim ... ok
test serializer::hwpx::tests::container_rdf_lists_every_section ... ok
test serializer::hwpx::tests::equation_control_between_text_runs_roundtrips_position ... ok
test serializer::hwpx::tests::equation_control_does_not_consume_unmapped_control_gap ... ok
test serializer::hwpx::tests::equation_control_roundtrip_preserves_script ... ok
test serializer::hwpx::tests::equation_roundtrip_from_hancom_origin_hwp_sample ... ok
test serializer::hwpx::tests::footnote_endnote_decoration_attrs_roundtrip ... ok
test serializer::hwpx::tests::footnote_endnote_roundtrip ... ok
test serializer::hwpx::tests::hancom_required_files_present ... ok
test serializer::hwpx::tests::header_footer_ids_are_preserved ... ok
test serializer::hwpx::table::tests::task1387_ta_pic_001_r_roundtrip_preserves_caption ... ok
test serializer::hwpx::tests::issue1452_hwpx_preserves_alpha_png_bindata_bytes ... ok
test serializer::hwpx::tests::issue4387_unequal_column_widths_roundtrip ... ok
test serializer::hwpx::tests::issue4388_hyperlink_control_drop_is_not_silent ... ok
test serializer::hwpx::tests::issue1917_bindata_load_failure_preserves_pic_control ... ok
test serializer::hwpx::tests::issue4388_unknown_control_drop_is_not_silent ... ok
test serializer::hwpx::tests::linesegs_from_ir_emitted_per_linebreak ... ok
test serializer::hwpx::tests::master_pages_are_serialized_as_package_parts ... ok
test serializer::hwpx::tests::mimetype_is_first_entry ... ok
test serializer::hwpx::tests::mimetype_stored_not_deflated ... ok
test serializer::hwpx::tests::multi_paragraph_emits_multiple_hp_p ... ok
test serializer::hwpx::tests::picture_bindata_roundtrip ... ok
test serializer::hwpx::tests::serialize_empty_doc_parses_back ... ok
test serializer::hwpx::tests::serialize_text_paragraph_roundtrip ... ok
test serializer::hwpx::tests::serialize_with_one_section_parses_back ... ok
test serializer::hwpx::tests::tab_and_linebreak_emitted_inline ... ok
test serializer::hwpx::tests::table_control_roundtrip ... ok
test serializer::hwpx::tests::tac_img_sample_has_pictures_and_bindata ... ok
test serializer::hwpx::tests::task1380_no_linesegarray_when_ir_has_none ... ok
test serializer::hwpx::tests::task1587_ruby_control_roundtrips ... ok
test serializer::hwpx::tests::task1591_bookmark_not_hoisted_before_slot ... ok
test serializer::hwpx::tests::task1591v2_first_para_hidden_slot_char_shape_position ... ok
test serializer::hwpx::tests::task1592_empty_paragraph_no_spurious_charshape ... ok
test serializer::hwpx::tests::task1593_first_para_same_para_field_end_preserved ... ok
test serializer::hwpx::tests::task1655_equation_flow_with_text_roundtrips ... ok
test serializer::hwpx::tests::version_xml_declares_the_owpml_revision_that_hangul_lays_out_with ... ok
test serializer::hwpx::tests::xml_escape_applied_to_section_text ... ok
test serializer::hwpx::utils::tests::event_writers_drop_xml_invalid_chars_from_text_and_attributes ... ok
test serializer::hwpx::utils::tests::event_writers_escape_markup_chars_in_attribute_values ... ok
test serializer::hwpx::utils::tests::xml_escape_drops_xml_invalid_control_chars ... ok
test serializer::mini_cfb::tests::test_build_cfb_collapses_empty_path_segments ... ok
test serializer::hwpx::table::tests::task1387_mel_001_roundtrip_caption_text_exact ... ok
test serializer::mini_cfb::tests::test_build_cfb_empty ... ok
test serializer::mini_cfb::tests::test_build_cfb_large_stream ... ok
test serializer::mini_cfb::tests::test_build_cfb_mixed_sizes ... ok
test serializer::mini_cfb::tests::test_build_cfb_normalizes_backslash_path_separator ... ok
test serializer::mini_cfb::tests::test_build_cfb_readable_by_cfb_crate ... ok
test serializer::mini_cfb::tests::test_build_cfb_rejects_degenerate_paths ... ok
test serializer::mini_cfb::tests::test_build_cfb_rejects_storage_stream_conflict ... ok
test serializer::mini_cfb::tests::test_build_cfb_signature ... ok
test serializer::mini_cfb::tests::test_build_cfb_with_root_clsid_writes_dir_entry_offset_80 ... ok
test serializer::mini_cfb::tests::test_build_cfb_with_storages ... ok
test serializer::mini_cfb::tests::test_build_entries_does_not_clobber_root_entry ... ok
test serializer::ole_container::tests::identical_content_is_not_repacked ... ok
test serializer::ole_container::tests::leading_slash_is_ignored_in_the_name ... ok
test serializer::ole_container::tests::missing_stream_is_refused_not_created ... ok
test serializer::ole_container::tests::non_cfb_input_is_refused ... ok
test serializer::ole_container::tests::preserves_the_root_clsid ... ok
test serializer::ole_container::tests::repacking_is_not_byte_preserving ... ok
test serializer::ole_container::tests::replaces_only_the_named_stream ... ok
test serializer::ole_container::tests::zero_root_clsid_stays_zero ... ok
test serializer::record_writer::tests::test_roundtrip_header_encoding ... ok
test serializer::record_writer::tests::test_write_multiple_records ... ok
test serializer::record_writer::tests::test_write_record_basic ... ok
test serializer::record_writer::tests::test_write_record_boundary_4094 ... ok
test serializer::record_writer::tests::test_write_record_boundary_4095 ... ok
test serializer::record_writer::tests::test_write_record_extended_size ... ok
test serializer::record_writer::tests::test_write_record_from_struct ... ok
test serializer::record_writer::tests::test_write_record_with_level ... ok
test serializer::record_writer::tests::test_write_record_zero_size ... ok
test serializer::tests::test_mock_serializer ... ok
test service::tests::error_codes_and_severity_are_stable ... ok
test service::tests::export_text_keeps_one_entry_per_page ... ok
test service::tests::export_text_out_of_range_page_is_data_not_error ... ok
test serializer::mini_cfb::tests::test_build_cfb_difat_over_threshold ... ok
test service::tests::export_text_truncation_reports_omission_and_next_offset ... ok
test service::tests::info_reports_format_size_and_counts ... ok
test service::tests::format_is_auto_detected_from_bytes_alone ... ok
test service::tests::missing_path_is_not_found_not_parse_failure ... ok
test service::tests::open_failure_classification_derives_needles_from_types ... ok
test service::tests::open_path_reads_and_parses_hwpx_sample ... ok
test service::tests::search_returns_matches_with_coordinates ... ok
test service::tests::search_without_match_is_ok_not_error ... ok
test service::tests::search_window_walks_all_matches_without_moving_the_total ... ok
test service::tests::size_limit_rejects_before_parsing ... ok
test service::tests::title_scan_can_be_disabled ... ok
test service::tests::unrecognized_bytes_are_unsupported_format ... ok
test tests::test_version ... ok
test wasm_api::render_patch_boundary::tests::deliberately_cold_exports_are_not_also_declared_hot ... ok
test wasm_api::render_patch_boundary::tests::each_export_is_declared_by_exactly_one_boundary ... ok
test wasm_api::render_patch_boundary::tests::every_render_path_export_sits_behind_a_hot_patch_boundary ... ok
test wasm_api::tests::corpus_split_join_sweep_all_samples ... ignored
test wasm_api::tests::create_empty_table_hwpx_export_known_limitation ... ok
test wasm_api::tests::deferred_cell_replace_applies_ime_atomically ... ok
test wasm_api::tests::deferred_cell_replace_preserves_clickhere_range_and_offsets ... ok
test wasm_api::tests::deferred_cell_replace_rejects_invalid_input_before_mutation ... ok
test wasm_api::tests::deferred_cell_replace_reports_real_flow_boundary ... ok
test wasm_api::tests::delete_style_invalidates_docinfo_and_sections ... ok
test wasm_api::tests::diag_dump_all_clickhere_commands ... ok
test service::tests::service_is_deterministic_and_read_only ... ok
test wasm_api::tests::diag_field06_vs_reference ... ok
test wasm_api::tests::diag_field10_comparison ... ok
test wasm_api::tests::diag_field07_vs_field03h ... ok
test wasm_api::tests::diag_para_text_field_markers ... ok
test wasm_api::tests::diag_memo_controls ... ok
test wasm_api::tests::issue2214_deferred_table_caption_reports_flow_change ... ok
test wasm_api::tests::issue2214_invalid_shape_cell_index_does_not_mutate_text ... ok
test wasm_api::tests::diag_raw_tail_dump ... ok
test wasm_api::tests::issue2308_deferred_cell_edit_uses_path_revision_without_section_invalidation ... ok
test wasm_api::tests::issue2308_immediate_edit_rederives_existing_compat_projection ... ok
test wasm_api::tests::issue2424_deferred_delete_preserves_immediate_schema_and_tracks_ime_revision ... ok
test wasm_api::tests::issue2424_deferred_pagination_descriptor_tracks_latest_edit_until_flush ... ok
test serializer::hwpx::roundtrip::tests::task1391_aift_memo_roundtrips ... ok
test wasm_api::tests::issue2424_page_count_is_held_until_shadow_layout_commits ... ok
test serializer::cfb_writer::tests::test_serialize_after_edit ... ok
test serializer::hwpx::tests::issue_1345_picture_effects_shadow_roundtrip ... ok
test renderer::layout::table_layout::row_cut_tests::issue2214_deferred_insert_uses_scoped_cache_eviction ... ok
test serializer::cfb_writer::tests::test_serialize_after_edit_roundtrip ... ok
test wasm_api::tests::issue4149_adjacent_cursor_rect_profile_loop ... ignored
test wasm_api::tests::issue4149_adjacent_giant_cell_cursor_rect_latency_decomposition ... ok
test wasm_api::tests::issue2424_new_edit_stales_old_job_and_sync_flush_restarts_latest_revision ... ok
test wasm_api::tests::issue4149_deferred_units_rebuild_profile_loop ... ignored
test wasm_api::tests::issue3137_focused_cell_geometry_matches_exact_rect ... ok
test wasm_api::tests::issue_1470_character_style_does_not_replace_para_style ... ok
test wasm_api::tests::issue_1470_create_table_ex_applies_size_options ... ok
test wasm_api::tests::issue_1470_create_table_ex_tac_caption_renders_once ... ok
test wasm_api::tests::issue_1470_create_table_ex_tac_renders_once ... ok
test wasm_api::tests::issue_1470_picture_caption_can_be_removed_and_renumbers ... ok
test wasm_api::tests::issue_1470_picture_caption_path_cursor_and_control_paste ... ok
test wasm_api::tests::issue_1470_style_apply_preserves_direct_char_shape ... ok
test wasm_api::tests::issue_1470_style_update_preserves_direct_char_shape ... ok
test wasm_api::tests::issue_1470_style_update_reflows_and_keeps_margin_unit ... ok
test wasm_api::tests::issue_1470_table_caption_edit_keeps_autonumber ... ok
test wasm_api::tests::issue_1470_table_caption_keeps_autonumber_and_can_be_removed ... ok
test wasm_api::tests::issue_1470_table_caption_renumbers_after_delete ... ok
test wasm_api::tests::issue_1481_blank_template_create_table_has_no_generated_blank_above ... ok
test wasm_api::tests::issue_1481_create_table_empty_para_ignores_stale_offset ... ok
test wasm_api::tests::issue_1481_create_table_keeps_first_line_mark_for_escape ... ok
test wasm_api::tests::issue_1481_create_table_preserves_user_blank_line_above ... ok
test wasm_api::tests::issue_1481_delete_column_keeps_create_table_height ... ok
test wasm_api::tests::issue_1481_delete_row_keeps_create_table_display_height ... ok
test wasm_api::tests::issue_1481_insert_column_keeps_create_table_height ... ok
test wasm_api::tests::issue_1481_insert_row_keeps_create_table_display_height ... ok
test wasm_api::tests::issue_1481_resize_bottom_row_keeps_create_table_display_height ... ok
test wasm_api::tests::issue_4325_style_update_second_section_table_not_left_stale ... ok
test wasm_api::tests::issue4149_deferred_edit_first_cursor_query_decomposition ... ok
test wasm_api::tests::local_body_replace_applies_ime_replacement_as_one_final_state ... ok
test wasm_api::tests::local_body_replace_exposes_stable_edit_before_full_pagination ... ok
test wasm_api::tests::local_body_replace_paginates_immediately_at_flow_boundary ... ok
test wasm_api::tests::issue_4576_rebuild_derived_state_recomputes_composition_and_pagination ... ok
test wasm_api::tests::merge_allows_whitespace_only_paragraph_between ... ok
test wasm_api::tests::merge_different_col_counts_keeps_rows_intact ... ok
test wasm_api::tests::merge_failure_leaves_back_table_intact ... ok
test wasm_api::tests::local_resize_is_rejected_before_source_mutation ... ok
test wasm_api::tests::merge_rejected_at_document_end_without_next_table ... ok
test wasm_api::tests::merge_keeps_front_caption ... ok
test wasm_api::tests::merge_rejects_corrupted_back_row_overflow_before_mutation ... ok
test wasm_api::tests::merge_rejects_when_nontable_control_between ... ok
test wasm_api::tests::merge_rejects_when_paragraph_between_has_content ... ok
test wasm_api::tests::merge_survives_hwp_save_reload ... ok
test wasm_api::tests::merge_then_split_again_roundtrip ... ok
test wasm_api::tests::split_allowed_when_vertical_merge_ends_at_cut ... ok
test wasm_api::tests::merge_three_tables_sequentially ... ok
test wasm_api::tests::split_allows_horizontal_merge_and_preserves_span ... ok
test wasm_api::tests::split_at_last_row_leaves_one_row_back ... ok
test wasm_api::tests::split_assigns_unique_nonzero_instance_ids ... ok
test wasm_api::tests::split_connects_new_paragraph_vpos_to_flow ... ok
test wasm_api::tests::split_invalid_targets_rejected ... ok
test wasm_api::tests::split_inherits_repeat_header_and_keeps_caption_front_only ... ok
test wasm_api::tests::split_rejects_corrupted_cell_row_span_overflow_before_mutation ... ok
test wasm_api::tests::split_row_index_conversion_rejects_u16_overflow ... ok
test wasm_api::tests::split_preserves_cell_text_on_both_sides ... ok
test wasm_api::tests::split_single_row_table_always_rejected ... ok
test wasm_api::tests::split_row_sizes_partitioned ... ok
test wasm_api::tests::split_survives_snapshot_undo_roundtrip ... ok
test wasm_api::tests::split_table_at_first_row_is_rejected ... ok
test wasm_api::tests::split_table_divides_rows_and_inherits_attrs ... ok
test wasm_api::tests::split_table_recomputes_corrupted_row_sizes ... ok
test wasm_api::tests::split_table_rejects_when_vertical_merge_crosses_cut ... ok
test wasm_api::tests::split_table_survives_hwp_save_reload ... ok
test wasm_api::tests::split_then_column_resize_still_works ... ok
test wasm_api::tests::split_then_merge_round_trips_rows ... ok
test wasm_api::tests::split_twice_makes_three_tables ... ok
test wasm_api::tests::split_two_row_table_minimal ... ok
test wasm_api::tests::split_updates_dimensions_without_raw_ctrl_data ... ok
test wasm_api::tests::style_json_survives_backslash_and_control_chars ... ok
test wasm_api::tests::task1413_apply_char_format_in_cell_ex_equivalent ... ok
test wasm_api::tests::task1413_copy_selection_in_cell_ex_equivalent ... ok
test wasm_api::tests::task1413_delete_range_in_cell_ex_equivalent ... ok
test wasm_api::tests::task1413_delete_text_in_cell_ex_equivalent ... ok
test wasm_api::tests::task1413_evaluate_table_formula_ex_equivalent_and_issue_4135_rendering ... ok
test wasm_api::tests::task1413_export_selection_in_cell_html_ex_equivalent ... ok
test wasm_api::tests::task1413_get_field_info_at_in_cell_ex_equivalent ... ok
test wasm_api::tests::split_survives_hwpx_save_reload ... ok
test wasm_api::tests::task1413_get_text_in_cell_ex_equivalent ... ok
test wasm_api::tests::task1413_get_selection_rects_in_cell_ex_equivalent ... ok
test wasm_api::tests::task1413_insert_click_here_field_ex_equivalent ... ok
test wasm_api::tests::task1413_insert_click_here_field_by_path_ex_equivalent ... ok
test wasm_api::tests::task1413_insert_picture_ex_equivalent_to_positional ... ok
test wasm_api::tests::task1413_insert_picture_ex_optional_keys_default ... ok
test wasm_api::tests::task1413_insert_click_here_field_in_cell_ex_equivalent ... ok
test wasm_api::tests::task1413_insert_text_in_cell_ex_equivalent ... ok
test wasm_api::tests::task1413_merge_table_cells_ex_equivalent ... ok
test wasm_api::tests::task1413_move_vertical_ex_equivalent ... ok
test wasm_api::tests::task1413_paste_html_in_cell_ex_equivalent ... ok
test wasm_api::tests::task1413_remove_field_at_in_cell_ex_equivalent ... ok
test wasm_api::tests::task1413_set_active_field_in_cell_ex_equivalent ... ok
test wasm_api::tests::task1413_set_page_hide_ex_equivalent ... ok
test wasm_api::tests::task1413_set_char_shape_id_in_cell_ex_equivalent ... ok
test wasm_api::tests::task1413_split_table_cell_into_ex_equivalent ... ok
test wasm_api::tests::task1413_split_table_cells_in_range_ex_equivalent ... ok
test wasm_api::tests::test_analyze_pic_in_table ... ok
test wasm_api::tests::test_analyze_reference_picture ... ok
test wasm_api::tests::test_analyze_reference_table ... ok
test wasm_api::tests::test_analyze_hancom_merged_file ... ok
test wasm_api::tests::test_batch_mode_events_collected ... ok
test wasm_api::tests::test_batch_multiple_edit_types ... ok
test wasm_api::tests::test_binary_record_comparison ... ok
test wasm_api::tests::test_blank2020_enter_corruption_diagnosis ... ok
test wasm_api::tests::test_canvaskit_replay_plan_export_uses_mode_policy ... ok
test wasm_api::tests::test_cell_text_edit_invalid_indices ... ok
test wasm_api::tests::test_charshape_preservation_after_paste ... ok
test wasm_api::tests::test_clipboard_clear ... ok
test wasm_api::tests::test_cell_text_layout_contains_cell_info ... ok
test wasm_api::tests::test_clipboard_copy_control ... ok
test wasm_api::tests::test_clipboard_copy_control_cell_path_json_arg ... ok
test wasm_api::tests::test_clipboard_copy_paste_single_paragraph ... ok
test wasm_api::tests::test_clipboard_copy_paste_multi_paragraph ... ok
test wasm_api::tests::test_compare_orig_vs_saved ... ok
test wasm_api::tests::test_clipboard_paste_empty ... ok
test wasm_api::tests::test_complex_comparison ... ok
test wasm_api::tests::test_control_layout_cell_bounding_boxes ... ok
test wasm_api::tests::test_compare_user_saved_vs_programmatic ... ok
test wasm_api::tests::test_create_empty_document ... ok
test wasm_api::tests::test_create_empty_document_is_editable ... ok
test wasm_api::tests::test_create_inline_tac_table ... ok
test wasm_api::tests::test_css_color_rgba_and_border_width_keywords ... ok
test wasm_api::tests::test_cursor_rect_after_line_break ... ok
test wasm_api::tests::test_cursor_rect_after_line_break_at_end ... ok
test wasm_api::tests::test_delete_table_control ... ok
test wasm_api::tests::test_delete_text_in_cell ... ok
test wasm_api::tests::test_diag_clone_vs_parsed_table ... ok
test wasm_api::tests::test_create_blank_document_clears_previous_hwpx_validation_warnings ... ok
test wasm_api::tests::test_diag_double_enter_save ... ok
test wasm_api::tests::test_diag_tb_err_003 ... ok
test wasm_api::tests::test_diff1_empty_cell_nbsp ... ok
test wasm_api::tests::test_distribution_raw_stream_preserved ... ok
test wasm_api::tests::test_distribution_reserialization_without_raw_stream ... ok
test wasm_api::tests::test_docinfo_007_vs_correct ... ok
test wasm_api::tests::test_docinfo_comparison_p2_p3 ... ok
test wasm_api::tests::test_docinfo_roundtrip_charshape_preservation ... ok
test wasm_api::tests::test_document_info_exposes_non_embedded_font_substitutions ... ok
test wasm_api::tests::test_document_with_paragraphs ... ok
test wasm_api::tests::test_empty_document_canvaskit_preflight_api_schema ... ok
test wasm_api::tests::test_empty_document_info ... ok
test wasm_api::tests::test_empty_hwp_editing_area ... ok
test wasm_api::tests::test_empty_save_analysis ... ok
test wasm_api::tests::test_end_batch_returns_events_and_clears ... ok
test wasm_api::tests::test_export_control_html_table ... ok
test wasm_api::tests::test_diag_msb_pattern_kwater ... ok
test wasm_api::tests::test_export_hml_binding_preserves_edit_and_fragment ... ok
test wasm_api::tests::test_export_hwp_empty ... ok
test wasm_api::tests::test_export_selection_html_basic ... ok
test wasm_api::tests::test_export_hml_error_message_exposes_blocker_codes ... ok
test wasm_api::tests::test_export_selection_html_partial ... ok
test wasm_api::tests::test_extract_thumbnail_with_preview ... ok
test wasm_api::tests::test_extract_thumbnail_without_preview ... ok
test wasm_api::tests::test_fallback_font ... ok
test wasm_api::tests::test_get_page_control_layout_with_table ... ok
test wasm_api::tests::test_find_next_editable_control_bookreview ... ok
test wasm_api::tests::test_get_table_bbox ... ok
test wasm_api::tests::test_get_validation_warnings_empty_document ... ok
test wasm_api::tests::test_get_validation_warnings_json_shape ... ok
test wasm_api::tests::test_hml_open_metadata_escapes_special_characters_as_valid_json ... ok
test wasm_api::tests::issue4167_units_fingerprint_doc_contract ... ok
test wasm_api::tests::test_hml_open_metadata_exposes_import_warnings ... ok
test wasm_api::tests::test_hml_open_metadata_reports_mixed_import_and_ir_loss ... ok
test wasm_api::tests::test_hml_save_state_is_one_canonical_dto_for_hml_non_hml_and_unknown_equation ... ok
test wasm_api::tests::test_hml_source_format_is_reported_without_reusing_hwp_save_path ... ok
test wasm_api::tests::test_html_utility_functions ... ok
test wasm_api::tests::test_hml_open_metadata_uses_shared_preflight_for_import_and_ir_loss ... ok
test wasm_api::tests::test_hwp_error_display ... ok
test wasm_api::tests::test_hy001_textbox_inline_pictures_render_for_hwp_and_hwpx ... ok
test wasm_api::tests::test_hy002_textbox_non_tac_picture_keeps_declared_size ... ok
test wasm_api::tests::test_insert_and_delete_roundtrip_in_cell ... ok
test wasm_api::tests::test_insert_table_column_right ... ok
test wasm_api::tests::test_insert_table_row_below ... ok
test wasm_api::tests::test_insert_table_row_invalid_index ... ok
test wasm_api::tests::test_insert_text_in_cell ... ok
test wasm_api::tests::test_logical_offset_insert_after_inline_table ... ok
test wasm_api::tests::test_inject_table_into_existing ... ok
test wasm_api::tests::test_merge_cells_then_render ... ok
test wasm_api::tests::test_merge_paragraph_in_cell_preserves_controls ... ok
test wasm_api::tests::test_merge_paragraph_preserves_controls ... ok
test wasm_api::tests::test_merge_table_cells ... ok
test wasm_api::tests::test_merge_then_control_layout_has_col_span ... ok
test wasm_api::tests::test_model_table3_cell_text_check ... ok
test wasm_api::tests::test_normalize_canvas_scale_clamps_request_and_canvas_extent ... ok
test wasm_api::tests::test_normalize_canvas_scale_rejects_invalid_page_dimensions ... ok
test wasm_api::tests::test_merge_cells_roundtrip_real_hwp ... ok
test wasm_api::tests::test_page12_enter_table_placement ... ok
test wasm_api::tests::test_page12_enter_table_placement_scan ... ok
test wasm_api::tests::test_page_layer_tree_export_preserves_output_options ... ok
test wasm_api::tests::test_page_layer_tree_export_uses_requested_profile ... ok
test wasm_api::tests::test_page_layer_tree_export_uses_schema_contract ... ok
test wasm_api::tests::test_page_out_of_range ... ok
test wasm_api::tests::test_parse_table_html_save ... ok
test wasm_api::tests::test_paste_cascade_floating_picture ... ok
test wasm_api::tests::test_paste_html_multi_paragraph ... ok
test wasm_api::tests::test_paste_html_plain_text ... ok
test wasm_api::tests::test_paste_html_styled_text ... ok
test wasm_api::tests::test_paste_html_table_as_control ... ok
test wasm_api::tests::test_paste_html_table_with_colspan_rowspan ... ok
test wasm_api::tests::test_paste_html_table_with_css_styles ... ok
test wasm_api::tests::test_paste_html_table_with_th_header ... ok
test wasm_api::tests::test_paste_inline_picture_no_cascade ... ok
test wasm_api::tests::test_paste_picture_into_cell_and_textbox_renders_in_svg ... ok
test wasm_api::tests::test_paste_picture_into_cell_by_path ... ok
test wasm_api::tests::test_paste_picture_into_picture_caption ... ok
test wasm_api::tests::test_paste_picture_into_table_cell ... ok
test wasm_api::tests::test_paste_picture_into_table_cell_hwp5_roundtrip ... ok
test wasm_api::tests::test_paste_table_then_export_validation ... ok
test wasm_api::tests::test_pasted_table_structure_analysis ... ok
test wasm_api::tests::test_real_hwp_table_insert_row_roundtrip ... ok
test wasm_api::tests::test_reflow_linesegs_empty_document_returns_zero ... ok
test wasm_api::tests::test_reflow_linesegs_keeps_hwpx_sample2_page_count_for_textrun_warnings ... ok
test wasm_api::tests::test_render_empty_page_html ... ok
test wasm_api::tests::test_render_empty_page_svg ... ok
test wasm_api::tests::test_repeated_enter_on_empty_paragraph ... ok
test wasm_api::tests::test_page13_enter_propagation ... ok
test wasm_api::tests::test_roundtrip_empty_cell_corruption ... ok
test wasm_api::tests::test_roundtrip_isolation_no_paste ... ok
test wasm_api::tests::test_roundtrip_no_edit ... ok
test wasm_api::tests::test_roundtrip_saved_file ... ok
test wasm_api::tests::test_rp004_bodytext_table_analysis ... ok
test wasm_api::tests::test_rp005_pasted_table_analysis ... ok
test wasm_api::tests::test_rp006_dangling_references ... ok
test wasm_api::tests::test_save_pic_in_table ... ok
test wasm_api::tests::test_save_picture ... ok
test wasm_api::tests::test_save_table_1x1 ... ok
test wasm_api::tests::test_save_text_only ... ok
test wasm_api::tests::test_saved_file_table_flags_and_origin ... ok
test wasm_api::tests::test_scaled_canvas_extent_keeps_fractional_a4_edge ... ok
test wasm_api::tests::test_serialize_event_log_format ... ok
test wasm_api::tests::test_set_dpi ... ok
test wasm_api::tests::test_simple_text_insert_and_save ... ok
test wasm_api::tests::test_single_command_emits_event ... ok
test wasm_api::tests::test_split_paragraph_page_count_stability ... ok
test wasm_api::tests::test_split_table_cell ... ok
test wasm_api::tests::test_step2_comparison ... ok
test wasm_api::tests::test_step2_paste_area ... ok
test wasm_api::tests::test_superscript_in_new_document ... ok
test wasm_api::tests::test_svg_render_with_table_after_cell_edit ... ok
test wasm_api::tests::test_table3_deep_comparison ... ok
test wasm_api::tests::test_table_modification_empty_cell_serialization ... ok
test wasm_api::tests::test_table_structure_edit_roundtrip ... ok
test wasm_api::tests::test_table_transpose_clipboard_native_api ... ok
test wasm_api::tests::test_table_transpose_in_place_native_api ... ok
test wasm_api::tests::test_table_transpose_paste_as_new_table_native_api ... ok
test wasm_api::tests::test_table_utility_functions ... ok
test wasm_api::tests::test_task105_nested_table_path_api ... ok
test wasm_api::tests::issue2424_resumable_pagination_commits_only_after_final_fragment ... ok
test wasm_api::tests::test_task110_multi_column_reflow_diag ... ok
test wasm_api::tests::test_task227_blank_doc_copy_paste_bug ... ok
test wasm_api::tests::test_task228_highlight_data_analysis ... ok
test wasm_api::tests::test_task228_highlight_render_tree ... ok
test wasm_api::tests::test_task229_field_parsing ... ok
test wasm_api::tests::test_task229_field_roundtrip ... ok
test wasm_api::tests::test_task229_field_svg_guide_text ... ok
test wasm_api::tests::issue2214_scoped_cache_coherence_preserves_transient_pagination ... ok
test wasm_api::tests::test_task230_get_field_list ... ok
test wasm_api::tests::test_task230_get_field_value ... ok
test wasm_api::tests::test_task230_set_field_value ... ok
test wasm_api::tests::test_roundtrip_all_controls ... ok
test wasm_api::tests::test_task231_field_survives_ime_cycle ... ok
test wasm_api::tests::test_task231_field_survives_text_insert ... ok
test wasm_api::tests::test_task231_field_name_change_preserves_guide ... ok
test wasm_api::tests::test_task231_update_click_here_props_name_mapping ... ok
test wasm_api::tests::test_task231_get_click_here_props ... ok
test wasm_api::tests::test_task231_field_roundtrip ... ok
test wasm_api::tests::test_task76_img_001_four_pictures ... ok
test wasm_api::tests::test_task66_table_text_mixed_paragraph_rendering ... ok
test wasm_api::tests::test_task77_image_cell_no_intra_row_split ... ignored, Task #993: 컷 모델 행 높이 측정 차이로 행 경계 이동 — PDF 대조 후 재확정
test wasm_api::tests::test_task78_rectangle_textbox_inline_images ... ok
test wasm_api::tests::test_task110_treatise_diag ... ok
test wasm_api::tests::test_task80_cell_height_matches_hwp ... ok
test wasm_api::tests::test_task81_vertical_cell_text ... ok
test wasm_api::tests::test_template_comparison ... ok
test wasm_api::tests::test_text_insert_detailed_diff ... ok
test wasm_api::tests::test_task76_multi_001_group_images ... ok
test wasm_api::tests::test_trace_charshape_loss ... ok
test wasm_api::tests::test_unknown_equation_values_survive_edit_undo_redo_and_save_state ... ok
test wasm_api::tests::test_viewer_creation ... ok
test wasm_api::tests::test_viewer_viewport_update ... ok
test wasm_api::tests::test_textbox_render_tree_debug ... ok
test wasm_api::tests::update_style_dirties_docinfo_for_hwp5_save ... ok
test wmf::parser::constants::enums::character_set::tests::charset_tables_can_initialize_concurrently ... ok
test wmf::parser::objects::graphics::font::tests::real_world_font_hint_bytes_do_not_fail_the_whole_parse ... ok
test wmf::parser::objects::graphics::region::tests::negative_scan_count_returns_error_instead_of_panicking ... ok
test wmf::parser::objects::structure::bitmap16::tests::calc_length_clamps_negative_dimensions_to_zero ... ok
test wmf::parser::objects::structure::bitmap16::tests::calc_length_does_not_overflow_on_huge_dimensions ... ok
test wmf::parser::objects::structure::bitmap_info_header::info::tests::core_header_size_does_not_overflow ... ok
test wmf::parser::objects::structure::bitmap_info_header::info::tests::dib_image_size_matches_formula_on_valid_dimensions ... ok
test wmf::parser::objects::structure::bitmap_info_header::info::tests::dib_image_size_saturates_on_huge_dimensions ... ok
test wmf::parser::objects::structure::bitmap_info_header::tests::height_of_top_down_dib_is_absolute_value ... ok
test wmf::parser::objects::structure::device_independent_bitmap::tests::parse_from_color_usage_bounds_huge_colors_length ... ok
test wmf::parser::objects::structure::pitch_and_family::tests::undefined_pitch_bits_fall_back_to_default_instead_of_failing ... ok
test wmf::parser::objects::structure::poly_polygon::tests::total_point_count_above_u16_does_not_wrap ... ok
test wmf::parser::records::tests::byte_count_does_not_overflow_on_large_word_size ... ok
test wmf::parser::records::tests::remaining_bytes_does_not_underflow_when_consumed_exceeds_declared_size ... ok
test wasm_api::tests::test_web_saved_vs_original_detailed ... ok
test wasm_api::tests::test_task79_transparent_border_lines ... ok
test wasm_api::tests::test_task76_background_image_outside_body_clip ... ok
test wasm_api::tests::test_get_table_bbox_at_page_for_giant_multi_page_cell ... ok
test document_core::commands::text_editing::tests::test_page_boundary_with_incremental_spacing_increase ... ok
test wasm_api::tests::issue2424_resumable_delete_commits_only_after_final_fragment ... ok
test serializer::cfb_writer::tests::test_serialize_real_hwp_files ... ok
test wasm_api::tests::issue4149_cell_lineseg_roundtrip_survey ... ok
test document_core::commands::text_editing::tests::test_page_break_with_tight_line_spacing ... ok

test result: ok. 3930 passed; 0 failed; 13 ignored; 0 measured; 0 filtered out; finished in 22.47s

     Running unittests src/lib.rs (target/pr7118-7187-20260916/release-test/deps/rhwp_contracts-fbfad54192303fc8)

running 15 tests
test ir_schema::tests::objects_allow_additional_properties ... ok
test ir_schema::tests::every_ref_resolves_to_a_definition ... ok
test ir_schema::tests::envelope_reports_definition_count ... ok
test ir_schema::tests::schema_has_document_root_and_defs ... ok
test ir_schema::tests::definitions_are_reachable_from_root ... ok
test schema_registry::tests::policy_path_points_to_existing_document ... ok
test schema_registry::tests::registry_value_carries_all_axes_and_crate_version ... ok
test ontology::tests::node_ids_are_unique ... ok
test ontology::tests::envelope_counts_match_graph ... ok
test ontology::tests::control_variants_are_subclasses_of_control ... ok
test ontology::tests::graph_covers_every_ir_definition_as_class ... ok
test ontology::tests::commands_become_actions_with_trust_predicates ... ok
test ontology::tests::property_domains_point_at_existing_classes ... ok
test ontology::tests::tools_become_actions_linked_to_commands ... ok
test ontology::tests::tool_annotations_are_carried_when_present ... ok

test result: ok. 15 passed; 0 failed; 0 ignored; 0 measured; 0 filtered out; finished in 0.00s

     Running unittests src/lib.rs (target/pr7118-7187-20260916/release-test/deps/rhwp_ooxml_chart-4bd6f25890ad6fe8)

running 165 tests
test data::tests::non_utf8_input_is_refused ... ok
test data::tests::chart_without_series_is_refused ... ok
test data::tests::non_sequential_label_index_is_refused ... ok
test data::tests::multi_level_labels_keep_the_document_readable ... ok
test data::tests::duplicate_point_index_is_refused ... ok
test data::tests::empty_value_element_is_readable_with_no_span ... ok
test data::tests::reference_formulas_are_not_mistaken_for_values ... ok
test data::tests::reversed_point_index_is_refused ... ok
test data::tests::data_label_text_does_not_become_the_series_name ... ok
test data::tests::extension_subtrees_are_not_scanned_as_values ... ok
test data::tests::literal_values_take_the_same_path_as_cached_ones ... ok
test data::tests::prefix_is_not_hardcoded ... ok
test data::tests::scans_name_labels_and_values ... ok
test data::tests::scatter_series_use_x_and_y ... ok
test data::tests::scatter_x_block_is_named_xval_in_the_refusal ... ok
test data::tests::spans_slice_back_to_their_own_text ... ok
test data::tests::sparse_point_index_is_refused ... ok
test parser::tests::test_dpt_explosion_not_promoted_to_series ... ok
test parser::tests::test_parse_auto_title_deleted ... ok
test parser::tests::test_ofpie_split_type_parsed ... ok
test parser::tests::test_parse_bar3d_bar ... ok
test parser::tests::test_parse_bar3d_col ... ok
test parser::tests::test_parse_bar_chart ... ok
test parser::tests::test_parse_bar_gap_width_and_depth ... ok
test parser::tests::test_parse_bar_gap_width_not_captured ... ok
test parser::tests::test_parse_combo_dual_axis ... ok
test parser::tests::test_parse_combo_grouping_no_cross_contamination ... ok
test parser::tests::test_parse_grouping_clustered_default ... ok
test parser::tests::test_parse_grouping_percent_stacked ... ok
test parser::tests::test_parse_grouping_stacked ... ok
test parser::tests::test_parse_horizontal_bar ... ok
test parser::tests::test_parse_is_3d_flag ... ok
test parser::tests::test_parse_legend_pos_default_bottom ... ok
test parser::tests::test_parse_legend_pos_right ... ok
test parser::tests::test_parse_line3d_routing ... ok
test parser::tests::test_parse_line_grouping_percent_stacked ... ok
test parser::tests::test_parse_line_grouping_stacked ... ok
test parser::tests::test_parse_line_grouping_standard ... ok
test parser::tests::test_parse_line_marker_flag ... ok
test parser::tests::test_parse_malformed ... ok
test parser::tests::test_parse_ofpie ... ok
test parser::tests::test_parse_ofpie_bar_type ... ok
test parser::tests::test_parse_ofpie_info ... ok
test parser::tests::test_parse_ofpie_split_pos ... ok
test parser::tests::test_parse_pie3d ... ok
test parser::tests::test_parse_pie_chart ... ok
test parser::tests::test_parse_pie_explosion ... ok
test parser::tests::test_parse_scatter_marker ... ok
test parser::tests::test_parse_scatter_style_line ... ok
test parser::tests::test_parse_scatter_style_line_marker ... ok
test parser::tests::test_parse_scatter_style_smooth_marker ... ok
test parser::tests::test_parse_series_marker_ignored ... ok
test parser::tests::test_parse_serlines_not_leaked_to_barchart ... ok
test parser::tests::test_parse_stock_hlc ... ok
test parser::tests::test_parse_stock_no_line_marker_cross_talk ... ok
test parser::tests::test_parse_stock_ohlc_up_down_bars ... ok
test parser::tests::test_parse_title_elem_without_text ... ok
test parser::tests::test_parse_view3d_defaults_when_absent ... ok
test parser::tests::test_parse_view3d_fields ... ok
test parser::tests::test_scatter_no_secondary_axis ... ok
test patch::tests::bad_addresses_are_refused ... ok
test patch::tests::blank_value_cannot_be_patched_but_its_neighbours_can ... ok
test patch::tests::category_label_edit_replaces_the_cache_text ... ok
test patch::tests::duplicate_target_is_refused ... ok
test patch::tests::identity_edit_is_byte_identical ... ok
test patch::tests::multiple_edits_apply_in_any_order ... ok
test patch::tests::no_edits_returns_the_input ... ok
test patch::tests::shorter_and_longer_replacements_shift_only_the_tail ... ok
test patch::tests::unknown_elements_survive_the_edit ... ok
test patch::tests::unsafe_text_is_refused ... ok
test renderer::tests::test_axis_headroom_scatter_y_on_boundary ... ok
test renderer::tests::test_axis_headroom_bar_max_on_boundary ... ok
test renderer::tests::test_axis_no_headroom_when_max_off_boundary ... ok
test renderer::tests::test_axis_horizontal_clustered_headroom_keeps_step ... ok
test renderer::tests::test_axis_vertical_stacked_coarse_ticks ... ok
test renderer::tests::test_bar3d_axis_ticks_vertical ... ok
test renderer::tests::test_axis_horizontal_stacked_fine_ticks ... ok
test renderer::tests::test_axis_3d_clustered_no_headroom ... ok
test renderer::tests::test_bar3d_axis_ticks_horizontal ... ok
test renderer::tests::test_bar3d_bars_depth_centered ... ok
test renderer::tests::test_axis_3d_stacked_vertical_extra_headroom ... ok
test renderer::tests::test_bar3d_room_grid_on_back_wall ... ok
test renderer::tests::test_bar3d_clustered_faces_both_orientations ... ok
test renderer::tests::test_bar3d_shear_direction ... ok
test renderer::tests::test_color_hex ... ok
test renderer::tests::test_clustered_bars_distinct_x ... ok
test renderer::tests::test_bar3d_room_depth_ratio ... ok
test renderer::tests::test_bar3d_stacked_all_segments_extrude ... ok
test renderer::tests::test_bar3d_faces_within_plot ... ok
test renderer::tests::test_bar3d_zero_segment_skipped ... ok
test renderer::tests::test_format_num ... ok
test renderer::tests::test_bar3d_room_hancom_line_style ... ok
test renderer::tests::test_bar3d_thickness_from_gap_width ... ok
test renderer::tests::test_default_palette_hancom_order ... ok
test renderer::tests::test_bar3d_degenerate_cameras ... ok
test renderer::tests::test_horizontal_bar_categories_bottom_up ... ok
test renderer::tests::test_hbar_clustered_slot_series1_at_bottom ... ok
test renderer::tests::test_hbar_single_category_half_step ... ok
test renderer::tests::test_legend_order_3d_same_as_2d ... ok
test renderer::tests::test_legend_order_combo_forward ... ok
test renderer::tests::test_horizontal_bar_category_labels_not_clipped ... ok
test renderer::tests::test_legend_order_forward_for_stock_and_bottom_legend ... ok
test renderer::tests::test_bar3d_room_only_when_3d ... ok
test renderer::tests::test_legend_order_rule_table ... ok
test renderer::tests::test_legend_swatch_plain_line_no_glyph ... ok
test renderer::tests::test_legend_swatch_marker_line_has_glyph ... ok
test renderer::tests::test_legend_swatch_scatter_line_marker_line_glyph ... ok
test renderer::tests::test_legend_swatch_square_unchanged_for_bars ... ok
test renderer::tests::test_legend_swatch_scatter_marker_only_glyph_only ... ok
test renderer::tests::test_legend_swatch_stock_blank_except_close ... ok
test renderer::tests::test_line_clustered_unchanged ... ok
test renderer::tests::test_line_marker_shape_cycle ... ok
test renderer::tests::test_line_markers_rendered ... ok
test renderer::tests::test_line_marker_x_series4 ... ok
test renderer::tests::test_line_no_markers_by_default ... ok
test renderer::tests::test_line_percent_axis_labels ... ok
test renderer::tests::test_line_percent_top_series_flat ... ok
test renderer::tests::test_line_percent_zero_sum_category_no_nan ... ok
test renderer::tests::test_line_points_at_category_slot_centers ... ok
test renderer::tests::test_line_stacked_series_order ... ok
test renderer::tests::test_line_stacked_axis_from_category_sum ... ok
test renderer::tests::test_ofpie_bar_secondary_first_split_cat_on_top ... ok
test renderer::tests::test_ofpie_combined_slice_uses_palette4 ... ok
test renderer::tests::test_ofpie_legend_categories_in_order_no_combined ... ok
test renderer::tests::test_ofpie_pie_secondary_and_serlines ... ok
test renderer::tests::test_ofpie_non_pos_split_type_falls_back_to_default ... ok
test renderer::tests::test_ofpie_split_pos_respected ... ok
test renderer::tests::test_palette_index4_measured ... ok
test renderer::tests::test_ofpie_two_values_plain_pie_fallback ... ok
test renderer::tests::test_percent_stacked_axis_and_single_column ... ok
test renderer::tests::test_pie3d_ellipse_ratio_follows_rotx ... ok
test renderer::tests::test_pie3d_degenerate_cameras ... ok
test renderer::tests::test_pie3d_wall_clipped_at_boundaries ... ok
test renderer::tests::test_pie3d_wall_height_measured ... ok
test renderer::tests::test_pie3d_wall_lower_half_only ... ok
test renderer::tests::test_pie3d_walls_before_tops ... ok
test renderer::tests::test_pie_2d_no_pie3d_vocab ... ok
test renderer::tests::test_pie_exploded_slices_offset ... ok
test renderer::tests::test_pie_legend_reserves_space_regardless_of_series_name ... ok
test renderer::tests::test_pie_slices_butt_joined_no_white_border ... ok
test renderer::tests::test_render_auto_title_placeholder ... ok
test renderer::tests::test_render_column ... ok
test renderer::tests::test_render_auto_title_single_series_uses_name ... ok
test renderer::tests::test_render_auto_title_single_series_fallbacks ... ok
test renderer::tests::test_render_empty_chart ... ok
test renderer::tests::test_render_combo_dual_axis ... ok
test renderer::tests::test_render_legend_bottom_default_unchanged ... ok
test renderer::tests::test_render_legend_right_narrow_chart_no_panic ... ok
test renderer::tests::test_render_legend_right_vertical ... ok
test renderer::tests::test_render_no_auto_title_when_deleted_or_absent ... ok
test renderer::tests::test_render_scatter_decimal_axis_labels ... ok
test renderer::tests::test_render_scatter_line_marker ... ok
test renderer::tests::test_render_scatter_line_only ... ok
test renderer::tests::test_render_scatter_marker_only ... ok
test renderer::tests::test_render_scatter_zero_baseline ... ok
test renderer::tests::test_shade_lighten_darken ... ok
test renderer::tests::test_render_scatter_smooth ... ok
test renderer::tests::test_scatter_markers_use_cycle ... ok
test renderer::tests::test_stacked_bars_share_x_per_category ... ok
test renderer::tests::test_stacked_vertical_bars_align_with_category_labels ... ok
test renderer::tests::test_stock_axis_unconditional_headroom ... ok
test renderer::tests::test_stock_hilow_lines_per_category ... ok
test renderer::tests::test_stock_close_marker_only ... ok
test renderer::tests::test_stock_ohlc_candles ... ok
test renderer::tests::test_stock_series_count_and_line_are_independent ... ok

test result: ok. 165 passed; 0 failed; 0 ignored; 0 measured; 0 filtered out; finished in 0.00s

     Running unittests src/lib.rs (target/pr7118-7187-20260916/release-test/deps/rhwp_password_crypto-302401cde12f9ad1)

running 2 tests
test tests::hwp5_decrypt_matches_external_vector ... ok
test tests::hwp5_stream_roundtrip_preserves_partial_block ... ok

test result: ok. 2 passed; 0 failed; 0 ignored; 0 measured; 0 filtered out; finished in 0.00s
