
> rhwp-studio@0.8.6 test
> node --test tests/*.test.ts ../npm/editor/tests/*.test.mjs

✔ 문서 에이전트 공개 API는 exact RPC 메서드와 파라미터를 사용한다 (2.399542ms)
✔ 문서 에이전트 공개 API는 capability가 없으면 요청 전에 실패한다 (1.912708ms)
✔ 문서 에이전트 공개 API는 extra key와 잘못된 SHA를 요청 전에 거부한다 (0.791334ms)
✔ 문서 에이전트 공개 API는 malformed 응답을 명시적으로 거부한다 (0.433333ms)
✔ 문서 변경 이벤트는 capability와 strict v1 payload를 사용한다 (0.450417ms)
✔ 문서 변경 이벤트는 모든 listener에 한 번 전달하고 stale epoch/seq를 버린다 (0.210417ms)
✔ exportHwpVerify uses the documented export timeout (0.70925ms)
✔ README getHmlSaveState 절은 HmlSaveState 선언과 같은 필드를 문서화한다 (2.535375ms)
✔ README getHmlSaveState 절은 실재하지 않는 반환 필드를 문서화하지 않는다 (0.123667ms)
✔ loadFile sends the embed dialog default while preserving explicit choices (27.881458ms)
✔ a correlated malformed v1 response fails explicitly instead of timing out (62.832334ms)
✔ notify-saved-v1 광고 시 notifySaved는 fileName을 전달하고 결과를 반환한다 (77.433292ms)
✔ notify-saved-v1 미광고 시 notifySaved는 요청 없이 명시적으로 실패한다 (1.875625ms)
✔ index.d.ts는 notifySaved 선언과 저장 계약 JSDoc을 포함한다 (4.868833ms)
✔ renderer-diagnostics-v1 keeps its original backend enum (0.786708ms)
✔ additive renderer selection represents auto requests (0.103791ms)
✔ a correlated response protocol mismatch fails explicitly instead of timing out (95.590833ms)
✔ EditorTransport는 exact origin의 v1 port로 binary를 caller detach 없이 전송한다 (83.863375ms)
✔ EditorTransport는 50 MiB v1 loadFile binary를 number array 없이 전송한다 (35.627584ms)
✔ EditorTransport는 legacy fallback에서도 source/origin이 맞는 응답만 받는다 (6.155834ms)
✔ EditorTransport.destroy는 pending request를 거부한다 (0.773958ms)
✔ EditorTransport는 bound v1 session의 documentChanged event만 전달한다 (1.786625ms)
✔ EditorTransport는 document-agent recovered 오류 필드를 보존한다 (2.472083ms)
✔ EditorTransport는 일반 요청 10초와 load/export 60초 기본 timeout을 구분한다 (0.313584ms)
✔ EditorTransport session은 randomUUID가 없을 때도 안전한 난수만 사용한다 (0.308917ms)
✔ EditorTransport는 구조화된 version 협상 오류를 legacy fallback 없이 전달한다 (1.214542ms)
✔ EditorTransport.destroy는 진행 중인 handshake도 한 번 거부한다 (0.552291ms)
✔ EditorTransport는 malformed v1 response를 완료 응답으로 처리하지 않는다 (0.765083ms)
✔ createEditor 연결 실패는 생성한 iframe과 transport를 정리한다 (1.601916ms)
✔ createEditor는 지원하지 않는 renderer를 iframe 생성 전에 거부한다 (0.115958ms)
✔ createEditor는 HTTP(S)가 아닌 studioUrl 실패 시 iframe을 남기지 않는다 (0.122458ms)
✔ EditorTransport는 동기 postMessage 실패 시 pending과 timer를 정리한다 (1.141333ms)
✔ 편집기 셸은 제목과 header, main, footer landmark를 제공한다 (6.7565ms)
✔ 서식 도구 모음의 폼 컨트롤은 연결된 보이는 label을 제공한다 (0.761583ms)
✔ 숨겨진 편집 입력과 글자색 입력은 접근 가능한 이름을 제공한다 (1.693ms)
✔ 문서 렌더링 이미지와 스크롤 영역은 보조 기술 및 키보드 계약을 제공한다 (7.340416ms)
✔ 서식 도구 모음 컨트롤은 테마 토큰으로 전경색과 배경색을 명시한다 (4.853583ms)
✔ 여러 쪽 배치는 X/Y가 실제로 겹치는 페이지만 활성 후보로 사용한다 (5.353666ms)
✔ 단일 열은 X 가시성 보강 뒤에도 현재 페이지 판정을 유지한다 (0.361291ms)
✔ 보이는 편집 페이지가 뷰포트 중심 페이지보다 우선한다 (8.367ms)
✔ 편집 페이지가 화면 밖이면 보이는 뷰포트 페이지로 전환한다 (27.753292ms)
✔ 뷰포트 기준점이 빈 슬롯이나 범위 밖이면 첫 실제 가시 페이지를 쓴다 (0.219041ms)
✔ 가시 페이지가 없거나 문서가 비었으면 활성 페이지도 없다 (21.687458ms)
✔ 0번 페이지도 유효한 편집 페이지로 보존한다 (6.486375ms)
✔ 눈금자는 순수 스크롤로 활성 페이지가 바뀌어도 마지막 편집 focus를 유지한다 (10.223667ms)
✔ 편집 focus가 아직 없을 때만 활성 뷰포트 페이지로 눈금자를 초기화한다 (2.269167ms)
✔ 눈금자는 문서와 확정 레이아웃에 모두 존재하는 페이지만 사용한다 (0.068375ms)
✔ 눈금자의 편집 문맥은 viewport 활성 쪽이 바뀌어도 마지막 focus에 남는다 (0.083584ms)
✔ focus와 활성 페이지가 모두 무효하면 눈금자 대상도 없다 (0.097708ms)
✔ ApplyCharFormatCommand 셀 서식 적용/복원이 최내곽 셀 대상 ...ByPath 로 라우팅한다 (1.570083ms)
✔ ApplyCharFormatCommand 가 flat 셀 축 API/좌표를 쓰지 않는다 (0.244416ms)
✔ AutosaveManager는 dirty 이벤트 후 현재 문서를 draft로 저장한다 (13.530958ms)
✔ AutosaveManager는 clean 전환 시 현재 draft를 삭제한다 (2.511666ms)
✔ AutosaveManager는 새 문서 세션 시작 시 이전 draft를 정리하고 새 id를 사용한다 (0.955875ms)
✔ AutosaveManager는 쉴 때 자동저장 간격 전에는 draft를 저장하지 않는다 (27.444041ms)
✔ AutosaveManager는 복구용 주기 저장을 별도 타이머로 예약한다 (27.421292ms)
✔ AutosaveManager는 저장 상태 콜백을 보낸다 (0.480833ms)
✔ AutosaveManager는 저장 진행 중 discard가 끼어들면 저장 완료로 부활한 draft를 재삭제한다 (0.372042ms)
✔ AutosaveManager는 discard 없는 정상 flush에서는 draft를 삭제하지 않는다 (0.1805ms)
[autosave] draft deleted: draft-protected (recovery-blocked)
✔ AutosaveManager는 대기 중인 저장이 없으면 설정 변경만으로 draft를 저장하지 않는다 (10.809041ms)
✔ AutosaveManager는 보호 문서에서 평문 draft를 저장하지 않는다 (1.220875ms)
[autosave] draft deleted: draft-protected-debounce (recovery-blocked)
✔ AutosaveManager는 보호 문서 차단도 idle debounce로 합친다 (29.950375ms)
[autosave] draft saved: doc.hwp (4 bytes)
[autosave] draft deleted: draft-becomes-protected (recovery-blocked)
[autosave] draft deleted: draft-unprotected (recovery-blocked)
[autosave] draft saved: doc.hwp (2 bytes)
✔ AutosaveManager는 자동저장이 꺼진 보호 문서에서 차단 알림도 예약하지 않는다 (7.3025ms)
✔ AutosaveManager는 보호 상태로 바뀌면 남아 있던 draft를 폐기한다 (3.026333ms)
✔ AutosaveManager는 보호 해제 후 다시 draft를 저장한다 (0.275791ms)
✔ autosave store는 IndexedDB가 없으면 메모리 폴백으로 draft를 저장한다 (3.691791ms)
✔ autosave store는 draft 데이터를 복사해서 외부 변경과 분리한다 (0.249041ms)
✔ 책갈피 대화상자는 열릴 때마다 sortMode를 라디오 초기 상태(position)로 리셋한다 (15.625708ms)
✔ 책갈피 이름 상한은 u16 캐스팅이 랩어라운드되는 65536보다 충분히 작다 (0.920916ms)
✔ bounded response reads missing and underreported Content-Length by actual stream bytes (152.144792ms)
✔ bounded response cancels the stream as soon as actual bytes exceed the cap (0.707666ms)
✔ bounded response aborts a pending stream read promptly (0.427542ms)
✔ bounded response rejects a non-streaming mock without calling arrayBuffer (0.206042ms)
✔ budget detail off creates no boundaries and never queries the product (28.237292ms)
✔ detail page labels distinguish layer/descriptor indices from budget arguments (0.447292ms)
✔ nested metadata observation preserves cold/warm calls, return and restoration (5.424292ms)
✔ 처리 동안 대기 커서를 걸고 끝나면 되돌린다 (2.816ms)
✔ 겹쳐 불러도 가장 바깥 처리가 끝날 때 한 번만 되돌린다 (0.149584ms)
✔ 처리가 실패해도 대기 커서를 반드시 되돌린다 (0.324416ms)
✔ 대기 커서 CSS 는 편집 영역의 인라인 커서까지 덮는다 (0.554166ms)
✔ only the exact painter error (raw or WASM-prefixed) is recoverable (2.027333ms)
✔ paint cleanup precedes one invalidation/preparation/repaint, even for concurrent page failures (1.824875ms)
✔ persistent mismatch during repaint cannot schedule a second preparation (0.213458ms)
✔ unrelated render errors do not invalidate metrics or consume the retry budget (0.144333ms)
✔ document/view/backend invalidation before the microtask touches no resources (0.820959ms)
✔ document/view/backend invalidation while fonts load cannot repaint the new document (0.187292ms)
✔ preparation failure is diagnosed once and cannot loop (0.291541ms)
✔ late rejection from an obsolete attempt is not attributed to the new view (0.17ms)
✔ external font generation or document change permits a fresh bounded attempt (0.1935ms)
[Canvas metrics] portable fallback: Error: Canvas2D measurement context unavailable
    at CanvasSupplementalMetricProvider.prepare (file:///Users/tsjang/rhwp/rhwp-studio/src/core/supplemental-text-metrics.ts:137:27)
    at async CanvasMetricSession.prepare (file:///Users/tsjang/rhwp/rhwp-studio/src/core/canvas-metric-session.ts:38:22)
    at async TestContext.<anonymous> (file:///Users/tsjang/rhwp/rhwp-studio/tests/canvas-metric-session.test.ts:68:16)
    at async Test.run (node:internal/test_runner/test:1208:7)
    at async Test.processPendingSubtests (node:internal/test_runner/test:831:7)
✔ prepares only after fonts, registers then selects, and warm revision reuses measurements (3.621ms)
✔ late view or released document never touches a freed WASM handle (0.169208ms)
✔ font generation invalidation discards pending preparation (0.276167ms)
✔ CanvasKit selection restores portable mode without requesting Canvas metrics (0.142125ms)
✔ measurement failure is diagnostic and cannot retain active stale positions (2.472708ms)
✔ portable transaction restores Canvas on success and on exception; nested export is safe (0.471917ms)
✔ 문서 교체는 비운 직후 빈 쪽 자리표시자를 놓는다 (2.2255ms)
✔ 빈 쪽 자리표시자는 첫 쪽을 그린 뒤에만 걷는다 (0.60625ms)
✔ 자리표시자는 문서 용지 색을 쓴다 (0.563542ms)
✔ 자리표시자 배치는 실제 쪽 여백과 같은 값을 쓴다 (0.376417ms)
✔ 문서를 실은 직후 리사이즈 앵커를 끈다 (11.512333ms)
✔ 자리표시자로 갈아타는 두 진입점도 앵커를 끈다 (0.516084ms)
✔ 리사이즈 앵커는 억제 플래그를 한 번 쓰고 스스로 거둔다 (0.583833ms)
✔ 사용자가 스크롤하면 억제를 거둔다 (0.461375ms)
✔ 같은 행 그룹은 같은 토폴로지 키를 가지며 맞쪽은 두 쪽과 구분된다 (1.218042ms)
✔ 자동 단일 열과 명시 한 쪽은 같은 토폴로지다 (0.179292ms)
✔ CanvasView는 저장된 쪽 배치를 레이아웃 계산에 전달한다 (0.451291ms)
✔ CanvasView는 통합 보기 설정 이벤트만 구독하고 단일 필드 wrapper를 노출하지 않는다 (0.842667ms)
✔ 배치 전환은 중심 앵커를 복원하고 토폴로지가 달라질 때만 Canvas를 해제한다 (0.301958ms)
✔ 배치와 배율 transaction은 표준 zoom 이벤트를 유지하고 최종 레이아웃만 한 번 계산한다 (0.32475ms)
✔ 가로 쪽 이동은 배치와 함께 한 번에 전환하고 단일 가시성 snapshot을 사용한다 (0.42025ms)
✔ 실제 CanvasView zoom 경로는 자동 열 commit과 Canvas pool 단일 소유권을 유지한다 (1089.2835ms)
✔ scroll 큐가 대기 중 focus=0로 plan이 바뀌어도 미생성 visible을 완료한다 (1103.450334ms)
✔ scroll 큐가 대기 중 focus=null로 plan이 바뀌어도 미생성 visible을 완료한다 (869.475208ms)
✔ scroll-settled 큐가 대기 중 focus=0로 plan이 바뀌어도 미생성 visible을 완료한다 (794.755166ms)
✔ scroll-settled 큐가 대기 중 focus=null로 plan이 바뀌어도 미생성 visible을 완료한다 (708.298375ms)
✔ scroll fast path가 throw해도 정착 복구와 남은 visible frame은 예약돼 있다 (795.795125ms)
✔ 실제 CanvasView update 경계는 많은 scroll visible만 분할하고 initial은 동기 보존한다 (722.159541ms)
✔ 실제 CanvasView scroll 경계도 1·2 visible은 동기 fast path를 유지한다 (889.81225ms)
✔ CanvasView는 scroll 중 surface를 유지하고 정착 승격은 center-first frame work로 실행한다 (1060.428208ms)
✔ CanvasView planner는 scroll 중 실제 requested DPR을 잠그고 정착 visible을 raw로 회복한다 (733.836333ms)
✔ 읽기 visible은 64M 초과·고배율·이전 저화질에도 클릭 없이 raw DPR을 유지한다 (953.316166ms)
✔ scroll exact LRU hit는 raster queue 없이 retained working set에 모두 재부착한다 (1001.768458ms)
✔ CanvasView 방향 전환은 overscan 후보를 늘리지 않고 진행 방향 prefetch만 앞세운다 (749.403917ms)
✔ 낡은 active surface는 detach admission 전에 목표 DPR 크기로 예약한다 (795.308042ms)
✔ 비가시 missing 후보는 승인 전 mandatory 예약에서 제외하고 실제 headroom으로 gate한다 (827.562542ms)
✔ visible focused 쪽은 기존 surface의 key가 낡았어도 새 비포커스 쪽보다 우선한다 (765.895959ms)
✔ CanvasView는 fractional DPR 재래스터 뒤에도 page surface CSS 크기를 고정한다 (1204.3355ms)
✔ CanvasView는 완성 다층 bundle을 exact key로 재부착하고 raster를 반복하지 않는다 (859.486ms)
✔ surface plan 재래스터가 실패한 쪽은 active surface를 놓아 다음 갱신이 다시 그린다 (756.257291ms)
✔ auto: 수렴 뒤 quiet 대기에도 preview·공통 좌표를 유지한다 (1165.211666ms)
✔ single: 수렴 뒤 quiet 대기에도 preview·공통 좌표를 유지한다 (1.0505ms)
✔ double: 수렴 뒤 quiet 대기에도 preview·공통 좌표를 유지한다 (0.671167ms)
✔ facing: 수렴 뒤 quiet 대기에도 preview·공통 좌표를 유지한다 (1.076959ms)
✔ multiple: 수렴 뒤 quiet 대기에도 preview·공통 좌표를 유지한다 (0.997375ms)
✔ vertical/auto: animation은 같은 geometry에 preview를 한 번만 적용한다 (0.933208ms)
✔ vertical/single: animation은 같은 geometry에 preview를 한 번만 적용한다 (0.613333ms)
✔ vertical/double: animation은 같은 geometry에 preview를 한 번만 적용한다 (0.855208ms)
✔ vertical/facing: animation은 같은 geometry에 preview를 한 번만 적용한다 (1.334292ms)
✔ vertical/multiple: animation은 같은 geometry에 preview를 한 번만 적용한다 (1.2145ms)
✔ horizontal/auto: animation은 같은 geometry에 preview를 한 번만 적용한다 (1.17125ms)
✔ horizontal/single: animation은 같은 geometry에 preview를 한 번만 적용한다 (0.92025ms)
✔ horizontal/double: animation은 같은 geometry에 preview를 한 번만 적용한다 (0.826584ms)
✔ horizontal/facing: animation은 같은 geometry에 preview를 한 번만 적용한다 (18.434417ms)
✔ horizontal/multiple: animation은 같은 geometry에 preview를 한 번만 적용한다 (0.547333ms)
✔ animation 중 직접 resize 재계산도 preview를 한 번 유지한다 (0.633ms)
✔ 버튼 zoom 도중 동일 크기의 resize 알림은 전면 해제·동기 raster를 우회하지 않는다 (0.288917ms)
✔ 문서 로드 앵커 억제는 줌 resize 지연과 함께 유지된다 (quiet=false) (0.286792ms)
✔ zoom 중 높이만 15px 바뀌면 geometry만 갱신하고 마지막 정착을 유지한다 (quiet=false) (0.54225ms)
✔ 문서 로드 앵커 억제는 줌 resize 지연과 함께 유지된다 (quiet=true) (0.175375ms)
✔ zoom 중 높이만 15px 바뀌면 geometry만 갱신하고 마지막 정착을 유지한다 (quiet=true) (0.18675ms)
✔ 정착 및 직접 zoom은 전면 해제 없이 개별 갱신까지 main/layer preview를 유지한다 (0.767375ms)
✔ 문서가 없으면 zoom은 preview와 geometry를 만들지 않는다 (0.262625ms)
✔ 실제 ViewportManager→CanvasView: 작은 연속 wheel 20건은 전체 해제 없이 최종 예약 1회다 (1.591583ms)
✔ quiet 대기 중 실제 폭 resize도 마지막 줌의 페이지별 예약을 유지한다 (0.217125ms)
✔ vertical/auto/quiet=false: zoom 중 폭 변경은 전역 해제 없이 공통 좌표를 갱신한다 (0.495541ms)
✔ vertical/auto/quiet=true: zoom 중 폭 변경은 전역 해제 없이 공통 좌표를 갱신한다 (20.482291ms)
✔ vertical/single/quiet=false: zoom 중 폭 변경은 전역 해제 없이 공통 좌표를 갱신한다 (1.150125ms)
✔ vertical/single/quiet=true: zoom 중 폭 변경은 전역 해제 없이 공통 좌표를 갱신한다 (2.338042ms)
✔ vertical/double/quiet=false: zoom 중 폭 변경은 전역 해제 없이 공통 좌표를 갱신한다 (0.24025ms)
✔ vertical/double/quiet=true: zoom 중 폭 변경은 전역 해제 없이 공통 좌표를 갱신한다 (0.249708ms)
✔ vertical/facing/quiet=false: zoom 중 폭 변경은 전역 해제 없이 공통 좌표를 갱신한다 (0.560334ms)
✔ vertical/facing/quiet=true: zoom 중 폭 변경은 전역 해제 없이 공통 좌표를 갱신한다 (0.413834ms)
✔ vertical/multiple/quiet=false: zoom 중 폭 변경은 전역 해제 없이 공통 좌표를 갱신한다 (0.380334ms)
✔ vertical/multiple/quiet=true: zoom 중 폭 변경은 전역 해제 없이 공통 좌표를 갱신한다 (0.308291ms)
✔ horizontal/auto/quiet=false: zoom 중 폭 변경은 전역 해제 없이 공통 좌표를 갱신한다 (0.389791ms)
✔ horizontal/auto/quiet=true: zoom 중 폭 변경은 전역 해제 없이 공통 좌표를 갱신한다 (0.218042ms)
✔ horizontal/single/quiet=false: zoom 중 폭 변경은 전역 해제 없이 공통 좌표를 갱신한다 (0.196416ms)
✔ horizontal/single/quiet=true: zoom 중 폭 변경은 전역 해제 없이 공통 좌표를 갱신한다 (0.165ms)
✔ horizontal/double/quiet=false: zoom 중 폭 변경은 전역 해제 없이 공통 좌표를 갱신한다 (0.1585ms)
✔ horizontal/double/quiet=true: zoom 중 폭 변경은 전역 해제 없이 공통 좌표를 갱신한다 (0.165333ms)
✔ horizontal/facing/quiet=false: zoom 중 폭 변경은 전역 해제 없이 공통 좌표를 갱신한다 (0.174917ms)
✔ horizontal/facing/quiet=true: zoom 중 폭 변경은 전역 해제 없이 공통 좌표를 갱신한다 (0.4655ms)
✔ horizontal/multiple/quiet=false: zoom 중 폭 변경은 전역 해제 없이 공통 좌표를 갱신한다 (0.762375ms)
✔ horizontal/multiple/quiet=true: zoom 중 폭 변경은 전역 해제 없이 공통 좌표를 갱신한다 (18.103709ms)
✔ idle grid resize는 기존 전면 갱신 계약을 유지한다 (0.60975ms)
✔ quiet 중 부분 편집은 전체 최신 줌 갱신 경로로 넘긴다 (6.142209ms)
✔ 비동기 renderer 선택이 교체돼도 중단한 줌의 전체 갱신 책임을 승계한다 (1.148708ms)
✔ new-selection: renderer 초기화 뒤 늦게 도착한 구 선택을 적용하지 않는다 (1.749292ms)
✔ document: renderer 초기화 뒤 늦게 도착한 구 선택을 적용하지 않는다 (0.300667ms)
✔ dispose: renderer 초기화 뒤 늦게 도착한 구 선택을 적용하지 않는다 (0.592542ms)
✔ 줌 확대: mandatory visible만 예산을 넘어도 preview는 보존하고 offscreen 확대는 거절한다 (1106.183667ms)
✔ 줌 정착: 초과분만 먼 offscreen부터 반환하고 headroom 안 warm surface는 보존한다 (0.549583ms)
✔ 줌 축소: 큰 구 preview를 작은 target 비용으로 오인해 보존하지 않는다 (0.2955ms)
✔ 화면 밖 편집 surface 반환은 focus를 옮기지 않고 재진입 strict 렌더를 막지 않는다 (0.475667ms)
✔ 예산 안 exact warm surface는 반복 줌 정착에서도 반환하거나 다시 그리지 않는다 (0.672708ms)
✔ 미완료 offscreen 반환은 이미지 작업 취소 경로를 거치며 모든 Canvas backing을 비운다 (1.191291ms)
✔ 줌 정착의 같은 위치 scroll은 화면 밖 page를 DPR 2→1로 중복 raster하지 않는다 (10.523ms)
✔ 같은 위치의 반복 지연 scroll은 zoom visible 큐 세대를 교체하지 않는다 (0.938417ms)
✔ zoom-settled 예약: 줌 정착만 visible 후 frame 양보를 요청한다 (0.173833ms)
✔ scroll 예약: 줌 정착만 visible 후 frame 양보를 요청한다 (0.196041ms)
✔ scroll-settled 예약: 줌 정착만 visible 후 frame 양보를 요청한다 (0.071ms)
✔ strict 예약: 줌 정착만 visible 후 frame 양보를 요청한다 (0.057333ms)
✔ physical key가 같아도 visible의 구 zoom preview는 최신 배율로 한 번 확정한다 (0.099875ms)
✔ 줌 정착 뒤 x 변경은 같은 위치 scroll 제거에 가려지지 않는다 (0.127208ms)
✔ 줌 정착 뒤 y 변경은 같은 위치 scroll 제거에 가려지지 않는다 (0.06675ms)
✔ 줌 정착 뒤 width 변경은 같은 위치 scroll 제거에 가려지지 않는다 (0.059333ms)
✔ 줌 정착 뒤 height 변경은 같은 위치 scroll 제거에 가려지지 않는다 (0.053208ms)
✔ 줌 정착 뒤 zoom 변경은 같은 위치 scroll 제거에 가려지지 않는다 (1.072875ms)
✔ 줌 정착 뒤 strict 변경은 같은 위치 scroll 제거에 가려지지 않는다 (0.124875ms)
✔ 줌 정착 뒤 generation 변경은 같은 위치 scroll 제거에 가려지지 않는다 (0.094958ms)
✔ 줌 계획 도중 실패하면 같은 위치의 scroll 복구를 막지 않는다 (0.303042ms)
✔ zoom 1쪽: 동기 fast path 없이 기존 surface를 유지하고 새 visible부터 분할한다 (0.119667ms)
✔ zoom 2쪽: 동기 fast path 없이 기존 surface를 유지하고 새 visible부터 분할한다 (0.061541ms)
✔ zoom 8쪽: 동기 fast path 없이 기존 surface를 유지하고 새 visible부터 분할한다 (0.096875ms)
✔ zoom 한 쪽이 soft budget을 넘으면 다음 쪽 전에 frame을 양보한다 (0.197ms)
✔ 재입력은 이전 zoom 큐를 취소하고 다음 정착은 최신 key만 완료한다 (0.275291ms)
✔ strict는 quiet ready가 비동기 예약으로 바뀌어도 최신 visible을 응답 전에 완료한다 (0.372375ms)
✔ 실제 휠 재입력 뒤 첫 animation보다 먼저 도착한 구 render frame은 raster/decode를 시작하지 않는다 (2.34325ms)
✔ pending 동안 visible dispatch를 거부하고 prefetch 예약을 반환한다 (0.18ms)
✔ pending 동안 retained-transition dispatch를 거부하고 prefetch 예약을 반환한다 (0.079583ms)
✔ pending 동안 prefetch dispatch를 거부하고 prefetch 예약을 반환한다 (0.128125ms)
✔ animating 동안 visible dispatch를 거부하고 prefetch 예약을 반환한다 (0.081917ms)
✔ animating 동안 retained-transition dispatch를 거부하고 prefetch 예약을 반환한다 (0.069125ms)
✔ animating 동안 prefetch dispatch를 거부하고 prefetch 예약을 반환한다 (0.470833ms)
✔ 구 zoom bitmap은 실제 비용과 target 중 큰 쪽을 예약하고 exact에서는 실제 비용으로 복귀한다 (0.353167ms)
✔ 같은 DPR이어도 strict plan은 queue에 남은 구 zoom surface를 다시 그린다 (2.976125ms)
✔ 같은 그림의 pending decode는 새 bitmap/scale에 재연결하고 오래된 완료를 무시한다 (0.549792ms)
✔ page 취소는 미완료 그림의 재시도를 막지 않고 완료된 다른 그림은 재사용한다 (0.445584ms)
✔ all 취소는 미완료 그림의 재시도를 막지 않고 완료된 다른 그림은 재사용한다 (0.100041ms)
✔ page: microtask 전 취소한 이미지 작업은 WASM 조회조차 시작하지 않는다 (0.122625ms)
✔ all: microtask 전 취소한 이미지 작업은 WASM 조회조차 시작하지 않는다 (0.183417ms)
✔ revision: microtask 전 취소한 이미지 작업은 WASM 조회조차 시작하지 않는다 (0.292542ms)
✔ backend: microtask 전 취소한 이미지 작업은 WASM 조회조차 시작하지 않는다 (0.245208ms)
✔ dispose: microtask 전 취소한 이미지 작업은 WASM 조회조차 시작하지 않는다 (0.111583ms)
✔ 동일 surface에 연속 예약한 20개 배율 중 최신 이미지 작업만 시작한다 (0.4115ms)
✔ 반복 역방향 줌은 부분 완료 surface를 유지하며 마지막 배율로 수렴한다 (0.681833ms)
✔ 문서 교체는 구 zoom 큐·surface·미시작 이미지 작업을 버리고 같은 page 번호를 재사용한다 (0.725083ms)
✔ decode: 구 callback은 새 job의 timer·surface를 건드리지 않고 최신 fallback은 살아 있다 (0.391375ms)
✔ fallback: 구 callback은 새 job의 timer·surface를 건드리지 않고 최신 fallback은 살아 있다 (0.079542ms)
✔ reject: 구 callback은 새 job의 timer·surface를 건드리지 않고 최신 fallback은 살아 있다 (0.088292ms)
✔ CanvasKit document preflight parser accepts the complete bounded schema (10.932959ms)
✔ CanvasKit document preflight parser rejects malformed and partial reports (0.612584ms)
✔ surface blockers fail auto eligibility without mutating the WASM report (0.3175ms)
✔ surface blockers remain visible when the WASM blocker budget is full (0.186916ms)
✔ surface blockers fail closed even when diagnostics cannot retain a blocker (0.949042ms)
✔ surface blocker details remain bounded while the summary counts every requirement (0.225458ms)
✔ CanvasKit font plan groups document aliases that share one bundled face (14.637333ms)
✔ CanvasKit font plan follows the existing Hanyang Jung Gothic substitution (0.211209ms)
✔ CanvasKit font plan uses KoPub SFNT originals while CSS keeps web formats (0.208917ms)
✔ CanvasKit font plan fails closed for unavailable surface fonts (0.169875ms)
✔ encoded image admission accepts bounded browser formats (9.221041ms)
✔ encoded image admission rejects malformed and truncated structures (0.456042ms)
✔ encoded image admission parses lossy and lossless WebP dimensions (0.1635ms)
✔ encoded image admission rejects oversized payloads before decode (1.799334ms)
✔ decoded image dimensions allow bounded JPEG EXIF orientation swaps only (0.253167ms)
✔ CanvasKit strict resource key verifies kind, length, and BLAKE3 digest (2.172292ms)
✔ CanvasKit SFNT normalization selects exact TTC faces (5.666417ms)
✔ CanvasKit SFNT normalization keeps standalone fonts on face zero (0.551084ms)
✔ CanvasKit SFNT normalization rejects malformed collection directories (0.182042ms)
✔ CanvasKit SFNT normalization protects TTC v2 DSIG metadata (0.10925ms)
✔ selects a decodable glyph sidecar exclusively (5.175792ms)
✔ keeps text fallback for corrupt, missing, oversized, or unparseable resources (0.445292ms)
✔ selects each equivalence group independently (0.250291ms)
✔ selects a complete replayable GlyphRun when no outline is available (0.290416ms)
✔ keeps fallback for incomplete or duplicate multipart GlyphRun variants (0.223667ms)
✔ keeps fallback for invalid or mixed multipart variant metadata (0.207458ms)
✔ prefers a replayable outline over GlyphRun and fallback (0.132166ms)
✔ does not evaluate lower-priority GlyphRun when an outline is selected (0.15275ms)
✔ rejects a variant that spoofs another paint op kind (0.156959ms)
✔ rejects SVG layers when CanvasKit path construction throws or returns null (0.2555ms)
✔ 표 셀 IME 조합창은 Canvas clip과 별도로 cellBounds 안에 제한한다 (2.797667ms)
✔ 지연 셀 입력이 가시 높이를 넘으면 즉시 전체 페이지네이션을 수행한다 (0.238916ms)
✔ 쪽/단 나누기는 다음 layout 완료에 한 번만 캐럿 reveal을 예약한다 (1.345333ms)
✔ 일반 전체 편집은 지연 reveal을 예약하지 않는다 (0.1065ms)
✔ 경계 명령 뒤의 일반 명령은 아직 도착하지 않은 layout reveal 예약을 지우지 않는다 (0.06575ms)
✔ 문서 전환 경계에서는 아직 도착하지 않은 layout reveal 예약을 폐기한다 (0.125ms)
✔ 선택 범위에 드는 셀만 고른다 (2.679375ms)
✔ 블록 전체 선택은 모든 셀을 고른다 (0.2015ms)
✔ Ctrl+클릭으로 제외한 셀은 대상에서 빠진다 (0.120833ms)
✔ 모든 셀을 Ctrl+클릭으로 제외하면 빈 블록이 된다 (0.162959ms)
✔ 제외 셀 키 형식은 CursorState 가 조립하는 것과 같은 함수여야 한다 (10.840125ms)
✔ 셀 블록 안 모든 셀의 모든 문단이 문단 서식 대상이 된다 (0.315958ms)
✔ 셀마다 문단 수가 다르면 각 셀의 문단 수만큼 대상이 만들어진다 (0.183958ms)
✔ 선택된 셀이 없으면 대상도 없다 (0.1045ms)
✔ 문단 서식 대상 산출은 텍스트 선택보다 셀 블록을 먼저 본다 (1.20925ms)
✔ 빈 셀 블록 문단 서식은 앵커 셀로 fallback 하지 않는다 (1.184417ms)
✔ 글자 서식 진입점은 선택·셀 블록 유무로 조기 종료하지 않는다 (1.407708ms)
✔ 셀 블록 글자 서식은 되돌리기 라우팅(executeOperation)을 거친다 (1.067917ms)
✔ 글자 서식 적용 진입점이 셀 블록 분기를 먼저 호출한다 (0.971542ms)
✔ 빈 셀 블록 글자 서식은 history 없이 no-op 이다 (1.855709ms)
✔ [#4151] 토글 방향은 셀 블록 모드에서 블록 앵커 셀의 서식을 읽는다 (1.406208ms)
✔ [#4151] 셀 블록 적용 직후 cursor-format-changed 를 앵커 셀 기준으로 방출한다 (0.864292ms)
✔ [#4151] 앵커 셀 서식 기준은 블록 첫 셀의 첫 글자다 (2.111709ms)
✔ 모양 붙여넣기도 같은 셀 산출 함수를 쓴다 (0.791209ms)
✔ Ctrl+Up inside a table cell stops at current paragraph start when mid-paragraph (2.56725ms)
✔ boundary key flush는 admitted 셀 Enter에서만 계산 없는 취소로 대체된다 (2.238542ms)
✔ admission helper는 case Enter까지의 모든 조기 분기를 배제한다 (0.76775ms)
✔ 성공한 셀 split이 effects로 pagination 완료를 선언하고 실패는 full flush로 복귀한다 (1.03625ms)
✔ effects의 paginationCompleted가 pending 해소·runner 취소·geometry invalidation을 소유한다 (1.007375ms)
✔ 소유 취소는 pending을 유지한다 (fail-closed) (1.717083ms)
✔ IME 종료 후 예약 Enter 경로의 barrier flush는 유지된다 (1.903792ms)
✔ InsertTextCommand effect는 실행별로 한 번만 소비되고 undo에서 초기화된다 (2.274917ms)
✔ TextMutationEffectAccumulator는 묶음 effect를 OR 누적하고 한 번만 소비한다 (0.162708ms)
✔ #3137 repaint patch accumulator는 같은 페이지 dirty rect를 합치고 불일치면 버린다 (0.094875ms)
✔ flat 셀 삭제는 deferred effect를 반환하고 undo는 즉시 pagination을 사용한다 (0.424417ms)
✔ history merge는 이전 effect를 누수하지 않고 redo 때 실제 결과를 다시 계산한다 (0.243458ms)
✔ insert helper는 depth 1 셀만 deferred로 보내고 depth 2 셀은 path immediate로 보낸다 (0.140291ms)
✔ delete helper는 depth 1 셀만 deferred로 보내고 depth 2 셀은 path immediate로 보낸다 (0.115292ms)
✔ depth-1 IME replace는 atomic deferred mutation 한 번만 사용한다 (0.153042ms)
✔ flow boundary replace effect는 pre-caret flush 신호를 보존한다 (0.0715ms)
✔ 중첩 셀과 빈 replacement는 atomic cell replace 대상이 아니다 (0.117709ms)
✔ atomic API fallback 결과는 immediate-completed effect다 (0.074917ms)
✔ #3137 stable deferred 결과는 source/target cell path와 revision geometry를 전달한다 (0.149ms)
✔ 본문 insert와 delete command는 stable local replace effect를 반환한다 (0.153541ms)
✔ 본문 local result의 focusedPagePatch 를 text-edit 렌더에 넘긴다 (0.062375ms)
✔ 본문 flow boundary local result는 pagination 완료 effect로 전달된다 (0.058875ms)
✔ 본문 command undo는 local pending을 만들지 않고 기존 immediate API를 사용한다 (0.079916ms)
✔ F5 단일 셀 선택 이동은 평면·중첩 표의 문서 위치를 동기화한다 (0.853291ms)
✔ F5 단일 셀 선택 이동은 화면 캐럿을 숨긴다 (1.504417ms)
✔ F5 셀 선택에서 Escape는 마지막 셀의 편집 캐럿으로 복귀한다 (0.744542ms)
✔ F5 1·2단계는 포커스 셀 중앙에 서로 다른 단계 마커를 표시한다 (3.093625ms)
✔ F5 3단계는 마커 없이 표 전체 선택 상태를 전달한다 (0.221125ms)
✔ F5 단계 이름은 기존 상태 메시지와 분리된 live status로 표시한다 (1.029875ms)
✔ 셀 선택 렌더러의 모든 clear 경로는 하단 단계 상태도 함께 해제한다 (0.500875ms)
✔ getCharPropertiesAtCursor 는 cellPath 가 있으면 ...ByPath 로 최내곽 셀을 조회한다 (2.671833ms)
✔ getCharPropertiesAtCursor 의 flat 조회는 cellPath 부재 폴백으로만 남는다 (0.140125ms)
✔ char-shape-dialog saveLangFields가 단축키 커맨드와 동일한 장평/자간 범위로 clamp한다 (16.023459ms)
✔ populateFromProps 가 outline/shadow 토글 버튼을 문서 값으로 동기화한다 (1.425458ms)
✔ 무변경이면 어떤 wasm 쓰기도 없이 닫는다 — hasAnyEdit 가 첫 관문 (1.338625ms)
✔ dryRun 선검증이 실쓰기(executeOperation)보다 앞선다 (0.122125ms)
✔ 실쓰기는 snapshot/objectProps 로 라우팅된다 — undo 스택 연동 (0.211042ms)
✔ 쓰기 직전 operation 클로저 안에서 재열거·재대조한다 — index 드리프트 차단 (0.128125ms)
✔ services 미주입 폴백은 직접 적용 후 document-changed 를 알린다 (0.217ms)
✔ structure 는 페이로드에서 유도한다 — 항상 켜지 않는다 (0.275041ms)
✔ 그리드 상태는 모델이 쥔다 — 수집이 봉투(data.series)를 축으로 돌지 않는다 (0.283333ms)
✔ 셀 입력은 모델로 write-through 된다 — 재렌더가 무손실이어야 구조 연산이 성립한다 (0.212834ms)
✔ 그리드 셀은 좌표를 data-* 로 싣는다 — 우클릭이 어느 행·열인지 알아야 한다 (0.23525ms)
✔ 우클릭은 전역 컨텍스트 메뉴가 아니라 로컬 메뉴를 쓴다 (0.344375ms)
✔ 사전 비활성은 봉투에서 유도되는 것만 — 캔들 양끝·마지막 행·열·라벨 구조 (0.388ms)
✔ 계열명 대체 문구는 표시 전용이다 — 모델에 들어가면 가짜 이름이 저장된다 (0.946ms)
✔ 본문 직속 차트는 (sec, ppi, ci) 3좌표로 맞는다 (2.724584ms)
✔ 좌표 하나라도 다르면 본문 직속 매칭은 없다 (0.262458ms)
✔ 표 셀 안 차트는 cellPath 로 맞는다 — 두 키 철자 모두 (0.216ms)
✔ cellPath 의 셀 좌표가 다르면 매칭은 없다 (0.098041ms)
✔ cellPath 깊이가 container 깊이와 다르면 매칭은 없다 (0.11025ms)
✔ 중첩 표(2단 cellPath)는 container 두 단계와 전 원소 대조로 맞는다 (0.103667ms)
✔ 머리말 안 차트는 headerFooter + (내부 ppi, ci) 로 맞는다 (0.115208ms)
✔ kind 가 다른 headerFooter 는 맞지 않는다 (0.08625ms)
✔ 컨테이너 안 차트는 맨 좌표(3인자)로는 절대 맞지 않는다 — 오매칭 방지 (0.115291ms)
✔ 글상자 안 차트는 sentinel cellPath(cellIdx 0, #1171 계약)로 textbox 와 맞는다 (0.186917ms)
✔ sentinel 아닌 cellIdx 는 textbox 컨테이너와 맞지 않는다 (0.112417ms)
✔ 맨 좌표 대조는 컨테이너 차트의 루트 좌표와 겹치면 모호로 보고 거부한다 (0.092334ms)
✔ 본문 직속 ole 선택은 3좌표만 남긴다 (1.340959ms)
✔ 명시 cellPath 는 그대로 통과한다 (0.105459ms)
✔ 셀 문맥 3종이 다 있으면 한 단계 cellPath 를 조립한다 — picture-props 선례 (0.100667ms)
✔ 셀 문맥이 불완전하면 cellPath 를 조립하지 않는다 (0.233541ms)
✔ headerFooter 는 그대로 통과한다 (0.27275ms)
✔ 각주/미주 선택(noteRef)과 비-ole 타입은 대상이 아니다 — 안전 축소 (0.113541ms)
✔ 셀 입력 검증 — 빈 값과 비수치는 사유가 다르다 (코어 dryRun 이 최종 판정) (0.104ms)
✔ 라벨 열은 분산형 공유 X축일 때만 편집 가능하다 (0.095375ms)
✔ 페이로드는 미변경 셀 문자열을 원본 그대로 싣고 name 을 싣지 않는다 (0.185792ms)
✔ 라벨 페이로드는 분산형에서 실제로 바뀌었을 때만 실린다 (0.134333ms)
✔ hasAnyEdit — 값·라벨 어느 쪽 변경도 감지하고, 무변경이면 false (0.118833ms)
✔ 계열명·라벨 텍스트 검증 — 코어 is_safe_text 와 같은 문자 집합 (0.857167ms)
✔ 구조용 라벨 판정은 카테고리도 연다 — B1 판정(labelsEditable)은 그대로 둔다 (0.165875ms)
✔ needsStructure — 코어 네 거부가 설 때만 true, 값 편집은 B1 그대로 (1.130291ms)
✔ needsStructure ③ — 계열명은 c:tx 부재와 빈 이름을 같게 보고, null 자리는 안 본다 (0.112334ms)
✔ needsStructure ④ — 카테고리 라벨은 텍스트 차이도, 분산형은 개수만 구조다 (0.960459ms)
✔ opts 없는 buildChartEdits 는 B1 페이로드와 같다 — structure 키조차 없다 (0.059458ms)
✔ structure 페이로드는 라벨을 원본과 같아도 항상 싣는다 — 빠지면 labelsRequired 로 거부된다 (0.071959ms)
✔ structure 페이로드의 name — null 자리는 싣지 않는다(c:tx 부재에 이름을 주면 거부) (0.073959ms)
✔ hasAnyEdit 는 계열명 변경도 편집으로 센다 (0.0375ms)
✔ 봉투를 펴면 원본 문자열이 그대로 담기고 표기가 보존된다 (4.568125ms)
✔ 빈 값과 없는 칸이 갈린다 — B1 은 둘 다 null 이었다 (0.425625ms)
✔ ragged 원본도 직사각형으로 펴진다 — 목표 행렬은 직사각형이어야 한다 (0.15575ms)
✔ 입력은 모델로 write-through 되고 원본 모델은 안 바뀐다 (0.2415ms)
✔ 행 삽입은 모든 계열과 라벨에 같은 자리를 연다 — 새 칸 기본값은 0 (0.253625ms)
✔ 분산형 새 행의 X 는 수치다 — 빈 X 는 코어가 notANumber 로 거부한다 (0.779375ms)
✔ 행 삭제는 라벨도 같은 자리를 지우고, 마지막 행은 지우지 않는다 (0.246417ms)
✔ 계열 삽입은 현재 행 수만큼 새 칸을 만들고 이름을 채운다 (0.233375ms)
✔ 템플릿에 c:tx 가 없으면 신설 계열 이름을 주지 않는다 — 주면 거부된다 (0.221625ms)
✔ 계열 삭제는 마지막 하나를 남긴다 — lastSeriesDeleteRefused 예방 (0.265459ms)
✔ 구조 연산은 손대지 않은 칸의 문자열을 그대로 둔다 (0.147125ms)
✔ 라벨 열 사용 가능성 — 비공유·다층은 구조 편집에서 막힌다 (0.1235ms)
✔ chrome 프로파일 리졸버는 full을 기본값으로 두고 embed만 opt-in으로 받는다 (2.953583ms)
✔ 미지원 chrome 값은 full로 폴백하고 이유를 보고한다 (0.263458ms)
✔ chrome 프로파일 리졸버는 저장소로 지속하는 opt-in 경로를 두지 않는다 (0.991292ms)
✔ embed 프로파일이 걸러내는 커맨드는 전부 fileCommands에 실존한다 (1.217709ms)
✔ embed 프로파일도 편집 용지와 제품 정보 표면은 유지한다 (0.219209ms)
✔ embed 프로파일은 호스트를 우회하는 HTML과 Word 다운로드도 숨긴다 (0.139ms)
✔ main은 embed에서 수명주기 커맨드 등록만 거르고 메뉴는 런타임에 정리한다 (30.63725ms)
✔ shortcut-map은 embed 프로파일과 무관하게 파일 단축키 매핑을 유지한다 (0.545708ms)
✔ embed 프로파일이 걸러내는 편집 커맨드는 문서 비교뿐이고 editCommands에 실존한다 (0.381375ms)
✔ embed에서는 메뉴·도구막대·단축키·팔레트 어느 경로로도 문서 비교가 실행되지 않는다 (0.702041ms)
✔ main은 embed에서 문서 비교 표면을 등록·노출하지 않는다 (1.095375ms)
✔ embed 저장·인쇄 단축키 판정은 문서 로드 여부와 무관한 순수 함수다 (0.733292ms)
✔ embed의 unsaved guard는 로컬 저장 선택지를 막고 자동 discard는 하지 않는다 (4.362ms)
✔ 누름틀 안내문/메모 상한은 u16 캐스팅이 랩어라운드되는 65536보다 충분히 작다 (8.629625ms)
✔ InsertTextInHeaderFooterCommand: execute=insertTextInHeaderFooter / undo=deleteTextInHeaderFooter (역연산 쌍 정합) (1.469125ms)
✔ DeleteTextInHeaderFooterCommand: execute=deleteTextInHeaderFooter / undo=insertTextInHeaderFooter (역연산 쌍 정합) (0.103ms)
✔ SplitParagraphInHeaderFooterCommand: execute=splitParagraphInHeaderFooter / undo=mergeParagraphInHeaderFooter (역연산 쌍 정합) (0.09125ms)
✔ MergeParagraphInHeaderFooterCommand: execute=mergeParagraphInHeaderFooter / undo=splitParagraphInHeaderFooter (역연산 쌍 정합) (0.075ms)
✔ InsertTextInFootnoteCommand: execute=insertTextInFootnote / undo=deleteTextInFootnote (역연산 쌍 정합) (0.08725ms)
✔ DeleteTextInFootnoteCommand: execute=deleteTextInFootnote / undo=insertTextInFootnote (역연산 쌍 정합) (0.0665ms)
✔ SplitParagraphInFootnoteCommand: execute=splitParagraphInFootnote / undo=mergeParagraphInFootnote (역연산 쌍 정합) (0.19575ms)
✔ MergeParagraphInFootnoteCommand: execute=mergeParagraphInFootnote / undo=splitParagraphInFootnote (역연산 쌍 정합) (0.076ms)
✔ 모든 HF/FN 커맨드는 editContext() 로 커서 컨텍스트를 노출한다 (0.771792ms)
✔ onCompositionEnd 게이트가 HF/FN 을 기록에서 제외하지 않는다(데이터 손실 회귀 차단) (0.563167ms)
✔ HF/FN 삭제 사이트는 WASM 반환의 deletedText 를 역연산 재삽입용으로 확보한다 (0.202ms)
✔ HF/FN 편집 사이트가 kind:record 로 히스토리에 기록한다 (0.628916ms)
✔ handleUndo/handleRedo 는 restoreEditContextAfterHistory 로 위임한다(HF/FN 커서 복원) (0.432166ms)
✔ restoreEditContextAfterHistory 는 HF/FN 모드로 복원하고 본문 커맨드는 moveTo 한다 (0.222792ms)
✔ history 는 peekUndoTop/peekRedoTop 으로 방금 이동한 커맨드를 노출한다 (0.07675ms)
✔ HF/FN 삭제 count 는 char(코드포인트) 단위여야 한다 — astral 문자 over-delete 방지 (23.990334ms)
✔ form mode 에서 kind:record 는 항상 허용된다 — 이미 적용된 편집의 무언 손실 방지 (0.245875ms)
✔ [결함2] undo 는 op-우선 + 실패시-드롭 하이브리드다(pop-먼저 금지, 락업 금지) (23.687875ms)
✔ [결함2] redo 도 execute-우선 + 실패시-드롭 하이브리드다 (0.595917ms)
✔ [결함3] execute 는 operation throw 에 스냅샷을 누수하지 않는다 (0.27425ms)
✔ [#5769] after 는 undo 에서 잡고, 저장 실패가 되돌리기를 막지 않는다 (0.130375ms)
✔ [#5769] redo 는 after 로 복원한 뒤 그 스냅샷을 즉시 반환한다 (0.09375ms)
✔ [#3350] 최초 execute 실패는 before 스냅샷 복원 후 ID를 해제한다 (0.185083ms)
✔ [결함1] 스냅샷 예산은 WASM 상한에서 순간 여유를 뺀 값이다 (0.287792ms)
✔ [#6332] recordWithoutExecute 도 스냅샷 예산을 강제한다 (0.077209ms)
✔ [#5769] undo 도 스냅샷 id 를 늘리므로 undo 경로에서 예산을 강제한다 (0.126375ms)
✔ SnapshotCommand 는 점유 스냅샷 id 수를 보고한다(예산 계산용) (0.143417ms)
✔ document-agent 미commit rollback은 exact 최신 snapshot만 폐기하고 redo에 남기지 않는다 (17.493833ms)
✔ soft-wrap 경계 offset 은 글자가 놓인 줄의 시작으로 해석된다 (8.779583ms)
✔ 경계에서 조합 오버레이 폭이 음수에서 실제 글자 폭으로 바뀐다 (0.309875ms)
✔ 줄 중간 offset 은 exact 를 그대로 쓰고 줄 조회를 추가하지 않는다 (0.201375ms)
✔ 첫 줄 시작은 앞줄이 없어 추가 질의 없이 exact 를 쓴다 (0.256709ms)
✔ 줄 시작 rect 를 조회할 수 없으면 exact 동작을 유지한다 (0.124875ms)
✔ 셀 오버레이 클램프용 cellBounds 는 줄 재조회 뒤에도 보존된다 (0.123ms)
✔ updateCaret 의 조합 분기가 폭 계산 전에 줄 affinity 를 적용한다 (26.432167ms)
✔ 한 줄 안의 조합은 단일 사각형으로 그릴 수 있다고 판정한다 (0.185667ms)
✔ 줄을 넘어간 조합은 그릴 수 없다고 판정한다 (0.124375ms)
✔ 쪽을 넘어간 조합은 그릴 수 없다고 판정한다 (0.176875ms)
✔ 그릴 수 없는 조합은 오버레이 대신 일반 캐럿으로 물러난다 (45.994875ms)
✔ 줄 정보를 조회할 수 없으면 exact 동작을 유지한다 (0.127959ms)
✔ 줄이 다른 쪽에 있으면 셀 bbox 를 이어 쓰지 않는다 (0.1005ms)
✔ 소스 가드는 서식이 아니라 의미를 잠근다 (0.259583ms)
✔ 조합 업데이트의 raw replace 는 try/catch 로 보호된다 (10.613417ms)
✔ 거부 시 조합을 현재 캐럿에 재정박하고 길이를 리셋한다 (0.561584ms)
✔ 조합 replace 거부 재정박은 머리말/꼬리말·각주 모드에서 stale 본문 offset 대신 hf/fnCharOffset 을 쓴다 (660.741959ms)
✔ 일반 편집 이동과 pointer hit 이동의 좌표 정책은 분리한다 (1.507ms)
✔ #2400 pointer hit 좌표가 있으면 선행 경로 재조회를 수행하지 않는다 (0.303708ms)
✔ 일반 클릭·셀 재진입·드래그 pointer 경로가 moveToHit을 사용한다 (97.931458ms)
✔ cursor-para-changed 는 대화상자와 같은 리더를 쓴다 (3.210083ms)
✔ cursor-para-changed 는 문맥 갈래를 자체 구현하지 않는다 (1.229167ms)
✔ 문단 속성 리더는 네 문맥을 모두 덮는다 (1.019375ms)
✔ 최초 begin은 input stack 밖에서 실행하고 이후 한 macrotask당 한 budget만 처리한다 (3.229583ms)
✔ 공개 페이지 수는 async begin과 pending step 동안 유지되고 complete에서 한 번 교체된다 (0.295042ms)
✔ begin 전 반복 요청은 최초 timer target을 유지하고 최신 revision begin 하나만 남긴다 (0.298417ms)
✔ active restart와 그 후 요청은 old step을 버리고 coalescing window를 다시 시작한다 (0.383916ms)
✔ post-first settle task는 restart 뒤 core step을 실행할 수 없다 (0.194625ms)
✔ cancel은 queued begin과 이미 dequeue된 stale callback을 모두 무효화한다 (0.135125ms)
✔ unsupported async begin은 step 없이 fallback callback으로 전달한다 (0.12175ms)
✔ begin과 step 예외는 각각 fallback을 정확히 한 번 게시한다 (0.180125ms)
✔ DeleteSelectionCommand 셀 삭제가 최내곽 셀 대상 ...ByPath 로 라우팅한다 (1.348333ms)
✔ DeleteSelectionCommand 가 flat 셀 축 API/좌표를 쓰지 않는다 (0.258417ms)
✔ 공용 헬퍼는 실패를 삼키지 않고 false 로 알려 다이얼로그를 열어 둔다 (2.224291ms)
✔ 라우터와 fallback 예외를 실제로 false로 바꾼다 (19.16125ms)
✔ 라우팅된 다이얼로그 여섯은 모두 공용 헬퍼를 통과한다 (3.788334ms)
✔ 제외한 라우팅 다이얼로그는 더 강한 실패 처리를 갖고 있어서 제외된 것이다 (0.435709ms)
✔ page-setup-dialog.ts numberInput()은 change 시 min/max로 값을 clamp한다 (1.43275ms)
✔ table-cell-props-dialog.ts numberInput()은 change 시 min/max로 값을 clamp한다 (0.411083ms)
✔ 다이얼로그를 여는 커맨드는 opensDialog 를 표기한다 (10.21225ms)
✔ opensDialog 표기는 실제 다이얼로그 사용과 짝이 맞는다 (7.161666ms)
✔ 원장이 비어 있지 않다 — 파서가 깨지면 전수 검사가 조용히 통과한다 (3.733083ms)
✔ 탭이 있는 대화상자는 탭 단추와 패널에 같은 탭 ID(data-tab)를 붙인다 (5.306875ms)
✔ 탭 로직은 한국어 탭 이름을 비교하거나 키로 쓰지 않는다 (6.038ms)
✔ 탭 화면 글자는 그대로다(한국어 동작 유지) (15.111167ms)
✔ E2E 는 탭을 화면 글자가 아니라 탭 ID 로 찾는다 (1.60175ms)
✔ apply/revert는 각각 한 트랜잭션·changeSeq 1회·strict receipt로 종결된다 (36.450542ms)
✔ target evidence는 세션 stable id 없이 고정된 UTF-8 SHA-256 벡터를 사용한다 (0.73125ms)
✔ replacement 길이는 UTF-16 code unit가 아닌 Unicode code point로 계산한다 (0.867291ms)
✔ stale preimage는 mutation 0회로 거부된다 (2.260375ms)
✔ mixed format·control·field target은 mutation 전에 거부된다 (0.44175ms)
✔ page count postcondition 실패는 같은 트랜잭션에서 rollback된다 (0.933917ms)
✔ apply 뒤 일반 편집이 있으면 agent revert를 거부한다 (1.972167ms)
✔ 같은 apply replay는 exact terminal 상태에서만 receipt를 재사용한다 (2.231083ms)
✔ 같은 revert replay도 exact terminal 상태가 바뀌면 거부한다 (0.60925ms)
✔ strict render 실패는 snapshot을 복구하고 recovered=true를 전달한다 (0.436541ms)
✔ selection context와 focus는 body paragraph만 exact하게 노출한다 (0.606208ms)
✔ DocumentDirtyState는 dirty/clean 전환 시 변경 이벤트를 한 번씩 발행한다 (7.183334ms)
✔ DocumentDirtyState beforeunload는 dirty 상태에서만 페이지 이탈을 막는다 (0.319959ms)
✔ DocumentDirtyState beforeunload 해제 함수는 설치한 핸들러만 제거한다 (0.191875ms)
✔ 저장된 로컬 snapshot이 없으면 미확인 글꼴에 로컬 확인 필요 상태를 부여한다 (68.855167ms)
✔ 저장된 로컬 snapshot에 있는 원본 글꼴은 사용 가능 상태가 된다 (1.631458ms)
✔ 문서 후보 probe snapshot은 아직 확인하지 않은 새 글꼴에 다시 prompt를 띄운다 (0.426125ms)
✔ 로컬 감지 미지원 환경에서는 prompt 없이 웹 대체와 누락을 구분한다 (0.189791ms)
✔ 정부상징 legacy face는 확인된 ROKG successor를 로컬 사용 가능으로 보고한다 (0.206125ms)
✔ 문서 초기화는 로컬 글꼴 확인 후에만 입력 핸들러를 활성화한다 (3.868792ms)
✔ CanvasKit local face 등록은 문서 초기화 대신 현재 뷰 재그리기를 요청한다 (0.38425ms)
✔ CanvasKit 첫 replay는 저장된 local face를 bundled fallback보다 먼저 준비한다 (0.344583ms)
✔ 로컬 글꼴 감지는 Canvas2D 문서를 전체 재로딩하지 않는다 (0.341875ms)
✔ 저장된 local-font snapshot은 Canvas2D 첫 문서 paint보다 먼저 준비한다 (7.299917ms)
✔ 로컬 글꼴 갱신은 backend별 준비 뒤 현재 문서 view를 한 번 갱신한다 (0.540625ms)
✔ HWP3 매직을 hwp 로 인식한다 (#1657) (1.674792ms)
✔ 서버가 text/html 404 를 보내도 HWP3 본문 매직이 우선한다 (pps.go.kr 케이스) (0.273667ms)
✔ HWP5는 확정하고 HWPX ZIP은 core 판정 전 zip 후보로만 둔다 (#6534) (0.158792ms)
✔ OOXML ZIP도 HWPX로 확정하지 않고 core로 넘길 zip 후보로 둔다 (#6534) (0.115542ms)
✔ HWPML signature는 잘못된 text/html Content-Type보다 우선한다 (0.996625ms)
✔ UTF-8 BOM과 UTF-16LE/BE BOM HWPML signature를 인식한다 (1.335833ms)
✔ namespace 없는 HWPML 이름만으로는 HML로 오인하지 않는다 (0.125833ms)
✔ 실물 legacy HWPML fixture는 namespace 없이도 HML로 인식한다 (1.692ms)
✔ legacy HWPML은 HEAD/BODY가 64KiB 뒤에 있어도 root 속성으로 인식한다 (0.932917ms)
✔ legacy HWPML root 속성 계약이 불완전하면 일반 XML로 남긴다 (48.031958ms)
✔ 속성이나 namespace만 둔 self-closing HWPML root는 signature로 인정하지 않는다 (0.345416ms)
✔ HWPML 태그가 중첩된 일반 XML은 HML로 오인하지 않는다 (5.1415ms)
✔ XML 선언으로 시작하는 HTML 오류 페이지는 html로 분류한다 (0.84325ms)
✔ 실제 HTML 오류/미리보기 페이지는 계속 거부한다 (0.118292ms)
✔ 매직 없는 알 수 없는 바이트는 거부한다 (0.286667ms)
✔ HWP3 매직보다 짧은 바이트는 오인식하지 않는다 (0.227833ms)
✔ 악성 XML 주석 prefix를 제한 시간 안에 거부한다 (0.187667ms)
✔ 파일명과 설치형 표시 모드 전환에 맞춰 제목을 갱신한다 (1.612125ms)
✔ renderer diagnostics v1 keeps auto intent in the additive selection field (46.415417ms)
✔ main.ts는 호스트 저장 완료 API completeHostSave를 window.rhwpStudio로 노출한다 (#2660) (1.127542ms)
✔ embed protocol은 capability를 포함한 v1 connect와 session-bound request만 허용한다 (1.636542ms)
✔ embed router는 binary load와 unknown method를 공개 동작으로 처리한다 (1.236125ms)
✔ embed router는 document-agent v1 command와 target을 strict DTO로만 전달한다 (0.719083ms)
✔ embed runtime은 parent의 exact origin에서 v1 port session을 설치한다 (136.9485ms)
✔ embed runtime은 custom scheme 최상위 same-window legacy 요청을 처리한다 (0.931458ms)
✔ embed runtime은 custom scheme 최상위 v1 connect를 거부한 뒤 legacy 요청을 처리한다 (0.267958ms)
✔ embed runtime은 custom scheme iframe parent와 forged sibling 요청을 거부한다 (0.148875ms)
✔ exportHml transferable 응답은 WASM 소유 bytes를 detach하지 않는다 (0.919875ms)
✔ exportHml 실패는 bytes 없이 error-only envelope를 반환한다 (0.464125ms)
✔ embed runtime은 document-agent allowlist 오류와 recovered 상태를 그대로 전달한다 (0.374166ms)
✔ embed runtime은 client가 협상하지 않은 document-agent method를 dispatch하지 않는다 (0.331708ms)
✔ embed legacy transport는 document mutation method를 dispatch하지 않는다 (0.159709ms)
✔ embed runtime은 bound port에 documentChanged v1 event를 전달하고 cleanup한다 (0.422416ms)
✔ embed runtime은 bound session의 malformed request에만 구조화된 오류를 반환한다 (33.464375ms)
✔ embed runtime은 bound session의 unsupported request version을 명시적으로 거부한다 (1.203208ms)
✔ embed runtime은 bound session의 missing/non-numeric version을 malformed로 거부한다 (1.104583ms)
✔ embed runtime은 첫 v1 origin/session/port만 사용하고 이후 legacy dispatch를 막는다 (13.698958ms)
✔ embed runtime은 지원하지 않는 version에 구조화된 협상 오류를 반환한다 (1.510375ms)
✔ embed runtime은 거부되거나 정리된 모든 transferred port의 소유권을 해제한다 (0.433959ms)
✔ embed router는 suppressDialogs 파라미터를 핸들러로 전달한다 (기본 false) (0.359166ms)
✔ embed router는 notifySaved fileName을 정규화해 핸들러로 전달한다 (#2660) (0.301584ms)
✔ endnote-shape-dialog.ts: separatorLengthInput 파싱은 NaN 폴백을 갖춘다 (28.257875ms)
✔ endnote-shape-dialog.ts: marginTopInput 파싱은 NaN 폴백을 갖춘다 (0.450083ms)
✔ endnote-shape-dialog.ts: noteSpacingInput 파싱은 NaN 폴백을 갖춘다 (0.12025ms)
✔ endnote-shape-dialog.ts: marginBottomInput 파싱은 NaN 폴백을 갖춘다 (0.097667ms)
✔ 수식 편집기 대화상자는 열릴 때마다 기호 검색 입력과 결과 드롭다운을 초기화한다 (2.042208ms)
✔ existing equation editor applies changes through snapshot history (1.210708ms)
✔ 수식 속성 다이얼로그 handleOk는 글자 크기를 1~127 범위로 clamp 한다 (1.8145ms)
✔ 수식 속성 다이얼로그 apply는 스냅샷으로 undo 기록된다 (1.209708ms)
✔ 수식 속성 다이얼로그 생성자는 CommandServices를 전달받는다 (0.31725ms)
✔ a throwing subscriber does not stop delivery to the rest (2.344541ms)
✔ the delivery failure names the event, which the rethrown error cannot (0.1345ms)
✔ every failure is reported and the first one is the one that propagates (0.099875ms)
✔ emit with no failing subscriber neither reports nor throws (0.094125ms)
✔ WASM artifact는 바이트를 옮긴 뒤에도 같은 보고서를 읽고 반드시 해제한다 (2.005167ms)
✔ 보고서 파싱 실패는 바이트만 반환하지 않고 WASM artifact도 해제한다 (0.302416ms)
✔ 직렬화 실패는 이전 artifact를 재사용하거나 새 보고서를 만들지 않는다 (0.311708ms)
✔ 영속화 성공 뒤에만 내용 손실 경고를 보인다 (0.32425ms)
✔ 영속화 실패나 fallback 선택에는 stale/new 경고가 없다 (0.618042ms)
✔ download 상호작용이 시작된 뒤 영속 경고를 보이며 실패하면 보이지 않는다 (0.228334ms)
✔ Studio fallback 뒤 download 성공은 같은 보고서를 정확히 한 번만 알린다 (0.25825ms)
✔ 내용 손실 알림 실패는 성공한 저장과 상태 commit을 되돌리지 않는다 (0.322041ms)
✔ Studio 명시 저장은 reported artifact를 primary 저장 뒤 fallback download까지 전달한다 (1.18575ms)
✔ 알림은 출력 형식과 정확한 손실 위치를 사용자 상호작용에 남긴다 (0.342875ms)
✔ unwrapEngineHtmlFragment는 클립보드 래퍼와 fragment 마커를 제거한다 (1.305792ms)
✔ unwrapEngineHtmlFragment는 래퍼가 없으면 원문을 유지한다 (0.174125ms)
✔ collectDocumentHtml은 섹션별 selection HTML을 문서 전체 범위로 이어붙인다 (1.342375ms)
✔ collectDocumentHtml은 한 구역 변환 실패를 전체 내보내기 실패로 전달한다 (0.315166ms)
✔ collectDocumentHtml은 엔진의 char 단위 문단 길이를 끝 오프셋으로 쓴다 (0.133125ms)
✔ htmlExportBaseName은 문서 확장자를 제거하고 빈 이름에 기본값을 쓴다 (0.160084ms)
✔ buildHtmlExportFile(html)은 완전한 HTML 문서와 이스케이프된 제목을 만든다 (0.2885ms)
✔ buildHtmlExportFile(doc)은 Word 호환 mso 네임스페이스 래퍼를 쓴다 (0.0885ms)
✔ 파일 메뉴는 HTML/Word 내보내기 항목을 노출한다 (0.502834ms)
✔ 빌드 스위치가 없으면 비확장 환경 기본값은 외부 웹폰트 허용(false)이다 (1.006542ms)
✔ 빌드 스위치가 켜지면 비확장 환경 기본값이 외부 웹폰트 사용 안 함(true)이 된다 (0.108625ms)
✔ 확장 storage에 저장된 명시값은 빌드 스위치보다 우선한다 (0.193833ms)
✔ 필드 입력 대화상자는 열릴 때마다 메모/이름/편집가능 값을 초기 상태로 리셋한다 (1.739208ms)
✔ 필드 이름 상한은 u16 캐스팅이 랩어라운드되는 65536보다 충분히 작다 (55.518167ms)
✔ FieldEditDialog는 이름 길이 초과 시 onConfirm이 false를 반환해 다이얼로그를 닫지 않는다 (0.386208ms)
✔ FieldInsertDialog도 동일한 이름 길이 가드를 갖는다 (0.144542ms)
✔ 교차 출처 SecurityError가 나면 열기 피커는 숨김 파일 입력으로 폴백한다 (1.11025ms)
✔ 사용자가 native 열기 피커를 취소하면 폴백을 다시 열지 않는다 (0.143125ms)
✔ isSupportedDocumentFileName은 HWP/HWPX/HML 확장자를 허용한다 (18.78825ms)
✔ HWP_DOCUMENT_ACCEPT는 넓은 binary MIME을 등록하지 않는다 (1.32325ms)
✔ canUseOpenFilePicker는 native open picker 지원 여부를 구분한다 (0.107709ms)
✔ pickOpenFileHandle는 showOpenFilePicker가 있으면 첫 handle을 반환한다 (0.397292ms)
✔ pickOpenFileHandle는 native picker 취소 시 null을 반환한다 (1.062958ms)
✔ readFileFromHandle은 handle 파일 내용을 Uint8Array로 읽는다 (0.997375ms)
✔ saveDocumentToFileSystem은 current handle이 있으면 picker 없이 같은 파일에 저장한다 (0.453833ms)
✔ current handle 확장자가 출력 포맷과 다르면 쓰기 전에 거부한다 (0.517ms)
✔ saveDocumentToFileSystem은 current handle이 없으면 save picker를 사용한다 (0.539167ms)
✔ forceSaveAs는 HML 원본 handle을 건드리지 않고 save picker를 사용한다 (0.3085ms)
✔ forceSaveAs picker에서 HML 원본을 다시 선택해도 원본에 쓰지 않는다 (0.167417ms)
✔ HML 원본 이름이 .hwp여도 같은 handle을 변환 저장 대상으로 쓸 수 없다 (0.138625ms)
✔ HML을 HWPX로 선택하면 새 .hwpx handle에만 저장한다 (0.19525ms)
✔ picker가 새 wrapper로 같은 HML 원본 entry를 반환해도 쓰지 않는다 (0.124084ms)
✔ save picker가 출력 포맷과 다른 확장자를 반환하면 쓰기 전에 거부한다 (0.12ms)
✔ HML로 저장을 선택하면 HML 저장 picker 형식(.hml)을 사용한다 (0.1105ms)
✔ 바꾸기(doReplace)는 스냅샷으로 undo 기록된다 (1.118917ms)
✔ 모두 바꾸기(doReplaceAll)는 스냅샷으로 undo 기록된다 (0.159791ms)
✔ flow image collector keeps the nested table-cell clip (4.663458ms)
✔ flow image collector leaves unclipped images unchanged (0.164833ms)
✔ composeImageFilter pins effect-only outputs (0.191708ms)
✔ composeImageFilter pins brightness/contrast scaling (0.262334ms)
✔ composeImageFilter ignores baked watermark and non-finite inputs (0.14825ms)
✔ #3137 same-line transition은 exact query 없이 연속 revision으로 적용한다 (1.266125ms)
✔ #3137 revision mismatch와 flush/vertical 경계는 exact query로 fallback한다 (0.300708ms)
✔ 엔진 체인의 혼합 인용(큰따옴표·작은따옴표·무인용)을 모두 가른다 (#6600) (3.643834ms)
✔ 설치 face 별칭이 generic 폴백보다 앞에 남는다 (#6600) (0.1315ms)
✔ 가른 뒤 되돌려도 이름 집합과 순서가 보존된다 (#6600) (1.010583ms)
✔ 이스케이프와 쉼표 포함 이름을 깨뜨리지 않는다 (#6600) (0.089417ms)
✔ Studio trace는 CSS 비관찰, 권한 거부와 CanvasKit resolved를 한 schema에서 분리한다 (106.215334ms)
✔ CanvasKit renderer snapshot join 실패와 API 미지원은 SFNT 부재와 구분된다 (38.488125ms)
✔ CanvasKit evidence callback은 face 문자열이 아닌 source record 전체를 받는다 (9.56375ms)
✔ trace 보강은 font fetch나 Local Font Access 권한 요청을 시작하지 않는다 (4.549542ms)
✔ Studio trace ruleId는 실제 Canvas2D와 CanvasKit generated projection에 존재한다 (14.569542ms)
✔ 한양중고딕 문서 요청명은 Canvas2D 대체 웹폰트 face로 등록한다 (2.481375ms)
[FontLoader][debug] CDN 후보: 함초롬돋움, 함초롬바탕
[FontLoader] 웹폰트 로드 시작: 2개 파일 (이미 요청함: 0개)
[FontLoader][debug] CDN 로드 시작: 함초롬돋움 <- https://cdn.jsdelivr.net/gh/projectnoonnu/noonfonts_four@1.0/HCRDotum.woff
[FontLoader][debug] CDN 로드 시작: 함초롬바탕 <- https://cdn.jsdelivr.net/gh/projectnoonnu/noonfonts_2104@1.0/HANBatang.woff
[FontLoader][debug] CDN 로드 성공: 함초롬돋움 <- https://cdn.jsdelivr.net/gh/projectnoonnu/noonfonts_four@1.0/HCRDotum.woff
[FontLoader][debug] CDN 로드 성공: 함초롬바탕 <- https://cdn.jsdelivr.net/gh/projectnoonnu/noonfonts_2104@1.0/HANBatang.woff
[FontLoader] 폰트 로드 완료: 2개 성공, 0개 실패 (총 2개 파일 요청)
[FontLoader] OS 폰트 감지: DejaVu Serif
[FontLoader] 웹폰트 로드 시작: 7개 파일 (이미 요청함: 2개)
✔ 외부 웹폰트 사용 안 함 옵션은 CDN @font-face와 FontFace.load를 건너뛴다 (73.681083ms)
[FontLoader] 폰트 로드 완료: 7개 성공, 0개 실패 (총 9개 파일 요청)
✔ 문서 글꼴은 시스템에 없을 때만 조건부 웹폰트로 등록한다 (4.909ms)
✔ Studio runtime은 W7 generated projection의 승인 분모를 전부 소비한다 (1.035542ms)
✔ legacy SUBST_TABLES와 FONT_LIST literal은 production owner에서 제거됐다 (18.925042ms)
✔ projectedSubstituteTargets는 등록 웹폰트 이름도 치환 대상 체인을 돌려준다 (1.247459ms)
✔ resolveFont는 기존 웹 대체 글꼴 해소를 유지한다 (1.517833ms)
✔ fontFamilyChainForDisplay는 미승인 로컬 글꼴명을 웹 대체 글꼴보다 앞에 두지 않는다 (29.082875ms)
✔ fontFamilyChainForDisplay는 확인된 로컬 글꼴을 웹 대체 글꼴보다 앞에 둔다 (1.635917ms)
✔ fontFamilyChainForDisplay는 등록 웹폰트도 시스템 fallback을 붙인다 (0.387459ms)
✔ fontFamilyChainForDisplay는 중복 없이 generic font를 그대로 처리한다 (0.263458ms)
✔ fontFamilyWithFallback 기존 helper는 동일한 fallback 계열을 사용한다 (0.105417ms)
✔ KoPub바탕체 weight face는 고정폭이 아니라 비례폭 serif로 분류한다 (1.190917ms)
✔ 정부상징 legacy face는 exact, ROKG successor, 문서 대체 face 순서를 따른다 (1.026833ms)
✔ ROKG successor는 정부상징 legacy 이름에만 적용한다 (0.606708ms)
✔ stand-in 웹폰트만 있는 legacy 이름은 설치된 치환 대상 face를 앞에 둔다 (0.395875ms)
✔ 치환 대상이 설치돼 있지 않으면 legacy 이름의 기존 체인을 유지한다 (0.190459ms)
✔ 명시적으로 빈 local face 목록은 이전 OS 감지 결과를 사용하지 않는다 (0.19525ms)
✔ 요청 이름 자체가 설치돼 있으면 치환 대상을 앞에 두지 않는다 (0.215542ms)
✔ 셀 내부 locator 계산이 단일 헬퍼로 공유된다 (2.082584ms)
✔ Edit 오버레이 커밋이 셀 내부 경로로 분기한다 (0.57375ms)
✔ CheckBox 분기의 셀 내부 처리가 유지된다 (0.253417ms)
✔ 모양 붙여넣기는 복사 상태와 적용 대상이 있을 때만 활성화된다 (2.765584ms)
✔ edit:format-paste 커맨드는 붙여넣기 전용 경로에 연결되어야 한다 (1.396291ms)
✔ 모양 붙여넣기 UI와 컨텍스트 상태 경로가 유지되어야 한다 (2.845917ms)
✔ 쉼표 포맷은 기존 셀 텍스트를 지운 뒤 삽입한다 (1.210917ms)
✔ 쉼표 기록은 commit() snapshot 안에서 원자화된다 (0.209792ms)
✔ 격자 기준 전환은 한컴처럼 종이 절대 원점을 보존한다 (4.747125ms)
✔ 일반 문서의 쪽 0,0 기준은 종이 기준 본문 시작 위치로 환산된다 (0.218667ms)
✔ Shift+Tab 내어쓰기는 첫 줄 시작점을 기준으로 계산한다 (1.255833ms)
✔ Shift+Tab 내어쓰기는 첫 줄보다 왼쪽인 커서를 0으로 보정한다 (14.323208ms)
✔ Shift+Tab 내어쓰기는 비정상 좌표를 0으로 처리한다 (0.162ms)
✔ HF 대표 편집 영역은 WASM이 내보낸 PageAreas 결과를 우선한다 (1.7065ms)
✔ 구 WASM은 PageDef 여백으로 같은 HF 영역을 재구성한다 (0.419042ms)
✔ HF 안내 라벨은 고배율에서 완만하게 커지고 최대 두 배로 제한된다 (0.386708ms)
✔ HF 편집 상태는 종류·타겟·대표 페이지를 함께 전달한다 (0.2555ms)
✔ CanvasView는 대표 preview와 실제 적용 쪽 overlay를 비인쇄 계층으로 관리한다 (1.214417ms)
✔ HF 편집 안내는 내용을 덮지 않고 모서리와 텍스트만 표시한다 (0.760667ms)
✔ 머리말 진입은 구역 범위 존재 확인으로 판단하고, 쪽 이동 함수를 쓰지 않는다 (26.267209ms)
✔ 진입 대상(구역·applyTo)은 실제 렌더되는 컨트롤에서 얻는다 (0.176125ms)
✔ 마당 적용 후 재진입은 존재 확인 없이 적용 좌표로 들어간다 (0.090125ms)
✔ 쪽 이동 함수는 이동 명령에만 남는다 (0.103959ms)
✔ HML 저장 가능 문서는 재저장 가능 안내와 warning path를 함께 표시한다 (1.701125ms)
✔ HML 저장 불가 문서는 저장 차단 안내와 HWP/HWPX 대안을 표시한다 (0.162417ms)
✔ HML 저장은 명시적 savable 메타데이터와 exporter가 모두 있을 때만 활성화된다 (7.683792ms)
✔ 누락되거나 잘못된 HML savability 필드는 저장 불가로 정규화된다 (0.217875ms)
✔ canonical HML save state는 source와 blocker 종류에 관계없이 exact wire DTO를 유지한다 (0.184416ms)
✔ HML 저장 비활성 사유는 capability와 metadata 문제를 구분한다 (0.308125ms)
✔ metadata 또는 exporter 조회가 던져도 HML 저장은 진단 정보와 함께 fail-closed된다 (1.637834ms)
✔ HML 저장 차단 안내는 blocker path와 HWP/HWPX 대안을 표시한다 (1.634333ms)
✔ exporter가 없으면 HML 저장을 권하지 않고 capability 진단을 표시한다 (0.199042ms)
✔ 암호 문서는 명시적인 암호 필요 오류에서만 입력 UI로 전환한다 (1.18625ms)
✔ 드롭 문서도 파일 메뉴와 같은 암호 열기 경로를 쓰며 File System Access handle을 capture하지 않는다 (0.319709ms)
✔ 암호 입력은 단일 시도에만 쓰고, 취소와 오입력은 영속 경로에 도달하지 않는다 (0.199875ms)
✔ #6731 암호 open command와 DocumentInfo query는 반환값 경계로 분리된다 (0.271167ms)
✔ #6731 DocumentInfo와 폰트 snapshot digest에는 password 운반 필드가 없다 (1.438708ms)
✔ WasmBridge는 다음 문서를 모두 준비한 뒤에만 기존 문서를 교체한다 (0.302167ms)
✔ 암호 대화상자는 마스킹·접근성·취소 시 DOM 값 제거를 제공한다 (1.837583ms)
✔ 암호 저장 dialog는 확인 입력, 최소 길이, 닫기 시 DOM 초기화를 제공한다 (1.081041ms)
✔ 다른 이름·HWP·HWPX 저장은 공통 대화상자에서 암호 설정을 선택한다 (12.970458ms)
✔ 저장 대화상자는 HWP/HWPX에서만 암호 설정 action을 반환한다 (0.919167ms)
✔ Studio는 암호 문자열을 보관하지 않고 보호 저장 여부만 기억한다 (1.935375ms)
✔ 보호 상태 변경은 fallback download가 성공한 뒤에만 commit한다 (0.638875ms)
✔ 다른 이름 저장은 새 문서명 상태와 최근 문서를 함께 갱신한다 (4.91375ms)
✔ 보호된 문서의 Save As 기본 확인은 평문 exporter를 고르지 않는다 (2.867042ms)
✔ 평문 사본은 명시적 보호 해제 동작에서만 만든다 (1.031542ms)
✔ Save As 암호 입력 취소는 persist 전에 보호 상태를 바꾸지 않는다 (0.953458ms)
✔ Studio public WASM 배포물도 암호 저장 binding을 제공한다 (0.246667ms)
✔ SetCellText 는 기존 셀 텍스트를 지운 뒤 삽입한다 (1.711458ms)
✔ GetCellText 는 인자 수가 맞는 WASM 셀 텍스트 API 를 호출한다 (0.328292ms)
✔ 하이퍼링크 주소는 중첩 셀 전체 경로를 보존한다 (35.221042ms)
✔ 캡션·불완전 셀 경로·다른 문단 선택을 본문에 적용하지 않는다 (0.350292ms)
✔ 본문/글상자 주소와 역방향 문자 범위가 안정적이다 (0.26025ms)
✔ 인접 링크 경계·여러 링크 선택·링크 밖 범위를 구분한다 (0.137167ms)
✔ 웹 주소 미리 열기는 HTTP/HTTPS만 허용하고 한글 query와 fragment를 보존한다 (0.27475ms)
✔ 기본 로케일은 ko 이고 초기 상태에서도 그대로다 (1.134125ms)
✔ 카탈로그가 비어 있어도 t 는 예외 없이 키를 돌려준다 (0.241292ms)
✔ en 에 번역이 없으면 ko 원문으로 물러난다 — 번역률 0% 무회귀의 근거 (0.205542ms)
✔ en 에 번역이 있으면 en 을 쓴다 (0.560042ms)
✔ ko 로케일은 언제나 원문을 그대로 낸다 (0.192375ms)
✔ 이름 자리표시자를 치환하고, 값이 없으면 자리표시자를 남긴다 (0.68475ms)
✔ 폴백 경로에서도 자리표시자는 치환된다 (0.121167ms)
✔ 언어 태그를 지원 로케일로 좁힌다 (0.196375ms)
✔ 지원 로케일 판정 (0.138084ms)
✔ hasTranslation 은 폴백을 세지 않는다 (0.151541ms)
✔ 카탈로그가 비어 있으면 실효 로케일은 ko 다 — lang 속성이 거짓말하지 않게 (0.102375ms)
✔ 번역이 하나라도 있으면 실효 로케일은 선택한 로케일이다 (0.06775ms)
✔ 자식 요소가 없으면 텍스트 전체를 바꾼다 (2.358041ms)
✔ 아이콘 자식이 있어도 직계 텍스트만 바꾼다 — 아이콘이 사라지면 안 된다 (0.227209ms)
✔ 텍스트가 요소 뒤에 오는 경우에도 그 텍스트만 바뀐다 (0.135125ms)
✔ 여러 줄 라벨은 <br> 로 재구성한다 — innerHTML 을 쓰지 않는다 (19.127208ms)
✔ 여러 줄 값은 줄 수만큼 <br> 을 만든다 (0.409917ms)
✔ title·aria-label·placeholder·value 속성을 바꾼다 (0.284833ms)
✔ 번역이 없으면 원문이 그대로 들어간다 (0.187875ms)
✔ 앱이 바꿔 둔 상태 표시는 그대로 둔다 — 구역: 2 / 3 이 Section: 1 / 1 로 돌아가면 안 된다 (0.275ms)
✔ 수정 모드 표시가 초기 문구(삽입)의 번역으로 덮이지 않는다 (0.159542ms)
✔ 마크업 들여쓰기 공백이 있어도 원문이면 바꾼다 (0.169625ms)
✔ 두 번 적용해도 같다(멱등) — 이미 번역된 글자는 그대로 둔다 (0.099291ms)
✔ 앱이 바꿔 둔 속성(title)은 그대로 둔다 (0.080041ms)
✔ 앱이 바꿔 둔 여러 줄 라벨도 그대로 둔다 (0.142375ms)
✔ 직계 텍스트 없이 아이콘만 있는 요소도 자식을 보존한다 (0.097208ms)
✔ locale-init.js 는 resolve.ts 와 같은 저장소 키를 읽는다 (1.685792ms)
✔ locale-init.js 는 resolve.ts 와 같은 질의 이름을 읽는다 (0.163958ms)
✔ locale-init.js 는 브라우저 언어를 보지 않는다 — resolve.ts 의 기본과 같아야 한다 (0.091125ms)
✔ index.html 은 theme-init 바로 뒤에서 locale-init 을 동기 로드한다 (0.502334ms)
✔ 언어를 골라도 현재 로케일은 그대로다 — 다음 실행부터 적용 (2.787167ms)
✔ 지금과 같은 언어를 고르면 다시 시작할 필요가 없다 (0.142917ms)
✔ 언어를 골라도 화면(DOM)을 다시 쓰지 않는다 — document 가 없는 환경에서도 예외가 없다 (0.19175ms)
✔ 질의 문자열이 저장값과 브라우저 설정보다 앞선다 (1.949875ms)
✔ 질의 문자열이 없으면 저장된 사용자 선택을 쓴다 (0.261209ms)
✔ 브라우저 설정은 기본으로 따르지 않는다 — 고른 적 없는데 화면이 바뀌면 안 된다 (0.115584ms)
✔ preferBrowserLanguage 를 켜면 그때 브라우저 설정을 쓴다 (0.098625ms)
✔ 아무 단서가 없으면 ko 로 떨어진다 (0.755917ms)
✔ 지원하지 않는 값은 무시하고 다음 단계로 넘어간다 (0.145709ms)
✔ 망가진 질의 문자열이 예외를 만들지 않는다 (0.095ms)
✔ overflow uses measured content with a one-pixel rounding tolerance (1.379416ms)
✔ navigation resolves the next and previous visible divider boundaries (0.255625ms)
✔ mode refresh preserves and clamps the current toolbar position (1.318208ms)
✔ navigation state resolves both overflow edges without disabling a focused button (1.73725ms)
✔ optional chrome initialization is a no-op when the root is absent (0.173375ms)
✔ IME 조합 길이는 charCount(scalar)로 계산한다 (2.477792ms)
✔ iOS 조합 폴백 길이도 charCount(scalar)로 계산한다 (0.184542ms)
✔ 삭제 count 로 전달되는 길이 변수에 UTF-16 length 가 남아있지 않다 (1.632875ms)
✔ IME 조합 분기는 매칭된 Ctrl 단축키를 조기 반환 전에 dispatch한다 (1.949416ms)
✔ 문서 최초 캐럿은 저장된 물리 쪽을 편집 focus 이벤트로 발행한다 (4.26225ms)
✔ 0번 쪽도 viewport fallback과 구별되는 명시적 편집 focus로 발행한다 (5.124875ms)
✔ 캐럿 좌표가 없으면 표시하거나 focus를 발행하지 않는다 (11.452042ms)
✔ isPageLocalTextEditCommand는 같은 셀 내부 insert/delete만 허용한다 (1.198292ms)
✔ 텍스트 command는 page-local 판정용 payload hint를 노출한다 (1.009667ms)
✔ raw IME/iOS 입력은 flow effect를 cursor lookup 전에 소비하고 refresh에 전달한다 (2.046583ms)
✔ IME 조합 caret은 매 갱신마다 anchor의 현재 위치를 다시 조회한다 (1.524375ms)
✔ raw 셀 입력은 command와 같은 typed mutation helper를 사용한다 (25.848417ms)
✔ depth-1 셀 IME replacement는 body fallback보다 먼저 atomic helper를 사용한다 (10.919291ms)
✔ deferred pending이 실제로 있을 때만 page-local idle flush를 예약한다 (31.589291ms)
✔ document pagination은 작은 문서의 120ms idle과 명시 boundary에서 flush된다 (37.90925ms)
✔ 문서 전환은 deferred·IME·iOS 입력 세션 상태를 격리한다 (0.962084ms)
✔ 저장·다른 이름 저장·인쇄는 resumable job을 출력 전에 동기 barrier로 마감한다 (0.347458ms)
✔ isPageLocalTextEditCommand는 같은 본문 문단의 짧은 텍스트 편집을 허용한다 (0.118292ms)
✔ isPageLocalTextEditCommand는 본문 경계와 구조 변경을 full refresh로 남긴다 (0.07175ms)
✔ isPageLocalTextEditCommand는 셀 경로가 바뀌면 full refresh를 요구한다 (0.079791ms)
✔ isPageLocalTextEditCommand는 긴 단일 paste와 줄바꿈/탭 삽입을 full refresh로 남긴다 (0.095667ms)
✔ isPageLocalTextEditCommand는 큰 삭제와 페이지 이동을 full refresh로 남긴다 (0.056708ms)
✔ 빈 viewer 클릭은 hitTest 전에 문서 로드 여부를 확인한다 (1.392625ms)
✔ 모듈 로드 (962.584584ms)
✔ [#3230] undo 는 적용 전 값으로, redo 는 적용 값으로 되돌린다 (1.966666ms)
✔ [#3230] 스냅샷 예산을 쓰지 않는다 (0.178167ms)
✔ [#3230] 달라질 것이 없으면 무변경으로 답한다 (0.180041ms)
✔ [#3230] 양식 모드에서 setObjectProps 는 허용 목록에 없다 (1.53425ms)
✔ [#3230] 회전 15° 를 네 번 눌러도 병합하지 않는다 (2.648334ms)
✔ [#3230] 적용과 되돌리기는 같은 개체를 만진다 — 셀 안 (0.491292ms)
✔ [#3230] 적용과 되돌리기는 같은 개체를 만진다 — 머리말/꼬리말 (0.386167ms)
✔ [#3230] 조회와 적용이 같은 분기를 쓴다 (0.679625ms)
✔ [#3315] 문서가 갈리면 옛 문서의 페이지 항목을 거둔다 (894.896625ms)
✔ [#3315] 긴 문서를 본 뒤 짧은 문서를 열면 긴 문서의 페이지가 남지 않는다 (430.223208ms)
✔ [#3315] 같은 문서를 다시 준비하면 항목을 그대로 둔다 (335.484875ms)
✔ [#3315] 편집 경계는 여전히 재시도 키를 비우지 않는다 (#3672 회귀 방지) (333.987459ms)
✔ [#3315] 문서 신원을 모르면 범위를 비워 둔다 (418.27225ms)
✔ [#3315] 문서 신원 판정은 한 규칙이다 (0.496417ms)
✔ 좁은 질의 응답을 FlowImagePaintOp 로 옮긴다 (4.463583ms)
✔ 전체 트리 경로는 data URL 을, 좁은 질의 경로는 키별 URL 을 같은 필드에 담는다 (0.691125ms)
✔ cacheable 이 아니면 이 경로를 쓰지 않는다 (0.201917ms)
✔ 키 하나라도 못 풀면 전부 포기한다 (0.283084ms)
✔ 형식이 어긋난 응답은 되돌림을 유발한다 (0.252334ms)
✔ 빈 목록은 유효한 결과다 — 그림 없는 쪽에서 전체 트리를 받지 않는다 (0.445208ms)
✔ object URL 캐시는 같은 문서 안에서 키당 한 번만 바이트를 받는다 (1.146625ms)
✔ 같은 키라도 문서가 다르면 새 바이트를 읽는다 (0.227292ms)
✔ 같은 파일을 다시 열면(generation 증가) 캐시를 재사용하지 않는다 (0.44225ms)
✔ 새 문서가 한 장도 조회하지 않아도 옛 문서 URL 을 회수한다 (0.696125ms)
✔ 같은 문서를 다시 로드하면 캐시를 지킨다 (0.162542ms)
✔ 문서 신원을 모르면 캐시하지 않고 되돌린다 (1.372542ms)
✔ 경계를 지나지 않았으면 캐시하지 않고 되돌린다 (0.543125ms)
✔ 바이트를 받을 수 없으면 URL 을 만들지 않는다 (0.6315ms)
✔ 중첩 bbox가 mime 앞에 있어도 image prefetch URL을 수집한다 (5.816458ms)
✔ 같은 그림 집합을 이미 디코드했으면 prefetch 를 건너뛴다 (0.5445ms)
✔ 그림이 바뀌면 건너뛰지 않는다 (0.315917ms)
✔ rawSvg 가 있던 페이지는 그림 키가 같아도 건너뛰지 않는다 (0.082916ms)
✔ 판정 재료가 없으면 종전대로 매번 prefetch 한다 (0.195667ms)
✔ 다른 문서의 서명은 키가 같아도 재사용하지 않는다 (0.117625ms)
✔ 문서 신원을 모르면 재사용하지 않는다 (0.169792ms)
✔ 현재 rawSvg가 새로 생기면 이전 raster 서명을 재사용하지 않는다 (0.091875ms)
✔ decode가 모두 끝난 뒤에만 서명을 기록한다 (0.34175ms)
✔ decode 실패나 빈 작업은 완료 서명으로 기록하지 않는다 (0.156916ms)
✔ 같은 파일을 다시 열면 문서 세대가 달라 서명을 재사용하지 않는다 (0.28375ms)
✔ 늦게 끝난 이전 prefetch는 최신 서명을 덮어쓰지 않는다 (0.196333ms)
✔ 안정된 키가 없는 합성 그림 페이지는 서명 캐시 대상이 아니다 (0.142584ms)
✔ [#3315] resetImageRetryState 는 재시도 키를 비우지 않는다 (3.578917ms)
✔ [#3315] 재시도 키는 문서 신원과 그림 내용을 직접 든다 (0.648583ms)
✔ [#3315] 판정 재료가 없으면 재사용 조기 반환이 일어나지 않는다 (0.580042ms)
✔ [#3315] dispose 는 재시도 키를 거둔다 (0.408667ms)
✔ [#3315] 문서 교체 경로는 여전히 파생 상태를 정리한다 (0.552542ms)
✔ [#3351] 인접 위치 규칙은 한 곳에만 있다 (2.496458ms)
✔ [#3351] 조회는 커서를 옮기지도 선택을 풀지도 않는다 (16.819875ms)
✔ [#3351] 메뉴 개체 조작은 개체 인접을 기록한다 (3.35925ms)
✔ [#3351] 클릭 z순서도 개체 인접을 기록한다 (2.179167ms)
✔ [#3351] 인접 문단 계산 — 실제 규칙 동작 (1059.248625ms)
✔ 마지막 ModalDialog 종료만 편집기 포커스 복원 이벤트를 발행한다 (53.94975ms)
✔ 앱은 활성 InputHandler에만 마지막 모달 종료 포커스를 복원한다 (0.642625ms)
✔ 비텍스트 포커스의 활성 편집기는 undo/redo를 dispatcher로 보완한다 (2.030875ms)
✔ 개체 선택 C/X/Delete는 canonical edit command를 사용하고 native paste는 보존한다 (0.681209ms)
✔ canonical 표 cut/delete가 keyboard의 중첩 표 안전 계약을 유지한다 (1.150416ms)
✔ [#3416] 선택 삭제 커맨드가 지우기 전 범위를 들고 있다 (851.120625ms)
✔ [#3416] undo 경로가 선택을 되살린다 — redo 경로에는 없다 (28.394958ms)
✔ [#3416] 유효성은 호출부가 아니라 selectRange 안에서 판정된다 (87.026709ms)
✔ [#3416] 해제는 그대로 남는다 — 복원은 그 위에 얹는 향상이다 (8.334709ms)
✔ [#3416] selectRange 는 실재하지 않는 범위를 거절한다 — 실제 동작 (586.666959ms)
✔ [#3416] 구역을 걸치는 범위는 복원 대상이 아니다 (실측 범위 밖) (5.991416ms)
✔ [#3648] Undo/Redo 등록은 유지하되 정책상 미지원으로 표시한다 (2.135875ms)
✔ [#3648] 디스패처는 미지원을 미구현과 다르게 다룬다 (0.491625ms)
✔ [#3648] GetActionSupport 는 미등록·미구현·미지원·지원을 구분한다 (0.314916ms)
✔ #4121 getSelectionRectsInHeaderFooter가 WASM과 Studio bridge에 함께 노출된다 (1.414667ms)
✔ #4121 replaceRangeInHeaderFooter가 WASM과 Studio bridge에 함께 노출된다 (0.378791ms)
✔ #4121 copySelectionInHeaderFooter가 WASM과 Studio bridge에 함께 노출된다 (2.173792ms)
✔ #4121 getCharPropertiesInHeaderFooter가 WASM과 Studio bridge에 함께 노출된다 (0.573125ms)
✔ #4121 applyCharFormatInHeaderFooter가 WASM과 Studio bridge에 함께 노출된다 (0.4955ms)
✔ #4121 getHeaderFooterPreviewPage가 WASM과 Studio bridge에 함께 노출된다 (0.512ms)
✔ #4121 hitTestInHeaderFooterTarget가 WASM과 Studio bridge에 함께 노출된다 (15.527667ms)
✔ #4121 renderHeaderFooterEditPreviewToCanvas가 WASM과 Studio bridge에 함께 노출된다 (0.412ms)
✔ #4121 HF hit-test가 클릭 페이지의 resolved target을 전달한다 (0.250666ms)
✔ #4121 history 복원용 HF 선택은 현재 target과 문단 경계를 다시 검증한다 (1033.42575ms)
✔ #4121 HF snapshot command는 undo/redo 문맥과 선택 정책을 분리한다 (309.527209ms)
✔ #4121 HF 선택 삭제와 치환은 범위 API 한 호출과 선택 history를 사용한다 (2.711416ms)
✔ #4121 일반 입력과 IME는 HF 선택을 별도 삭제하지 않고 원자 치환한다 (1.2125ms)
✔ #4121 HF IME 시작은 남아 있는 본문 selection을 삭제하지 않는다 (836.872833ms)
✔ #4121 HF copy/cut/paste는 HF 전용 copy와 평문 범위 치환을 사용한다 (5.725209ms)
✔ #4121 HF 부분 글자 서식은 선택 범위 API와 선택 유지 history를 사용한다 (5.998417ms)
✔ #4121 undo는 HF selectionBefore, redo는 format의 selectionAfter를 복원한다 (1.240417ms)
✔ #4121 새 HF WASM API는 생성 바인딩 타입을 우회하지 않고 탐색 실패를 기록한다 (1.13825ms)
✔ #4121 HF anchor는 본문·각주와 독립된 target 소유 범위를 만든다 (942.219667ms)
✔ #4121 HF 역방향 범위는 문단·문자 사전식으로 정렬된다 (568.157417ms)
✔ #4121 HF 위아래 이동은 같은 resolved target의 시각 줄만 따른다 (583.085083ms)
✔ #4121 HF 단어·문단·target 경계 이동은 HF 좌표계를 유지한다 (467.474208ms)
✔ #4121 macOS HF Option+Shift·Command+Shift 탐색은 실제 선택 범위를 만든다 (830.448333ms)
✔ #4121 HF 모두 선택은 메뉴와 Ctrl/Cmd+A 모두 현재 정의만 대상으로 한다 (804.455833ms)
✔ #4121 마우스 HF 선택은 클릭 페이지 target을 확인하고 drag lifecycle을 시작한다 (13.148375ms)
✔ #4121 HF 키보드는 Shift 선택과 Esc 2단계를 제공한다 (5.723042ms)
✔ #4121 HF overlay는 visible page마다 코어 기하를 조회한다 (3.92375ms)
✔ #4121 선택 renderer는 모든 쪽 배치의 resolved page-left를 사용한다 (0.589833ms)
✔ Recovery R1: 오른쪽 빈 결과 열을 포함한 블록은 행별 합계 job을 만든다 (7.020542ms)
✔ Recovery R1: 아래 빈 결과 행을 포함한 블록은 열별 합계 job을 만든다 (1.016958ms)
✔ Recovery R1: Z 다음 열도 AA/AB 표기로 선택 범위 계산식을 만든다 (1.322292ms)
✔ Recovery R1: 결과 가장자리가 없거나 양축이 모두 비면 문서를 바꿀 계획을 만들지 않는다 (0.291542ms)
✔ Recovery R1: 단일·불연속·병합·중첩 선택은 fail-closed한다 (0.282084ms)
✔ Recovery R1: 일부 dry-run 실패 시 preflight는 write 없이 전체 작업을 거절한다 (0.324084ms)
✔ full 셀 블록의 Ctrl/Cmd+Shift+S는 블록 합계를 우선한다 (3.489708ms)
✔ 한글 IME 자모와 조합 중 Process도 물리 KeyS로 블록 합계를 찾는다 (0.168709ms)
✔ 셀 블록이 아니면 일반 shortcut-map이 Save As를 소유하도록 양보한다 (0.097458ms)
✔ 블록 합계가 차단되고 Save As가 활성인 full 상태에서는 Save As로 양보한다 (0.118125ms)
✔ embed처럼 Save As 소유권이 없으면 후순위 블록 합계로 폴스루하지 않고 소비한다 (0.111625ms)
✔ 수정자 없는 S와 다른 물리 키는 문맥 라우터가 소유하지 않는다 (0.08525ms)
✔ InputHandler는 IME보다 먼저 Ctrl/Cmd+Shift+S와 수정자 없는 S/M을 순서대로 처리한다 (0.820291ms)
✔ Recovery R1: 영문·한글·Process KeyS는 모두 셀 나누기를 소유한다 (0.187667ms)
✔ Recovery R1: 영문·한글·Process KeyM은 모두 셀 합치기를 소유한다 (0.094667ms)
✔ Recovery R1: 셀 블록 밖이거나 Ctrl/Meta/Alt 수정자가 있으면 S/M을 소유하지 않는다 (0.135ms)
✔ Recovery R1: 물리 S/M 셀 명령은 IME 조기 반환보다 먼저 처리한다 (0.384459ms)
✔ Recovery R4 corrective RED: 한글 셀 문자 단축키의 후속 조합 입력을 끝까지 소비한다 (0.115292ms)
✔ Recovery R4 corrective RED: Process 입력은 input-only 폴백도 한 번만 소비한다 (0.054042ms)
✔ Recovery R4 corrective RED: 영문 S/M은 후속 정상 입력을 억제하지 않는다 (0.045917ms)
✔ Recovery R4 corrective: compositionend 뒤 같은 유령 input만 추가로 소비한다 (0.07175ms)
✔ Recovery R4 corrective: guard가 입력 경로 세 지점과 dispatcher 전에 연결된다 (0.991833ms)
✔ #4272 중첩 셀 Ctrl+C는 plain text와 HTML을 모두 전체 path API로 복사한다 (8.086542ms)
✔ issue #4969 Q2-D5-R0 records page-linear inline input with one retained blob (297.937ms)
✔ issue #4969 Q2-D5-R0 reuses one verified font fetch across 1/2/8 pages (185.765917ms)
✔ issue #4969 Q2-D5-R2 rejects missing, wrong, oversized, and stale font fetches (175.07925ms)
✔ issue #4969 Q2-D5-R2 failed font verification leaves the TextRun fallback selected (0.977792ms)
✔ issue #4969 Q3-E4 Studio selects only a complete replayable variable outline (0.393708ms)
✔ [#5690] 삭제 커맨드가 블록 확장 단계를 함께 들고 있다 (904.730334ms)
✔ [#5690] 호출부가 커서에서 단계를 읽어 커맨드에 넘긴다 (35.082166ms)
✔ [#5690] selectRange 가 범위와 블록 상태를 한 번에 세운다 (563.569166ms)
✔ [#5690] #2339 의 해제는 그대로 남는다 — 복원이 그 위에 얹힌다 (7.341125ms)
✔ [#5769] 실행 직후 엔트리는 1슬롯, undo 하면 2슬롯, redo 하면 다시 1슬롯 (753.1835ms)
✔ [#5769] after 는 before 복원 **전에** 찍는다 (482.120542ms)
✔ [#5769] after 저장이 실패해도 undo 는 수행되고 redo 만 포기한다 (346.750792ms)
✔ [#5769] 무변경 연산은 종전대로 아무 스냅샷도 남기지 않는다 (335.172333ms)
✔ SetZOrderCommand 배선 핀 — probe 선차단, 캡처 선행, undo 는 old 대입 뒤 raw 복원 (1.41225ms)
✔ 모듈 로드 (742.143125ms)
✔ execute 는 probe → 캡처 순서를 지키고 변경 기록을 모은다 (1.486333ms)
✔ undo 는 id 대입 → 꼬리 절단 → raw 복원 순서다 (1.478125ms)
✔ 변경이 없으면 no-op 으로 저널을 남기지 않는다 (0.497125ms)
✔ zone(asOne) 적용도 같은 생명주기를 쓴다 (0.400959ms)
✔ 소스 핀 — 다이얼로그는 커맨드 경유, 레지스트리는 신규 네이티브를 변이로 분류 (1.364083ms)
✔ execute 실패가 아무 뮤테이션 전이면 롤백 호출 없이 캡처만 해제한다 (0.242083ms)
✔ legacy 한양 face 는 altType 과 무관하게 설치 face 를 체인 맨 앞에 둔다 (45.311541ms)
✔ 설치 face 가 없으면 종전 체인을 그대로 유지한다 (0.31075ms)
✔ #6453 HF 커서 위치 API는 대표 편집 페이지를 바꾸지 않는다 (726.587458ms)
✔ #6453 HF 공개 커서 위치 API는 문단·문자 좌표만 받는다 (1.678041ms)
✔ #6453 IME 조합 캐럿도 HF 대표 편집 페이지를 직접 사용한다 (1.523458ms)
✔ 일반 snapshot 생성에도 삭제 전 셀 선택을 전달한다 (55.890375ms)
✔ 일반 snapshot의 undo는 내용과 선택 증적을 보존하고 redo 선택은 만들지 않는다 (710.913417ms)
✔ 셀 블록 모드에서 Delete 는 블록을 유지한 채 선택 칸 내용을 지운다 (2.573458ms)
✔ 되돌리기·다시실행은 셀 블록을 해제하지 않고 통과한다 (1.867792ms)
✔ 셀 블록 내용 지우기는 스냅샷으로 기록하고 지우기 전 블록을 함께 싣는다 (55.237167ms)
✔ 비운 칸 안에 있던 캐럿은 그 칸의 시작으로 내린다 (6.295958ms)
✔ undo 는 셀 블록을 되살리고 redo 는 되살리지 않는다 — 한컴 실측 (9.53375ms)
✔ 셀 블록 복원은 표가 줄었으면 거절한다 (1.677167ms)
✔ 실제 resize 뒤 Undo/Redo는 원본 변환을 교환하고 discard로 해제한다 (614.277041ms)
✔ 취소는 변경을 되돌리고 셀·머리말 경로는 캡처에 그대로 전달한다 (396.566959ms)
✔ 다중 선택 캡처 실패는 앞서 캡처한 핸들을 해제한다 (349.505ms)
✔ 메뉴 "지우기" 는 OLE 개체를 도형 삭제 명령으로 보낸다 (1.96575ms)
✔ 메뉴 삭제와 키보드 삭제가 같은 종류를 도형 삭제로 보낸다 (1.693292ms)
✔ format:line-spacing-decrease has a lower-bound clamp (3.444708ms)
✔ 전역 커맨드 표면을 늘리지 않는다 — 레지스트리·디스패처를 쓰지 않는다 (1.644666ms)
✔ CSS 는 기존 메뉴 것을 그대로 재사용한다 — 신규 CSS 0줄 (0.299708ms)
✔ ESC·Enter 는 window capture 에서 잡고 전파를 끊는다 — 모달과의 경합 (0.979667ms)
✔ 닫을 때 window 리스너를 되돌린다 — 다이얼로그가 남아도 새는 핸들러가 없다 (0.474167ms)
✔ 로컬 글꼴 감지 모달은 사용자에게 대체 글꼴 표현을 사용한다 (15.023334ms)
✔ 외부 웹폰트 비활성 상태는 로컬 글꼴 감지 모달에 표시된다 (1.587417ms)
✔ 문서 열기는 로컬 글꼴 감지 모달을 자동으로 띄우지 않는다 (0.62525ms)
[LocalFonts] 2개 로컬 글꼴 감지됨 (local-font-access)
[LocalFonts] 1개 로컬 글꼴 감지됨 (local-font-access)
[LocalFonts] 1개 로컬 글꼴 감지됨 (local-font-access)
[LocalFonts] 1개 로컬 글꼴 감지됨 (local-font-access)
[LocalFonts] 1개 로컬 글꼴 감지됨 (local-font-access)
[LocalFonts] 2개 로컬 글꼴 감지됨 (local-font-access)
[LocalFonts] 1개 로컬 글꼴 감지됨 (font-presence-probe)
[LocalFonts] 2개 로컬 글꼴 감지됨 (local-font-access)
✔ 저장된 localStorage snapshot 로드는 queryLocalFonts를 호출하지 않는다 (21.202333ms)
✔ 저장된 v2 snapshot의 반복 별칭 해석은 전체 face를 다시 정규화하지 않는다 (29.679ms)
✔ Chrome 확장 컨텍스트에서는 chrome.storage.local snapshot을 우선 사용한다 (0.825792ms)
✔ Firefox 확장 컨텍스트에서는 browser.storage.local snapshot을 사용한다 (0.599834ms)
✔ detectLocalFonts는 전체 snapshot을 저장하고 기본 반환은 웹 등록 글꼴을 제외한다 (3.901834ms)
✔ SFNT 지역화 이름을 보존해 HWP 한글 full name을 영문 family로 해석한다 (2.512125ms)
✔ 여러 style이 있는 local family는 요청 face의 full name을 Canvas chain 첫 항목으로 둔다 (1.126ms)
✔ CanvasKit용 휴먼명조 조회는 대체 family가 아니라 정확한 local face bytes를 반환한다 (1.42125ms)
✔ legacy Macintosh name record는 표시 이름에 섞지 않는다 (0.99075ms)
✔ 저장된 깨진 표시 이름은 브라우저 family 이름으로 복구한다 (0.600417ms)
✔ CanvasKit용 SFNT 바이트는 여러 PostScript face를 일괄 조회하고 동시 요청만 공유한다 (11.46325ms)
✔ 저장소 읽기 실패는 빈 상태로 처리하고 오류 상태만 기록한다 (60.827583ms)
✔ clearStoredLocalFonts는 저장된 snapshot과 런타임 상태를 초기화한다 (8.2325ms)
✔ Local Font Access API가 없으면 문서 후보 글꼴만 probe snapshot으로 저장한다 (1.0225ms)
✔ Local Font Access가 문서 face를 누락하면 미해소 후보만 probe해 exact face를 보존한다 (28.604708ms)
✔ stable local result는 pending page-local effect로 정규화된다 (33.069208ms)
✔ 완료된 flow boundary result는 pending 없이 허용된다 (0.180958ms)
✔ 모순되거나 불완전한 local result는 거부한다 (0.408084ms)
✔ stable local result의 focusedPagePatch 를 정규화한다 (9.531708ms)
✔ 깨진 focusedPagePatch 는 무시하고 국소 조판 신호는 유지한다 (0.214208ms)
✔ master-page front image does not capture a body-text click (4.520708ms)
✔ document and header/footer foreground images remain selectable (0.156125ms)
✔ HF source addresses never become body shape edit targets (0.144333ms)
✔ connector lookup ignores HF groups and images even with valid section addresses (2.121084ms)
✔ 상단 메뉴 단축키는 macOS에서 ⌘ 기호로 변환된다 (1.734084ms)
✔ 상단 메뉴 단축키는 macOS에서 ⌥ 기호로 변환된다 (20.912541ms)
✔ 상단 메뉴 단축키는 Windows/Linux 계열에서 Ctrl 표기를 유지한다 (9.495292ms)
✔ 상단 메뉴 단축키는 하드코딩 값보다 CommandRegistry 정의를 우선한다 (2.517625ms)
✔ 상단 메뉴 항목에 md-shortcut이 없으면 registry 값을 기준으로 생성한다 (0.397875ms)
✔ 상단 메뉴 하드코딩 단축키와 registry shortcutLabel의 누락 항목을 고정한다 (6.47675ms)
✔ 표 줄/칸 추가·지우기 대표 메뉴에 한컴 단축키를 표시한다 (7.940459ms)
✔ 표 줄/칸 메뉴는 macOS에서 Option 기호로 표시한다 (0.260958ms)
✔ #6814 command/history/UI 오류 회귀 — WASM 산출물 없이 필수 실행 (1701.736667ms)
﹣ #6788 실제 WASM + Studio 혼합 모양 적용/Undo/Redo (1.486083ms) # fresh Node WASM 필요: scripts/wasm-pack-locked.sh --target nodejs --out-dir pkg-node --no-opt
✔ finishPictureResizeDrag 다중 선택 코너 분기는 sy 에 scaleY 를 사용한다 (1.368459ms)
[mutation-routing] 이관 진행:
  ↓ src/command/commands/insert.ts: 16 → 10 (이관 완료 — baseline 을 10 로 갱신 권장)
  ↓ src/command/commands/table.ts: 36 → 33 (이관 완료 — baseline 을 33 로 갱신 권장)
  ↓ src/ui/cell-border-bg-dialog.ts: 5 → 2 (이관 완료 — baseline 을 2 로 갱신 권장)
  ↓ src/engine/input-handler-keyboard.ts: 21 → 20 (이관 완료 — baseline 을 20 로 갱신 권장)
  ↓ src/engine/input-handler-mouse.ts: 3 → 2 (이관 완료 — baseline 을 2 로 갱신 권장)
✔ MUTATING_VERB 는 MUTATING_METHODS 전 항목을 커버한다(drift 사각 방지) (3.30725ms)
✔ 드리프트: 문서-변경형 브리지 공개 메서드는 모두 분류돼야 한다 (1.688416ms)
✔ [#7002] Rust `&mut self` 내보내기에 대응하는 브리지 메서드는 모두 분류돼야 한다 (107.157958ms)
✔ MUTATING_METHODS / EXCLUDED_NON_DOCUMENT 는 서로 겹치지 않는다 (0.165042ms)
✔ MUTATING_METHODS 는 모두 실제 브리지 공개 메서드여야 한다(rename skip 방지) (1.158333ms)
✔ EXCLUDED_NON_DOCUMENT 은 감사 대상인 이름만 담는다(낡은 면제 래칫) (84.103667ms)
✔ 뮤테이션 표면 원장: 신규·증가 사이트는 baseline 갱신을 강제한다 (144.354125ms)
✔ 모든 뮤테이터 호출의 수신자는 분류돼 있어야 한다(미등재 수신자 침묵 차단) (398.605291ms)
✔ replaceAll 동명이인은 알려진 문자열 수신자만 비뮤테이션으로 분류한다 (0.340666ms)
✔ [#3648] hwpctl 은 스캔 대상이고 raw doc 수신자도 계상된다 (4.198458ms)
✔ detectPlatformKind는 macOS 계열 platform/userAgent를 mac으로 판별한다 (8.19425ms)
✔ detectPlatformKind는 Windows/Linux 계열을 other로 판별한다 (0.369708ms)
✔ detectPlatformKind는 테스트 override를 우선한다 (0.56075ms)
✔ macOS keymap은 Option+Arrow를 단어 이동으로 처리한다 (0.32375ms)
✔ macOS keymap은 Command+ArrowLeft/Right를 줄 처음/끝으로 처리한다 (0.116084ms)
✔ macOS keymap은 Ctrl+Arrow와 Command+ArrowUp/Down을 이번 범위에서 처리하지 않는다 (0.089084ms)
✔ Windows/Linux keymap은 Ctrl+ArrowLeft/Right를 단어 이동으로 처리한다 (0.106959ms)
✔ Windows/Linux keymap은 Ctrl+ArrowUp/Down을 문단 이동으로 처리한다 (0.071584ms)
✔ Windows/Linux keymap은 Alt+Arrow 단어 이동을 처리하지 않는다 (0.148125ms)
✔ 셀 선택 Arrow ownership은 지속 가능한 resize만 소비하고 Alt/Shift는 탐색한다 (0.14625ms)
✔ Home/End는 플랫폼 공통 줄 처음/끝으로 처리하고 Ctrl/Meta 조합은 기존 경로에 남긴다 (0.082167ms)
✔ 일반 command shortcut 입력은 navigation helper가 처리하지 않는다 (0.069584ms)
✔ IME pending nav처럼 key가 Process여도 code로 navigation을 판별한다 (0.054708ms)
✔ formatShortcutLabel은 macOS에서 modifier를 Apple 기호로 치환한다 (0.211875ms)
✔ formatShortcutLabel은 한컴 표 줄/칸 단축키를 플랫폼별로 표시한다 (0.061417ms)
✔ formatShortcutLabel은 Windows/Linux에서 원본을 유지한다 (0.045833ms)
✔ formatShortcutLabel은 플랫폼 modifier가 없는 라벨을 변경하지 않는다 (0.073125ms)
✔ formatShortcutLabel은 테스트 override를 존중한다 (0.0945ms)
✔ 중첩 셀 안쪽 2번째 문단 시작 Backspace 는 이전 문단과 병합한다 (3.730209ms)
✔ 같은 위치의 handleDelete 는 이미 안쪽 축(...ByPath)으로 조회한다(대조군) (0.178833ms)
✔ 중첩 셀 안쪽 첫 문단 시작 Backspace 는 셀 안에서 병합하지 않는다 (0.143166ms)
✔ 비중첩(depth 1) 셀 동작은 불변이다 (0.103208ms)
✔ applyParaFormatInHf 는 호출되는 코드가 있어야 한다 (43.817458ms)
✔ applyParaFormatInFootnote 는 호출되는 코드가 있어야 한다 (77.581958ms)
✔ 문단 서식 진입점이 머리말/꼬리말과 각주를 모두 분기한다 (1.4865ms)
✔ 문단 서식 진입점이 그 분기를 실제로 호출한다 (1.290417ms)
✔ 되돌리기 라우팅을 거친다 (executeOperation 경유) (1.084833ms)
✔ 스냅샷 되돌리기 뒤에도 머리말/꼬리말·각주 편집 문맥을 복원한다 (1.935083ms)
✔ numbering-dialog.ts 시작 번호 input 핸들러는 1~999로 clamp한다 (11.267833ms)
✔ 개체 설명문/수식 스크립트 상한은 u16 캐스팅이 랩어라운드되는 65536보다 충분히 작다 (1.444875ms)
✔ handleOk()가 상한 초과 시 저장을 거부한다 (0.257709ms)
✔ computeRotationRecord 는 각이 바뀌면 origAngle→finalAngle before/after 를 준다 (2.901709ms)
✔ computeRotationRecord 는 각이 같으면 null (드래그 없음 = 미기록) (0.200125ms)
✔ computeRotationRecord 는 음수각·정규화된 값을 그대로 보존한다 (0.101458ms)
✔ computeRotationRecord 는 비정상 입력(NaN/Infinity)에 null 을 준다 (0.071875ms)
✔ computeLineEndpointRecord 는 끝점이 바뀌면 before/after 를 복사해 준다 (0.153958ms)
✔ computeLineEndpointRecord 는 좌표가 동일하면 null (클릭만 = 미기록) (0.06075ms)
✔ computeLineEndpointRecord 는 어느 한 좌표만 달라도 기록 대상이다 (0.190792ms)
✔ computeLineEndpointRecord 는 비정상 좌표(NaN)에 null 을 준다 (0.134167ms)
✔ 다중 개체 렌더 페이지는 기존 마지막 bbox를 보존하고 편집 focus는 첫 bbox를 쓴다 (4.4215ms)
✔ 개체 선택 렌더를 지우면 stale 편집 페이지도 null로 해제한다 (0.194375ms)
✔ 한글 CF_HTML 의 문서모델 주석과 조각 마커를 걷어내고 본문은 남긴다 (1.56425ms)
✔ style·script·xml 은 통째로 사라지고 표는 남는다 (0.231084ms)
✔ downlevel-revealed 조건부 블록을 걷어낸다 (0.095833ms)
✔ 주석이 겹쳐 있어도 여는 표지가 남지 않는다 (0.139166ms)
✔ 닫는 태그 이름 뒤에 공백이 있어도 요소로 인식한다 (0.093959ms)
✔ 닫는 태그가 아예 없으면 그 뒤를 전부 버린다 (1.204ms)
✔ 이름이 겹치는 다른 태그는 건드리지 않는다 (0.189042ms)
✔ 스스로 닫은 태그는 그 태그만 사라진다 (0.105416ms)
✔ 대소문자가 섞여도 같은 결과를 낸다 (0.147208ms)
✔ 저장값이 없거나 잘못된 쪽 배치는 자동으로 복원된다 (21.085292ms)
✔ 고정 쪽 배치 종류는 판별값만 보존한다 (3.329375ms)
✔ 여러 쪽 가로·세로 값은 각각 1~8 정수로 정규화된다 (0.191959ms)
✔ 정상 여백은 통과한다 (1.338542ms)
✔ 좌우 여백 합이 용지를 넘으면 막는다 (0.223875ms)
✔ 제본 여백도 본문을 갉아먹는다 — 좌우만 보면 통과해 버린다 (0.145959ms)
✔ 위아래는 머리말·꼬리말까지 합쳐서 본다 (0.102ms)
✔ 가로 방향이면 용지 크기를 뒤바꿔 판정한다 (0.097708ms)
✔ 한도는 본문 최소 크기 그대로다 — 딱 맞으면 통과, 1mm 모자라면 막는다 (1.192875ms)
✔ 10%에서도 페이지 경계를 구분할 최소 화면 간격을 보장한다 (7.640791ms)
✔ 100% 기존 간격을 보존하고 고배율에서는 연속적으로 확장한다 (4.337958ms)
✔ 사용자 기준 간격과 잘못된 입력을 안전하게 정규화한다 (0.175375ms)
✔ 문서 쪽번호가 있으면 그 숫자를 보여준다 (새 번호로 시작 반영) (1.454375ms)
✔ 전체 쪽수는 물리 쪽수를 유지한다 (0.26625ms)
✔ 새 번호가 없는 문서는 지금까지와 같은 숫자를 보여준다 (0.14825ms)
✔ 문서 쪽번호를 모르면 물리 순번으로 물러난다 (0.19525ms)
✔ 현재 쪽 번호는 정수로 자른다 (0.104ms)
✔ focused page patch clips margin-guide repaint to the page-space dirty rect (25.37875ms)
✔ full page render keeps the existing unclipped margin-guide path (0.318333ms)
✔ HF band can reuse the exact page-margin corner path (0.281ms)
✔ HF edge reuses only the non-overlapping page-margin corners (0.246667ms)
✔ margin-guide stroke stays readable at low zoom and bounded at high zoom (0.144125ms)
✔ HF mode can hide the body edge whose outward direction is reversed (0.238792ms)
✔ PageRenderer forwards the focused patch to the margin-guide clip (567.158709ms)
✔ 쪽 이동은 세로 방향과 가로 휠 사용을 기본값으로 복원한다 (5.937917ms)
✔ 가로 방향은 한컴 계약에 따라 쪽 모양을 한 쪽으로 강제한다 (0.156667ms)
✔ 세로 방향은 선택한 쪽 모양을 그대로 유지한다 (0.113167ms)
✔ zoom visible 뒤 retained는 다음 frame 경계를 거친 별도 task에서 실행한다 (8.240375ms)
✔ zoom 양보: prefetch, idle=true에서도 기존 deferred 정책을 유지한다 (0.2705ms)
✔ zoom 양보: prefetch, idle=false에서도 기존 deferred 정책을 유지한다 (0.127041ms)
✔ zoom 양보: retained-transition, idle=true에서도 기존 deferred 정책을 유지한다 (0.13075ms)
✔ zoom 양보: retained-transition, idle=false에서도 기존 deferred 정책을 유지한다 (5.875125ms)
✔ 여러 visible slice가 끝난 뒤 한 번만 양보하고 retained는 한 task에 한 쪽이다 (0.332084ms)
✔ visible 없음: 실행할 필요가 없는 frame 양보를 추가하지 않는다 (0.180167ms)
✔ retained 없음: 실행할 필요가 없는 frame 양보를 추가하지 않는다 (0.082833ms)
✔ valid-visible 없음: 실행할 필요가 없는 frame 양보를 추가하지 않는다 (0.620875ms)
✔ frame 양보 중 cancel: 캡처된 구 callback도 새 큐를 실행하지 못한다 (14.854542ms)
✔ frame 양보 중 scroll: 캡처된 구 callback도 새 큐를 실행하지 못한다 (0.22625ms)
✔ frame 양보 중 zoom: 캡처된 구 callback도 새 큐를 실행하지 못한다 (0.115334ms)
✔ visible 실행 도중 같은 generation 재요청도 구 frame 양보 정책을 물려주지 않는다 (8.231291ms)
✔ zoom 마지막 visible 실패는 새 frame 대기나 무한 retry를 만들지 않는다 (0.49875ms)
✔ frame run 예외를 전달해도 다음 page dispatch는 살아 있다 (0.310959ms)
✔ frame isValid 예외를 전달해도 다음 page dispatch는 살아 있다 (0.120875ms)
✔ fast-path run 예외를 전달해도 다음 page dispatch는 살아 있다 (37.022333ms)
✔ fast-path isValid 예외를 전달해도 다음 page dispatch는 살아 있다 (0.115375ms)
✔ idle run 예외를 전달해도 다음 page dispatch는 살아 있다 (0.086208ms)
✔ idle isValid 예외를 전달해도 다음 page dispatch는 살아 있다 (0.06075ms)
✔ timeout run 예외를 전달해도 다음 page dispatch는 살아 있다 (0.063583ms)
✔ timeout isValid 예외를 전달해도 다음 page dispatch는 살아 있다 (0.067084ms)
✔ 마지막 visible이 실패해도 prefetch로 넘어가며 이전 빈 frame을 회수한다 (0.135625ms)
✔ 실패 중 cancelAll한 작업은 finally가 되살리지 않는다 (0.090833ms)
✔ 많은 visible은 우선순위대로 page 경계에서 분할하고 soft budget 뒤 다음 frame에 양보한다 (3.638291ms)
✔ 1·2 visible fast path는 동기 실행하고 prefetch는 visible보다 먼저 실행하지 않는다 (0.246375ms)
✔ idle callback 한 번은 prefetch 한 page만 실행하고 deadline 부족이면 양보한다 (0.12125ms)
✔ 새 generation은 예약된 frame을 재사용하고 같은 page를 중복하지 않아 연속 입력 중에도 진행한다 (0.112917ms)
✔ 새 generation의 작은 fast path가 최신 작업을 끝내면 이전 빈 frame도 회수한다 (0.082833ms)
✔ stale key는 실행하지 않고 cancelAll은 frame과 idle ownership을 모두 회수한다 (2.025709ms)
✔ requestIdleCallback이 없으면 timeout fallback도 매번 한 page만 처리한다 (0.207416ms)
✔ 예산 때문에 거절한 선택 prefetch를 scheduler 진단에 누적한다 (0.117833ms)
✔ scroll settle은 마지막 입력 하나만 debounce하고 cancelAll에서 회수한다 (0.157125ms)
✔ active target-DPR 전환은 speculative idle 뒤에도 task 경계별로 즉시 이어간다 (0.146333ms)
✔ 쪽이 화면 안에 들어오면 한 번에 다음 쪽 머리로 간다 (7.02075ms)
✔ 쪽이 화면보다 크면 화면 하나씩 밟되 쪽 머리에 정확히 착지한다 (0.671541ms)
✔ PgDn 은 어떤 배치에서도 한 화면보다 많이 건너뛰지 않는다 (0.424125ms)
✔ PgDn 을 계속 누르면 모든 쪽 머리를 하나도 빠짐없이 지난다 (0.225458ms)
✔ PgUp 도 한 화면 이내로 올라가며 모든 쪽 머리를 지난다 (0.188916ms)
✔ 문서 끝에서는 마지막 쪽 아래까지 붙이고 멈춘다 (1.029542ms)
✔ 문서 처음에서는 맨 위까지만 간다 (0.105625ms)
✔ 그리드 모드는 쪽이 아니라 행 단위로 움직인다 (#2560) (0.277ms)
✔ 맞쪽 PageDown은 첫 빈 슬롯과 마지막 단독 행을 포함한 모든 실제 행을 지난다 (0.19725ms)
✔ 세로 이동 delta는 실제 Y 스크롤 변화량이다 — 캐럿을 같은 화면 자리에 붙이는 근거 (0.161ms)
✔ 가로 이동은 X축 페이지 경계와 화면 폭을 따라 이동한다 (0.312125ms)
✔ 가로 PageUp은 한 화면 이내로 이동하며 모든 페이지 왼쪽 경계를 지난다 (0.214542ms)
✔ 문서가 없으면 아무 것도 하지 않는다 (0.135916ms)
✔ 정확한 key만 hit이며 take한 항목은 원장에서 active 소유권으로 빠진다 (2.765916ms)
✔ lookup key는 실제 surface 정수 치수가 든 exact entry를 O(1)로 찾는다 (0.804792ms)
✔ touch 후 재삽입은 MRU가 되고 eviction은 가장 오래된 bundle부터 수행한다 (0.196625ms)
✔ active와 pending 예약을 먼저 적용하고 mandatory 초과에서는 cache를 0으로 만든다 (0.13675ms)
✔ page invalidation과 clear는 dispose를 정확히 한 번 호출하고 누적 원장을 0으로 만든다 (0.185375ms)
✔ 0 pixel 항목은 보존하지 않고 즉시 폐기한다 (0.08575ms)
✔ 기존 배치-only payload는 zoom commit 없이 정규화된다 (3.792125ms)
✔ 배치·이동·배율 transaction은 한 snapshot으로 정규화된다 (0.259583ms)
✔ 유효하지 않은 zoom commit은 배치 변경을 막지 않고 제외된다 (0.157958ms)
✔ populateFromProps 는 굵기/색/선종류 컨트롤을 문서 테두리 값으로 동기화한다(#2915) (1.53375ms)
✔ 문단 모양 줄 간격 입력값은 collectMods에서 clampLineSpacing으로 min/max(0~9999)에 맞춰진다 (#2959) (3.283417ms)
﹣ 굵게/색/캐럿 대기 서식이 실제 문서에 반영된다 (자식 프로세스 + wasm 왕복) (3.646916ms) # pkg-node 빌드가 없어 wasm 왕복 테스트 skip (wasm-pack --target nodejs)
✔ 선택 없는 서식 지정은 무언 종료하지 않고 pending 으로 예약된다 (1.8305ms)
✔ 토글 방향은 선택 첫 글자에서 읽는다 (역방향 드래그에서 거꾸로 동작 방지) (0.288334ms)
✔ 빈 선택(anchor 만 있는 클릭)은 선택으로 치지 않는다 (0.303709ms)
✔ 삽입 경로가 예약 서식을 실어 나른다 (2.178667ms)
✔ defensive image snapshot with no optional controls produces an empty patch (5.01525ms)
✔ common size, placement, flags, and description use current conversions and defaults (0.416417ms)
✔ size protection suppresses common size and image scale updates (0.163292ms)
✔ TakePlace forces TopAndBottom and omits horzRelTo (0.135ms)
✔ treat-as-character skips all placement fields (0.159375ms)
✔ disabled transform controls preserve their properties (0.126416ms)
✔ enabled image transform controls create changed-only fields (0.148583ms)
✔ OLE keeps margin, caption, and line scope without arrow fields (0.290625ms)
✔ line-style absent textbox controls retain zero and Top normalization (0.276166ms)
✔ normal shape controls retain always-send shadow keys when values are unchanged (0.239875ms)
✔ line snapshot preserves detached shape controls from a reused dialog instance (1.156292ms)
✔ non-OLE line controls include arrow and size fields (0.134583ms)
✔ solid fill always sends colors, pattern fallback, and alpha (0.226ms)
✔ gradient fill preserves per-control fallback and always-send policy (0.13ms)
✔ disabled shadow always sends type zero and zero offsets (0.066042ms)
✔ enabled shadow always sends color and converted offsets (0.189208ms)
✔ caption center always sends hasCaption false without detail fields (0.283208ms)
✔ image scale overwrites common width and height patch values (0.190584ms)
✔ negative width/height input clamps to 0 instead of applying negative HWPUNIT (0.1205ms)
✔ image geometry, effects, border, and clamped transparency preserve field policy (2.238875ms)
✔ Original picture effect normalizes to existing RealPic without a diff (0.127125ms)
✔ negative crop and padding inputs clamp to zero (0.167375ms)
✔ image brightness and contrast clamp to the -100..100 HTML input range (0.118541ms)
✔ image scale clamps to the 1..1000 HTML input range (0.076458ms)
✔ shape in a table cell resolves to cell-shape (0.322042ms)
✔ OLE in the body resolves through the shape body setter (0.855ms)
✔ header-footer image preserves the five lookup indexes (0.150917ms)
✔ image in a table cell resolves to cell-picture (0.061333ms)
✔ body image resolves to body-picture (0.043208ms)
✔ header-footer marker takes priority over an image cell path (0.041375ms)
✔ [#6758] 표시 정밀도로 사라지는 치수는 건드리지 않으면 패치에 실리지 않는다 (0.443125ms)
✔ [#6758] 사용자가 실제로 고친 치수는 그대로 실린다 (0.704916ms)
✔ [#6758] 같은 값의 다른 표기는 변경이 아니다 (0.085333ms)
✔ [#6758] 다이얼로그가 크기 칸을 공용 서식으로 채운다 (5.015708ms)
✔ [#6769] 건드리지 않은 위치 오프셋은 패치에 실리지 않는다 (0.217291ms)
✔ [#6769] 실제로 고친 오프셋은 그대로 실린다 (0.184416ms)
✔ [#6769] 오프셋 판정은 크기의 0 클램프를 물려받지 않는다 (1.469292ms)
✔ [#6769] 다이얼로그가 오프셋 칸도 공용 서식으로 채운다 (3.9215ms)
✔ [#6769] image: 표시 정밀도에서 음의 0이 된 위치는 그대로 보존한다 (0.245041ms)
✔ [#6769] image: 실제 음수 위치 편집은 클램프 없이 전달한다 (0.4375ms)
✔ [#6769] shape: 표시 정밀도에서 음의 0이 된 위치는 그대로 보존한다 (0.1095ms)
✔ [#6769] shape: 실제 음수 위치 편집은 클램프 없이 전달한다 (0.07725ms)
✔ [#6769] line: 표시 정밀도에서 음의 0이 된 위치는 그대로 보존한다 (0.046375ms)
✔ [#6769] line: 실제 음수 위치 편집은 클램프 없이 전달한다 (0.046875ms)
✔ [#6769] group: 표시 정밀도에서 음의 0이 된 위치는 그대로 보존한다 (0.068334ms)
✔ [#6769] group: 실제 음수 위치 편집은 클램프 없이 전달한다 (0.075917ms)
✔ [#6769] ole: 표시 정밀도에서 음의 0이 된 위치는 그대로 보존한다 (0.129875ms)
✔ [#6769] ole: 실제 음수 위치 편집은 클램프 없이 전달한다 (0.130459ms)
✔ handleOk는 non-empty patch만 apply orchestration에 위임한다 (14.077375ms)
✔ applyPropertyPatch는 스냅샷 undo와 no-service fallback을 유지한다 (1.772084ms)
✔ WASM mutation은 5개 target adapter에만 남는다 (1.483167ms)
✔ 그림 속성 다이얼로그 생성자는 CommandServices를 전달받는다 (1.392083ms)
✔ 배치모드 그림 삽입은 스냅샷으로 undo 기록된다 (0.467834ms)
✔ 드래그드롭 그림 삽입은 스냅샷으로 undo 기록된다 (1.551125ms)
✔ arrowResizeDelta는 →/←를 가로 증감, ↓/↑를 세로 증감으로 매핑한다 (3.636292ms)
✔ computeArrowResize는 한 축만 step 만큼 변경한 before/after를 돌려준다 (0.355167ms)
✔ computeArrowResize는 최소 크기(MIN_SIZE_HWP) 아래로 줄이지 않는다 (0.196708ms)
✔ computeArrowResize는 비정상 입력에 null을 돌려준다 (0.117542ms)
✔ computeArrowResize는 비변경 축의 비정수 값을 보정하지 않는다 (0.143209ms)
✔ 확대는 모든 방향에서 격자 step 정수 단위로 일관된다 (3.232875ms)
✔ PDF와 인쇄 미리보기는 페이지 준비 pipeline을 공유하고 surface만 분리한다 (1.447375ms)
✔ print pipeline은 명시적인 print profile SVG만 사용한다 (0.172584ms)
✔ 파일 메뉴는 별도 PDF 진입점과 브라우저의 남은 단계를 노출한다 (0.373833ms)
✔ PDF 경로는 안내·진행 모달을 닫은 뒤 native 인쇄창을 호출한다 (1.418083ms)
✔ 인쇄 전용 문서는 same-origin 미리보기 loading surface를 제공한다 (4.541125ms)
✔ print pipeline은 저장 handle·파일명·dirty 상태를 변경하지 않는다 (0.461583ms)
✔ pxToPrintMm는 CSS px를 인쇄 mm로 변환한다 (1.066542ms)
✔ pxToPrintMm는 실제 wire 값에서도 표준 판형 mm를 복원한다 (#6561) (0.144666ms)
✔ snapToStandardPaperMm는 허용 오차 밖의 크기를 보존한다 (#6561) (0.088125ms)
✔ createPrintPage는 wire 절단 px에서도 @page를 표준 A4로 만든다 (#6561) (0.678417ms)
✔ createPrintPage는 페이지마다 독립된 named page와 크기를 만든다 (0.240667ms)
✔ buildPrintStyleText는 혼합 방향 페이지의 @page size를 페이지별로 보존한다 (0.196458ms)
✔ 인쇄 CSS는 분할을 막는 페이지 상자 규율을 유지한다 (#6561) (0.25225ms)
✔ namespaceSvgReferenceValue는 SVG url/hash 참조를 페이지별 id로 바꾼다 (0.443917ms)
✔ PDF 인쇄 의도는 준비 상태와 남은 브라우저 단계를 명확히 안내한다 (0.244083ms)
✔ PDF 기본 파일명은 원본 문서 이름을 보존하고 HWP 계열 확장자를 제거한다 (0.599125ms)
✔ 일반 인쇄는 같은 진행 helper를 쓰되 PDF 안내를 표시하지 않는다 (0.247625ms)
✔ print surface URL은 Studio와 같은 origin의 전용 문서로 해석된다 (1.023792ms)
✔ print surface URL은 about:blank를 사용하지 않는다 (0.370792ms)
✔ 구 기준선은 pending API를 제품에 추가하지 않고 관찰 불가 필드를 생략한다 (16.590208ms)
✔ 현재 후보의 input/pending 상태와 this를 보존한다 (0.154958ms)
✔ installPwaFileHandling은 launchQueue가 없으면 false를 반환한다 (6.471833ms)
✔ installPwaFileHandling은 launchQueue consumer를 등록한다 (0.239333ms)
✔ handlePwaLaunchFiles는 빈 launch를 무시한다 (0.228834ms)
✔ handlePwaLaunchFiles는 미지원 확장자를 로드하지 않는다 (1.583208ms)
✔ handlePwaLaunchFiles는 HWP 파일 handle을 open-document-bytes payload로 만든다 (1.454833ms)
✔ handlePwaLaunchFiles는 HWPX 파일도 허용하고 다중 파일은 첫 파일만 연다 (0.347625ms)
✔ handlePwaLaunchFiles는 HML 파일도 연다 (0.2665ms)
✔ handlePwaLaunchFiles는 getFile 실패를 notifyError로 전달한다 (0.414375ms)
✔ 권한 거부 시 항목을 유지하고 안내한다 (1.527458ms)
✔ 권한 확인 자체가 실패해도 항목을 유지한다 (0.500541ms)
✔ 파일 이동/삭제(read 실패) 시 항목을 제거하고 안내한다 (1.50175ms)
✔ 성공 시 라이브 파일 bytes와 핸들로 open 이벤트를 낸다 (0.160583ms)
✔ 메타-only 항목(핸들 없음)은 파일 재선택을 유도한다 (0.133167ms)
✔ 핸들 없는 열기는 메타-only 로 기록된다 (드롭/input/URL) (20.030709ms)
✔ 같은 파일명은 핸들 유무와 무관하게 파일명 폴백으로 최신화된다 (메타-only) (7.126166ms)
✔ 저장 항목은 핸들+메타만 보관하고 바이트를 갖지 않는다 (0.231ms)
✔ 같은 파일명이라도 isSameEntry=false면 별도 항목으로 공존한다 (0.203166ms)
✔ 동일 핸들(isSameEntry=true) 재열기는 중복 없이 최신화된다 (8.999375ms)
✔ 최대 20개 상한 — 가장 오래된 항목부터 밀려난다 (95.766ms)
✔ removeRecentDoc / clearRecentDocs (0.408ms)
✔ recovery dialog scopes viewport containment and scrolling to the draft list (1.894791ms)
✔ recoveryFileName은 원본을 덮어쓰지 않는 복구본 이름을 만든다 (2.921583ms)
✔ formatDraftSize는 복구 후보 크기를 읽기 좋은 단위로 표시한다 (0.196666ms)
✔ describeDraft는 저장 시각, 크기, 출처 포맷을 포함한다 (32.168375ms)
✔ describeDraft는 HML 출처 draft가 HWP 복구본으로 열림을 표시한다 (0.21075ms)
✔ describeDraft는 HWPX 출처 draft가 HWP 복구본으로 열림을 표시한다 (0.12425ms)
✔ CanvasKit applies producer-published clip geometry verbatim (3.125666ms)
✔ CanvasKit honors the canonical clip enable switch (0.295875ms)
✔ render backend resolver keeps Canvas2D as the compatibility default and accepts explicit aliases (0.539958ms)
✔ render backend resolver reports invalid explicit values and keeps URL opt-ins ephemeral (0.21575ms)
✔ render backend module does not expose a persistent CanvasKit opt-in path (0.555834ms)
✔ render scale mirrors the Rust canvas lower bound at low zoom (0.132875ms)
✔ CanvasKit readiness classification keeps new diagnostic suffixes unexpected (0.116083ms)
✔ CanvasKit mode resolver exposes default and conservative compat direct modes (0.233792ms)
✔ CanvasKit mode request reports storage selection and lets URL override it (0.149292ms)
✔ CanvasKit surface resolver records unsupported requests without throwing (0.207958ms)
✔ render profile resolver keeps screen as the stable browser default (0.132584ms)
✔ CanvasKit renderer source does not introduce Canvas2D overlay replay (15.974125ms)
✔ CanvasKit text replay preserves LayerTree positions for regular runs (0.780917ms)
✔ CanvasKit text replay uses positioned fallback glyphs and external text visuals (3.286541ms)
✔ CanvasKit auto preflight permits text marks and structural control markers (0.916ms)
✔ CanvasKit contains malformed images and bounds both decode caches (5.505667ms)
✔ CanvasKit translates a present missing-picture op without a profile gate (4.667208ms)
✔ CanvasKit form replay accepts the canonical LayerTree form type names (2.1ms)
✔ PageLayerTree bridge verifies the returned profile instead of relabeling it (0.845958ms)
✔ CanvasKit replay planes match native Skia direct z-order contract (0.107542ms)
✔ CanvasKit replay plane helper classifies PageLayerTree ops by wrap (0.175333ms)
✔ CanvasKit replay plane helper lets LayerNode metadata override non-image ops (0.112708ms)
✔ CanvasKit replay plane caps master-page layers at behindText (#2318) (0.094417ms)
✔ CanvasKit renderer source replays the root once per replay plane (1.386334ms)
✔ PageRenderer uses filtered canvas layers for background, behind, and front planes (0.912709ms)
✔ [#5763] PageRenderer skips the flow-static split when an opaque flow fill sits under a flow image (0.416167ms)
✔ CanvasKit and comparison canvas bitmap extents preserve fractional page edges (0.830166ms)
✔ PageRenderer prefers lightweight overlay summary before full PageLayerTree fallback (13.83075ms)
✔ PageRenderer skips full flow-image JSON when the summary has no flow images (0.500208ms)
✔ CanvasView forwards text-edit invalidation as static overlay reuse context (3.729125ms)
✔ #3137 stable text edit forwards a validated focused patch to partial Canvas replay (1.481334ms)
✔ CanvasView coalesces text-edit invalidations before rerendering a page (0.737625ms)
✔ CanvasView verifies reused static layers after text-edit idle (0.625625ms)
✔ PageRenderer reuses static overlay canvases only when the overlay key matches (1.954458ms)
✔ PageRenderer reuses layer summaries on the text-edit fast path (2.064542ms)
✔ PageRenderer splits flow static images before the first Canvas2D flow render (40.968458ms)
✔ PageRenderer builds quarter-turned flow image frames with pre-rotation dims (#6099) (0.46025ms)
✔ PageRenderer prefers the narrow flow-image query and keeps the full-tree fallback (0.32775ms)
✔ PageRenderer hands the flow-image URL cache the document identity at the load boundary (0.331916ms)
✔ CanvasView notifies the renderer of the document boundary (0.373667ms)
✔ PageRenderer keeps the flow-image URL cache across edits and releases only on dispose (0.57625ms)
✔ PageRenderer deferred image rerender preserves static layer reuse policy (6.508292ms)
✔ 순수 RawSvg 프리페치는 PageLayerTree bbox 계약으로 SVG URL을 만든다 (0.520583ms)
✔ CanvasView gives visible work precedence over deferred prefetch work (2.831708ms)
✔ CanvasView falls back from failed CanvasKit readiness only for auto requests (0.875166ms)
✔ ViewportManager coalesces scroll events to one animation frame (0.306958ms)
✔ WasmBridge exposes flow split filtered render layer kinds (0.648709ms)
✔ PageLayerTree bridge normalizes canonical build/debug option metadata (0.804292ms)
✔ CanvasKit replay bridge fallback keeps compat on direct replay contract (0.801334ms)
✔ CanvasKit image replay cache key includes payload fingerprint with repeated image refs (3.505875ms)
✔ CanvasKit image crop source follows the same HWPUNIT crop scale as SVG replay (0.434666ms)
✔ image crop scale follows the rust fallback chain for both studio backends (0.274708ms)
✔ CanvasKit image crop source honors issue2817 imgDim coordinates (0.082708ms)
✔ CanvasKit image placement follows layer fill-mode anchors (0.180916ms)
✔ CanvasKit image fill-mode tiling detection stays explicit (0.131292ms)
✔ CanvasKit image TOTAL fill stretches like fitToSize (0.156916ms)
✔ GlyphOutline advanced payload gates reject richer payloads by default (0.656959ms)
✔ GlyphOutline payload resource keys keep payload families and palettes disjoint (0.731083ms)
✔ GlyphOutline payload resource keys are suppressed for incomplete payloads (0.137542ms)
✔ GlyphOutline COLRv1 gate reports unsupported graph node kind exactly (8.65375ms)
✔ GlyphOutline COLRv1 gradient graph subset can pass the explicit gate (26.435916ms)
✔ CanvasKit renderer diagnostics keep GlyphOutline payload reject reasons visible (1.19775ms)
✔ 4-layer 4쪽의 34% 배치는 예산 이내이면 모두 raw DPR을 유지한다 (3.564041ms)
✔ 단일 Canvas 페이지는 보수적 fallback 4가 있어도 실제 layerCount 1로 계산한다 (0.297458ms)
✔ 열 수가 아니라 실제 surface 비용으로만 조정 여부를 결정한다 (0.367958ms)
✔ 예산 초과분은 DPR 1로 직행하지 않고 모든 후보를 1.5로 먼저 낮춘다 (0.246709ms)
✔ retained 예산은 visible 품질보다 화면 밖 prefetch를 먼저 낮춘다 (0.235917ms)
✔ 기본 예산은 100% 두 쪽을 보존하고 초과한 prefetch만 낮춘다 (0.206167ms)
✔ 같은 단계에서는 편집 쪽에서 가장 먼 페이지를 먼저 조정한다 (0.167833ms)
✔ 편집 페이지는 예산을 충족할 수 없는 경우에도 raw DPR을 유지한다 (0.139417ms)
✔ scroll interaction lock은 실제 surface DPR을 예산·히스테리시스보다 우선해 유지한다 (0.22825ms)
✔ interaction lock은 편집 focus의 raw DPR 보호를 낮추지 않는다 (0.183ms)
✔ 포커스가 이동하면 새 편집 쪽은 즉시 raw DPR로 승격된다 (0.245459ms)
✔ 예산 히스테리시스는 경계에서 이전 demotion을 유지하고 여유가 생기면 복원한다 (0.272833ms)
✔ DPR 3은 3을 보존하고 필요할 때 2, 1.5, 1 순서로 낮춘다 (0.148459ms)
✔ print와 highQuality는 surface 예산으로 낮추지 않는다 (0.18125ms)
✔ CanvasView는 가시 집합과 포커스 변경 후 budget plan을 갱신한다 (1.367167ms)
✔ renderer baseline은 문서 웹폰트 준비 뒤에 Canvas를 렌더링한다 (3.382917ms)
✔ auto selects CanvasKit only after a complete eligible document preflight (1.962084ms)
✔ auto fails closed for ineligible and incomplete document reports (0.29125ms)
✔ auto rejects mismatched preflight mode and profile before CanvasKit initialization (0.370917ms)
✔ surface preflight transforms stay lazy and document resources prepare before selection (2.283916ms)
✔ auto re-evaluation permits text marks and structural control markers (0.532667ms)
✔ fixed backends bypass auto preflight while distinguishing default and explicit diagnostics (0.327833ms)
✔ revision invalidation prevents stale decisions from becoming current (0.345833ms)
✔ revision invalidation during document preparation returns a superseded Canvas2D selection (0.322084ms)
✔ auto mutations pin Canvas2D without rescanning until the caller re-evaluates (0.248833ms)
✔ CanvasKit initialization and resource failures converge on explicit Canvas2D fallbacks (0.646ms)
✔ CanvasKit initialization retries at a new document boundary (0.263833ms)
✔ RendererSession owns and disposes CanvasKit exactly once (0.46725ms)
✔ icon toolbar keeps one desktop-density row around a single command track (1.976375ms)
✔ icon toolbar reuses one DOM authority inside a native horizontal viewport (0.839334ms)
✔ style ribbon has only measured one-row and two-row structures (0.566083ms)
✔ style ribbon boundaries are content-derived and paragraph overflow never adds a third row (0.523166ms)
✔ desktop style ribbon uses the menu text visual anchor without spending compact width (1.332042ms)
✔ 제품 경로 동작 계약: history-100 (#7020/#6600) (1161.886709ms)
✔ 제품 경로 동작 계약: history-50 (#7020/#6600) (1116.900458ms)
✔ 제품 경로 동작 계약: history-fallback (#7020/#6600) (1080.008791ms)
✔ 제품 경로 동작 계약: font (#7020/#6600) (896.670834ms)
✔ 기존 결함 음성 대조: fixed-budget (933.258291ms)
✔ 기존 결함 음성 대조: drop-engine-chain (627.751584ms)
✔ 기존 결함 음성 대조: restore-excluded-face (345.869458ms)
✔ 문서 화면이 새로 서면 눈금자에게 알린다 (1.605167ms)
✔ 눈금자는 문서 로드 알림에 크기·paint를 함께 처리하는 갱신을 예약한다 (0.123583ms)
✔ 실제 Ruler의 pointer 입력·취소·commit 계약 (1133.313333ms)
✔ A4 155%에서 20cm 라벨은 보이고 21cm 끝 라벨은 숨긴다 (3.201041ms)
✔ 끝 tick 안쪽이라도 라벨 폭이 용지 경계를 넘으면 숨긴다 (0.09175ms)
✔ 잘못된 좌표나 음수 크기는 표시하지 않는다 (0.081292ms)
✔ △는 쪽 여백만 커밋한다 — 문단 필드가 페이로드에 없다 (13.315916ms)
✔ ▽는 문단 들여쓰기만 커밋한다 — marginLeft 를 같이 쓰지 않는다 (0.342625ms)
✔ 그리는 식과 되돌리는 식이 왕복한다 (좌/우 쪽 여백, zoom 무관) (1.618625ms)
✔ 그리는 식과 되돌리는 식이 왕복한다 (첫 줄 들여쓰기) (1.500417ms)
✔ △ 는 쪽 기준, ▽ 는 문단 기준 — 서로의 기준 좌표에 영향받지 않는다 (5.251125ms)
✔ 내어쓰기(indent<0)의 ▽ 는 marginLeft 자리에 그대로 있다 (0.100583ms)
✔ 0 아래로는 clamp — 종이 밖 여백과 marginLeft 왼쪽의 첫 줄은 만들 수 없다 (0.095ms)
✔ HWPUNIT 은 가까운 쪽으로 반올림한다 — 안 움직인 드래그가 값을 깎지 않게 (0.095459ms)
✔ 제본 여백이 있으면 본문 경계에서 그만큼 빼고 marginLeft 로 되돌린다 (0.719583ms)
✔ 맞쪽 제본 짝수 쪽에서는 왼쪽 핀이 marginRight 를 바꾼다 (0.170958ms)
✔ 맞쪽 짝수 쪽에서는 제본 여백이 오른쪽 경계에 붙는다 (0.370167ms)
✔ 빈 눈금자 띠는 문서 영역에 그림이 있어도 캡처 검사에서 실패한다 (25.063ms)
✔ 한 축만 그려진 화면은 통과시키지 않는다 (6.91275ms)
✔ 두 눈금자에 그림이 있고 표시·정렬이 맞으면 snapshot을 기록한다 (3.782667ms)
✔ 그림이 있어도 숨김·grid 이탈·정렬 오류·outer overflow는 실패한다 (58.295541ms)
✔ 실제 Ruler의 bitmap 크기 변경·paint 갱신 계약 (1059.50575ms)
✔ 대표 배율의 숫자와 세부 눈금은 최소 화면 간격을 지킨다 (8.207166ms)
✔ 배율을 높이면 눈금 단위는 같거나 더 촘촘해진다 (0.264541ms)
✔ 잘못된 배율도 유한한 표시 단계로 정규화한다 (0.148ms)
✔ 눈금자 20px grid는 모바일·낮은 높이에서도 반응형 override로 교체되지 않는다 (6.277541ms)
✔ 상시 표시는 인쇄의 눈금자 숨김 계약을 바꾸지 않는다 (1.929291ms)
✔ 모바일 문서 스크롤과 확대 제스처를 유지한다 (0.207125ms)
✔ exported impl inventories every public mutable method without camelCase guessing (13.440584ms)
✔ comments, strings, private methods and non-exported impls cannot create exports (0.437959ms)
✔ module and cfg attributes preserve the enclosing exported impl context (2.824583ms)
✔ empty, malformed and unsupported mutable inventories fail closed (0.526375ms)
✔ 선택한 SaveFormat 하나가 대응하는 exporter만 호출한다 (7.4635ms)
✔ 암호 저장은 HWP/HWPX 전용 serializer만 호출한다 (0.301291ms)
✔ 명시 저장은 HWP/HWPX reported exporter를 고르고 HML만 보고서 없음으로 둔다 (0.30325ms)
✔ 암호 명시 저장도 같은 reported artifact 경계를 사용한다 (1.77275ms)
✔ fallback 파일명은 선택한 HML/HWP/HWPX 확장자를 정확히 적용한다 (22.140917ms)
✔ 원본 HML은 변환 저장 이력이 없으면 HML 이름으로 다른 이름 저장을 강제한다 (15.607625ms)
✔ HWPX로 변환 저장한 HML은 이후 Ctrl+S에서 HWPX 대상을 유지한다 (0.400125ms)
✔ HML로 저장한 HML은 이후 Ctrl+S에서 같은 HML 대상을 유지한다 (3.810625ms)
✔ 저장된 HML은 capability가 사라지면 두 번째 Ctrl+S에서 형식을 다시 선택한다 (0.378583ms)
✔ 확장자가 HWP여도 새로 연 HML 원본 handle은 변환 대상으로 오인하지 않는다 (1.861708ms)
✔ 새 문서로 다시 연 handle은 이전 HML 변환 저장 표식을 지운다 (0.143125ms)
✔ 기존 HWP/HWPX 문서는 출처 포맷 저장 동작을 유지한다 (0.207167ms)
✔ 관찰은 this·인수·반환 값과 원래 prototype descriptor를 보존한다 (1.817208ms)
✔ 관찰은 동일 Promise와 thrown undefined까지 보존한다 (2.526583ms)
✔ 관찰 실패·해제가 제품 결과나 다른 wrapper를 바꾸지 않는다 (0.25375ms)
✔ 늦은 generation·완료 이후 counter/mark는 다음 interaction을 오염시키지 않는다 (0.533709ms)
✔ 완료는 명시적 readiness가 필요하고 timeout/중단을 성공으로 세지 않는다 (0.428541ms)
✔ 기록·span·frame buffer는 bounded이며 snapshot은 독립 복사다 (0.416333ms)
✔ surface 비용은 실제 다층·익명 pool dimension 합이며 명목 DPR을 곱하지 않는다 (0.179792ms)
✔ 예산 gate로 materialize하지 않은 선택 retained 후보는 완료 대기 대상에서 제외한다 (0.151291ms)
✔ 관찰 완료는 queue뿐 아니라 scroll 정착 callback까지 기다린다 (0.140375ms)
✔ scroll setter 뒤 이전 visibility는 완료가 아니며 scope·zoom·양축 ack가 모두 필요하다 (0.256958ms)
✔ cold DOM image·decode 실패를 완성으로 보지 않고 오래된 문서/request를 기각한다 (0.183333ms)
✔ fallback으로 job이 없어져도 관찰된 pending/실패를 준비 완료로 승격하지 않는다 (0.115833ms)
✔ section-settings-dialog.ts onConfirm()은 columnSpacing을 0 이상으로 clamp한다 (1.89575ms)
✔ section-settings-dialog.ts onConfirm()은 defaultTabSpacing을 0 이상으로 clamp한다 (0.533916ms)
✔ 중첩 안쪽 셀의 문단 0 끝 → 문단 1 시작 선택이 뒤바뀌지 않는다 (데이터 손실 방지) (2.518667ms)
✔ 서로 다른 안쪽 셀은 경로의 안쪽 cellIndex 로 정렬한다 (0.136958ms)
✔ depth 1 (비중첩) 셀 정렬은 불변이다 (회귀 대조군) (0.089042ms)
✔ 본문 정렬은 불변이다 (회귀 대조군) (0.078083ms)
✔ 본문↔셀 혼합 정렬은 불변이다 (회귀 대조군) (0.09675ms)
✔ comparePositions 는 반대칭·반사적이다 (0.086542ms)
✔ 두 endpoint page hint가 있으면 Ex options로 조회한다 (4.96475ms)
✔ page hint가 없거나 불완전하면 positional API를 유지한다 (0.521208ms)
✔ 구버전 WASM에 Ex가 없으면 hints가 있어도 positional로 복구한다 (0.212084ms)
✔ 중첩 셀은 전체 path와 endpoint page hint를 Ex options로 전달한다 (3.984041ms)
✔ 중첩 셀 page hint가 없으면 같은 path positional API를 유지한다 (0.181625ms)
✔ 한컴 호환 장평 단축키를 영문 키로 매핑한다 (9.860042ms)
✔ 한컴 호환 자간 단축키를 영문 키로 매핑한다 (0.23ms)
✔ 한글 입력 모드 장평/자간 단축키를 매핑한다 (0.181417ms)
✔ IME pending 상태처럼 key가 Process여도 code로 장평/자간 단축키를 판별한다 (0.1625ms)
✔ 한글 IME의 Ctrl+A를 물리 KeyA로 모두 선택에 매핑한다 (0.159375ms)
✔ 한글 IME의 Ctrl+Shift+S를 물리 KeyS로 다른 이름으로 저장에 매핑한다 (0.09025ms)
✔ 완전히 같은 단축키 슬롯은 서로 다른 커맨드에 중복 배정하지 않는다 (1.6145ms)
✔ macOS 영문 입력 Option+G의 © 문자 값도 물리 KeyG로 찾아가기를 실행한다 (0.186666ms)
✔ 표 줄/칸 추가·지우기 단축키는 대화상자 명령으로 매핑한다 (0.3945ms)
✔ 확대·축소는 노트북에서도 가능한 Ctrl/Command +/-로 통일한다 (0.340041ms)
✔ 기본 도구 상자 접기/펴기는 한컴 호환 Ctrl/Command+F1로 매핑한다 (1.320291ms)
✔ 주석 속 선언 인용은 매치되지 않는다 (디코이 차단) (1.064125ms)
✔ 실제 선언과 문자열은 보존된다 (0.1345ms)
✔ 줄 구조가 보존된다 — 진단 줄 번호 유지 (0.104458ms)
✔ 시작 진입점은 ?url= 로드와 자동저장 복구 뒤에 빈 문서를 연다 (2.042625ms)
✔ 빈 문서 자동 생성은 이미 열린 문서와 embed 프로파일을 건드리지 않는다 (0.742916ms)
✔ 문서 열기는 파싱 전에 빈 쪽 상태로 만든다 (0.506916ms)
✔ 열기 실패는 이전 문서 뷰를 되살린다 (0.603792ms)
✔ parses the font-native static SVG path subset (3.96225ms)
✔ inherits currentColor from the glyph paint style (0.487208ms)
✔ rejects active, external, escaped, and malformed SVG payloads (17.613ms)
✔ 스타일 이름 상한은 u16 캐스팅이 랩어라운드되는 65536보다 충분히 작다 (20.1955ms)
✔ style toolbar uses ordered field and command groups (10.676875ms)
✔ style toolbar shows its default before a document is loaded (7.011125ms)
✔ formatting surface preserves ribbon hierarchy while captions stay visually compact (5.898458ms)
✔ paragraph commands keep one DOM authority across inline and overflow layouts (2.749375ms)
✔ only real menus retain dropdown affordances (0.853ms)
✔ two-row ribbon keeps the fixed 136px font field and 460px command contract (0.804125ms)
✔ mobile font size field uses one cohesive control shell (37.5325ms)
✔ font size unit shares the input surface instead of the spinner surface (0.849958ms)
✔ alignment icons use the shared theme-aware mask contract (3.283167ms)
✔ style toolbar breakpoints share the measured Stage 1 constants (3.340292ms)
✔ overflow controller keeps the existing paragraph button authority (0.857417ms)
✔ pointer commands preserve editor focus and keyboard commands return to the trigger (0.176834ms)
✔ optional chrome initialization is a no-op when the container is absent (0.209666ms)
✔ 스타일 삭제는 snapshot 으로 기록된다 (5.29975ms)
✔ 스타일 다이얼로그는 모달 중 도달 불가한 history-jumped 를 구독하지 않는다 (0.490167ms)
✔ 스타일 생성·수정은 모양 적용까지 한 스냅샷으로 원자화되고 실제 실패 신호만 처리한다 (12.05525ms)
✔ 스타일 WASM 반환 계약은 생성 성공 ID와 기존 ID 갱신 실패를 구분한다 (3.94575ms)
✔ 스타일 다이얼로그 생성 지점이 services 를 넘긴다 (0.650458ms)
✔ 개발용 런타임 import 실패는 Studio 초기화를 중단시키지 않는다 (6.444ms)
✔ 일반 Studio 클래스는 개발용 소켓과 감시자를 소유하지 않는다 (2.071542ms)
✔ 비활성화된 자동 투명선 경로의 고아 이벤트를 남기지 않는다 (3.729834ms)
✔ revision watcher invalidates and repaints exactly once per changed HotFn revision (6.6485ms)
✔ revision watcher does not repaint after disposal or without a Subsecond bundle (0.293709ms)
✔ revision watcher coalesces revisions while animation frames are paused (0.246833ms)
✔ revision watcher keeps watching after a repaint throws (30.057292ms)
✔ a repaint that restarts the watcher leaves exactly one scheduled frame (0.404792ms)
✔ a stopped revision watcher releases its frame and starts again (3.197166ms)
✔ render capabilities stay silent on a plain WASM build and follow the current document (0.32025ms)
✔ development render runtime owns one watcher and releases it for a later realm setup (0.428666ms)
✔ devtools websocket forwards patch messages and reconnects without reloading (0.428875ms)
✔ the studio describes exactly the outcome codes the engine declares (0.217375ms)
✔ applied patch outcome has one source shared by diagnostics and accumulation (0.119708ms)
✔ every devserver outcome reaches a reporter instead of being discarded (0.252834ms)
✔ each outcome is rendered as its own line that names where to look next (0.213833ms)
✔ an outcome the runtime does not know is surfaced instead of ignored (1.383334ms)
✔ a global failure after a dispatched patch is reported, and one before it is not attributed (7.38025ms)
✔ devtools websocket resets its reconnect backoff only after a connection that lasted (4.781709ms)
✔ patch accumulation warns that applied patches are never reclaimed (0.4185ms)
✔ patch accumulation keeps warning when the heap cannot be measured (0.359958ms)
✔ devtools websocket counts only applied patches toward the accumulation (0.73375ms)
✔ the dioxus-cli version is derived from the crate, so it cannot drift (4.539875ms)
✔ a drifted or loose pin stops the install instead of fetching the wrong dx (2.307708ms)
✔ hot-patch dev wiring is declared in the manifests and the vite config (1.685042ms)
✔ waits for fonts and measures using the normal substituted descriptor (13.476833ms)
✔ warm batches do not create a context or measure again (4.976959ms)
✔ document/font changes discard responses waiting for fonts (0.3735ms)
✔ disposal and generation counter reuse cannot revive pending data (0.140333ms)
✔ a rejected batch does not cache its preceding successful measurements (0.463208ms)
✔ invalid advances and unsupported clusters are not successes (0.588625ms)
✔ font replacement clears the cache even for identical CSS inputs (0.124458ms)
✔ fonts-ready rejection and unavailable Canvas do not poison a valid cache (0.203792ms)
✔ entry, duplicate and UTF-8 budgets are checked before Canvas work (13.177209ms)
✔ captures requests before awaiting and keys cache by the complete descriptor (0.312125ms)
✔ memory observation keeps peak and released last independently without aliasing (22.214625ms)
✔ invalid memory sample cannot replace peak or corrupt counts (0.542125ms)
✔ 현재 블록에 속하지 않는 코드포인트는 false (2.513417ms)
✔ 편집 후 처리에서 표 리사이즈 런타임 캐시를 무효화한다 (1.467583ms)
✔ 무효화 루틴이 두 캐시 필드를 모두 비운다 (0.122709ms)
✔ undo/redo 도 같은 루틴을 계속 사용한다 (0.181584ms)
✔ 반올림 경계에 걸쳐 갈라진 같은 경계를 하나로 묶는다 (10.280708ms)
✔ 묶여 사라진 좌표도 대표 괘선 인덱스를 가리킨다 (0.267083ms)
✔ 최소 셀 크기만큼 떨어진 두 경계는 묶이지 않는다 (8.537292ms)
✔ 임계를 넘는 좌표는 묶이지 않는다 (0.911084ms)
✔ 한 괘선으로 묶이는 좌표들의 폭은 임계를 넘지 않는다 (0.252875ms)
✔ 빈 입력과 단일 좌표를 처리한다 (0.1865ms)
✔ 입력 순서와 무관하게 같은 결과를 낸다 (0.116458ms)
✔ hitTestBorder 는 computeBorderLines 가 준 인덱스 맵을 쓴다 (0.62475ms)
✔ computeBorderLines 는 병합을 거친다 (0.413541ms)
✔ #2400 UI 114 텍스트 클릭은 현재 page fragment 경계가 아니다 (1.501208ms)
✔ 현재 fragment의 실제 외곽 ±5px 계약은 유지한다 (0.399333ms)
✔ 표 경계와 선택 표 hit 경로가 pointer page를 bbox 조회에 전달한다 (0.58725ms)
✔ populateBorderFromTarget 은 굵기/색/선종류 컨트롤을 문서 테두리 값으로 동기화한다(#2908) (3.932625ms)
✔ Ctrl 가로: 선택 열의 모든 행 셀에 같은 widthDelta 가 붙는다 (7.076125ms)
✔ Ctrl 세로: 선택 행의 모든 열 셀에 heightDelta, ↑ 는 음수 (9.925584ms)
✔ Ctrl: 병합 셀은 걸친 선택 칸 수만큼 delta 를 받아 저장 폭이 동기화된다 (6.01575ms)
✔ Ctrl: 선택 범위가 병합 셀을 두 칸 걸치면 2×delta (0.228708ms)
✔ Alt/Shift+Arrow는 빈 resize handler에 삼켜지지 않고 셀 탐색을 수행한다 (1035.652458ms)
✔ table:cell-width-equal은 저장 불가능한 projection과 blocking UI를 만들지 않는다 (2.28675ms)
✔ table:cell-height-equal은 저장 불가능한 projection과 blocking UI를 만들지 않는다 (1.185625ms)
✔ 균등화 command routing은 포맷이 저장할 수 없는 geometry를 비활성화한다 (0.384959ms)
✔ 표 만들기 상세 대화상자의 기본값은 글자처럼 취급 해제이다 (10.757916ms)
✔ 줄/칸 지우기는 삭제 후 커서를 보정한다 (return pos 단독 금지) (1.500959ms)
✔ clampedCellAfterDelete는 범위 clamp + bbox 역조회 + 소멸 가드를 갖춘다 (1.112417ms)
✔ hover 가 pageHint 불일치를 early return 으로 처리하는 구조가 아니어야 한다 (#4117) (77.826375ms)
✔ pageHint 는 채움 지점들이 pageIdx 로 기록한다 (2.462625ms)
✔ Tab in a table cell uses cell navigation before inserting a tab character (3.061708ms)
✔ Tab in the last table cell inserts a row before exiting the table (1.356334ms)
✔ Backward table exit lands on the table paragraph start mark (0.945958ms)
✔ 셀 선택 모드 Shift+경계선 클릭은 drag를 열지 않고 범위 선택에 남는다 (8.050167ms)
✔ 표 경계 hover는 hitTest 실패 시 직전 bbox 캐시로 경계선을 다시 판정한다 (1.262ms)
✔ 표 경계 mousedown은 hover 캐시가 없으면 새 table bbox를 만들지 않는다 (1.244792ms)
✔ 표 경계 hover는 셀 선택 없이도 choke point로 캐시를 채운다 (#4117) (1.876583ms)
✔ 셀 선택 경로의 bbox 조회도 현재 페이지를 hint 로 전달한다 (#4117) (0.439208ms)
✔ 표 경계 hitTest는 교차점에서 행 경계 선반환으로 컬럼 resize를 막지 않는다 (0.442708ms)
✔ drag 중 Shift 입력은 persistent resize를 local projection으로 승격하지 않는다 (0.755042ms)
✔ Shift 단일 셀 resize target 판정은 hover와 같은 경계 허용폭을 사용한다 (0.734666ms)
✔ persistent drag marker와 finish는 Shift modifier로 projection owner를 바꾸지 않는다 (0.677625ms)
✔ 저장 불가능한 drag guard는 blocking UI 없이 WASM mutation 전에 종료한다 (0.46425ms)
✔ 세로 병합 셀은 시작 행이 선택 범위 밖이어도 하위 행 선택과 겹친다 (0.228583ms)
✔ 가로 병합 셀은 시작 열이 선택 범위 밖이어도 하위 열 선택과 겹친다 (0.115375ms)
✔ 선택 범위와 겹치지 않는 셀은 여전히 제외된다 (0.08425ms)
✔ finishResizeDrag 선택 셀 필터는 overlap 판정을 사용한다 (0.277416ms)
✔ 병합 셀 열 드래그는 걸친 모든 행의 오른쪽 이웃을 보상한다 (0.255583ms)
✔ 일반 모드 경계 드래그 보상 이웃은 병합 셀이 걸친 모든 줄을 쓴다 (1.586333ms)
✔ 병합 없는 표의 열 드래그 보상은 기존과 같다 (0.264916ms)
✔ #4272 중첩 표 객체는 마지막 엔트리를 control, prefix를 owner path로 사용한다 (1.800834ms)
✔ #4272 본문 표 객체는 기존 ref.ci와 빈 owner path를 유지한다 (0.083667ms)
✔ #4272 키보드 표 복사는 dispatcher를 거쳐 canonical 주소 변환을 사용한다 (13.178875ms)
✔ 표/셀 속성 다이얼로그 onConfirm은 스냅샷으로 undo 기록된다 (5.535958ms)
✔ 셀 테두리/배경 다이얼로그 onConfirm은 속성쌍 역연산 커맨드로 undo 기록된다 (#5959) (0.501833ms)
✔ 두 다이얼로그 진입점 모두 CommandServices를 전달한다 (1.873583ms)
✔ 첫 hover 는 현재 페이지를 hint 로 1회 조회하고 캐시를 채운다 (#4117) (13.090625ms)
✔ 같은 표 위 이동은 엔진을 다시 부르지 않는다 — task 2010 계약 (#4117) (0.39325ms)
✔ 여러 쪽에 걸친 표: 캐시가 요구 페이지를 담고 있으면 hint 가 달라도 재조회하지 않는다 (3.532833ms)
✔ 캐시에 없는 페이지를 요구하면 그 페이지를 hint 로 재조회한다 (뒤 페이지에서 시작한 표) (0.149834ms)
✔ 다른 표로 넘어가면 재조회하고 캐시를 교체한다 (0.145375ms)
✔ 빈 결과는 (표, 페이지)당 1회만 시도한다 — 이동마다 재시도 금지 (#4117) (0.099959ms)
✔ 예외도 실패 메모로 흡수한다 (0.108042ms)
✔ 서로 다른 페이지의 실패를 각각 기억해 어느 페이지도 반복 조회하지 않는다 (8.781917ms)
✔ 다른 경로의 성공 cache는 같은 표·페이지의 과거 실패를 해제한다 (0.880708ms)
✔ 문서 변경(clearTableResizeRuntimeCache 모사) 뒤에는 다시 시도한다 (2.496583ms)
✔ undo/redo는 표 resize 런타임 캐시를 비운다 (4.214083ms)
✔ 표 resize 런타임 캐시 정리는 bbox와 marker 상태를 함께 비운다 (1.380958ms)
✔ 문서 전환 이벤트도 표 resize 런타임 캐시 정리 helper를 사용한다 (1.865125ms)
✔ flat 스킨 CSS의 모든 규칙은 data-theme-skin="flat" 스코프 아래에 있다 (2.964958ms)
✔ flat 스킨의 라이트 팔레트는 다크 모드를 덮지 않도록 가드된다 (0.506583ms)
✔ 보기 메뉴와 FOUC 스크립트가 flat 스킨을 안다 (1.72475ms)
✔ oldschool 스킨 CSS의 모든 규칙은 data-theme-skin="oldschool" 스코프 아래에 있다 (0.446ms)
✔ oldschool 스킨의 라이트 팔레트는 다크 모드를 덮지 않도록 가드된다 (0.374167ms)
✔ 보기 메뉴와 FOUC 스크립트가 oldschool 스킨을 안다 (0.517417ms)
✔ 보기 메뉴는 기본(클래식) 스킨 항목을 노출한다 (0.40825ms)
✔ 첫 실행 스킨 안내는 skinChosen=false 일 때만 표시 대상이다 (50.434791ms)
✔ 스킨 CSS 는 하드코딩 색 폴백 없이 토큰만 참조한다 (다크에서 밝은 값 노출 방지) (0.436208ms)
✔ 올드스쿨 스킨은 다크 모드용 베벨 토큰을 별도로 정의한다 (0.335791ms)
✔ 올드스쿨 스킨의 단일 행 서식 바는 양쪽 베벨을 포함해 36px을 유지한다 (0.328542ms)
✔ 툴바 글자 크기 입력은 char-shape-dialog와 동일하게 1~4096pt로 clamp한다 (10.308625ms)
✔ 툴바 줄 간격 직접입력/증가버튼은 format:line-spacing-increase 커맨드와 동일하게 500%로 clamp한다 (12.559542ms)
✔ 백분율이 아닌 줄 간격에서는 툴바 목록을 비운다 (20.169125ms)
✔ 백분율 갈래가 비우기 갈래로 흘러내리지 않는다 (5.333042ms)
✔ 줄 간격 적용은 select 의 change 에 달려 있다 (1.261042ms)
✔ 글꼴 메뉴는 문서 글꼴을 기본으로 열고 시스템 글꼴은 명시 선택 때만 조회한다 (1.525208ms)
✔ 한컴형 글꼴 메뉴는 범주 목록과 기존 글꼴 적용 이벤트를 함께 사용한다 (4.155417ms)
✔ 시스템 글꼴 목록은 고정 높이 메뉴 안에서 스크롤된다 (0.335958ms)
✔ 로컬 글꼴 재감지는 캐럿 글꼴이 아니라 문서 전체 글꼴 목록을 보존한다 (0.116666ms)
✔ 도구 상자 설정은 루트 표시 상태와 메뉴 체크 상태를 함께 맞춘다 (8.745375ms)
✔ 도구 상자 메뉴 항목은 체크 상태를 가진 활성 항목이다 (6.270416ms)
✔ 메뉴바 우측 버튼은 기본 도구 상자 커맨드와 접근성 상태를 공유한다 (10.895083ms)
✔ 숨김 규칙과 첫 페인트 초기화는 같은 data 속성을 쓴다 (0.966459ms)
✔ 책갈피 관리 op 는 wasm 직접 호출이 아니라 snapshot 으로 라우팅한다 (1.912042ms)
✔ 셀 숫자 서식은 deleteTextInCell/insertTextInCell 를 직접 호출하지 않고 라우팅한다 (7.27375ms)
✔ 세 서식 op 는 delete+insert 를 하나의 cellNumberFormat snapshot 으로 원자화한다 (0.78475ms)
✔ InsertTextCommand.undo 는 삭제 count 를 charCount 로 계산한다 (1.064958ms)
✔ command.ts 의 삭제 count 에 UTF-16 length 를 넘기는 호출이 없다 (1.059125ms)
✔ undo 는 조각 복원또는 스냅샷 복원에 위임한다 (1.750917ms)
✔ 스냅샷 커서 인자는 (cursorBefore=end, cursorAfter=start) 순서다 (0.4405ms)
✔ undo 가 텍스트 재조립으로 되돌아가지 않는다 (1.26775ms)
✔ 스냅샷 예산에 참여한다 (0.495625ms)
✔ [#5769] deferRecord 는 반환 위치로 JS 커서를 동기한다 (1.658917ms)
✔ finishPictureRotateDrag 는 회전각 변경을 executeOperation record 로 기록한다 (1.315834ms)
✔ finishLineEndpointDrag 는 끝점 이동을 executeOperation record 로 기록한다 (0.159375ms)
✔ onMouseUp 은 직선 끝점 종료를 finishLineEndpointDrag 로 위임한다(인라인 정리 금지) (0.22175ms)
✔ bringShapeToFront 는 z순서 변경을 executeOperation command(SetZOrderCommand)로 기록한다 (0.82225ms)
✔ 커맨드 클래스 execute/undo 행위 (자식 프로세스 로드) (481.775542ms)
✔ 누름틀 삽입(insert:field)은 snapshot 으로 라우팅되고 실패 시 엔트리를 만들지 않는다 (6.873416ms)
✔ 누름틀 고치기(field:edit)는 snapshot 으로 라우팅된다 (0.252667ms)
✔ 누름틀 지우기(removeCurrentField)는 일반=snapshot / 양식=방어적 직접 분기다 (3.230625ms)
✔ SetFormValueCommand 는 배치 역연산(execute=after, undo=before 역순)이다 (4.144791ms)
✔ recordFormValueChanges 는 kind:record + no-op 필터로 기록한다 (1.325459ms)
✔ 양식 값 쓰기 4곳(체크박스/라디오/콤보/편집)이 record 로 배선된다 (1.562959ms)
✔ 편집 필드 Escape는 blur가 뒤따라도 취소로 끝난다 (0.280583ms)
✔ formula-dialog 는 services 주입 + tableFormula snapshot 라우팅 + fallback 을 갖춘다 (11.407917ms)
✔ commit + 쉼표 insert 는 하나의 commit 클로저로 원자화되고 dry-run 은 밖에 있다 (2.726042ms)
✔ InsertFieldInHeaderFooterCommand 는 마커 삭제로 역연산하고 HF editContext 를 노출한다 (9.888459ms)
✔ insertHfField 는 native가 보고한 marker 범위를 record 로 기록한다 (0.361125ms)
✔ handleUndo/handleRedo 는 resetDerivedStateAfterHistoryJump 로 파생 상태를 무효화한다 (10.000584ms)
✔ resetDerivedStateAfterHistoryJump 는 3종 파생 상태 해제 + history-jumped emit 한다 (0.318792ms)
✔ emit('history-jumped') 은 커서 이동(moveTo) 앞에 위치한다 (0.297166ms)
✔ find-dialog 는 history-jumped 를 구독해 currentHit 을 무효화하고, 닫을 때 해제한다 (0.304333ms)
✔ 양식 모드에서 file:page-setup 은 차단된다(#2361 리뷰 — snapshot 드롭 무언 폐기 방지) (4.6225ms)
✔ page-setup-dialog.ts 는 services 주입 + 공용 헬퍼 라우팅 + fallback 을 갖춘다 (4.503167ms)
✔ section-settings-dialog.ts 는 services 주입 + 공용 헬퍼 라우팅 + fallback 을 갖춘다 (1.652083ms)
✔ column-settings-dialog.ts 는 services 주입 + 공용 헬퍼 라우팅 + fallback 을 갖춘다 (0.387959ms)
✔ page-border-dialog.ts 는 services 주입 + 공용 헬퍼 라우팅 + fallback 을 갖춘다 (0.354209ms)
✔ [#5769 Stage 4→후속2] section-settings 는 현재 구역·문서 전체 모두 속성쌍 커맨드로 역연산화한다 (1.196209ms)
✔ recordObjectMutation 은 executeOperation snapshot 으로 위임한다 (2.310667ms)
✔ 개체 조작 뮤테이터는 recordObjectMutation 인자 안에서만 호출된다 (64.9385ms)
✔ z순서는 역연산 커맨드로 기록한다 — insert.ts 에 직접 뮤테이션이 남지 않는다 (0.338125ms)
✔ services.wasm 을 별칭으로 빼내 가드를 우회할 수 없다 (2.259791ms)
✔ 회전/대칭은 역연산으로 기록한다 (0.529209ms)
✔ 그림·OLE 는 스냅샷을 유지한다 — 속성 왕복이 참인 역연산이 아니다 (0.208958ms)
✔ executeAbsolutePropChange 는 라우터에서 역연산 커맨드를 실행한다 (0.379042ms)
✔ 본문 병합 커맨드는 removedParaMeta 를 캡처해 undo 분할에 되돌린다 (1.663458ms)
✔ HF/FN 병합 커맨드는 인라인 결과의 removedParaMeta 를 받아 undo 분할에 되돌린다 (0.285708ms)
✔ HF/FN 인라인 편집부는 병합 결과의 removedParaMeta 를 커맨드에 넘긴다 (0.425167ms)
✔ MoveTableCommand.undo 는 moveTableOffset 반환값을 캡처해 this.ppi/this.ci 를 갱신한다 (13.853417ms)
✔ MoveTableCommand.execute 도 여전히 moveTableOffset 반환값으로 resultPpi/resultCi 를 갱신한다 (회귀 가드) (0.250792ms)
✔ 셀 문단 인덱스는 단일 헬퍼로 cellPath 축에서 읽는다 (1.554541ms)
✔ 셀 문단 커맨드가 flat cellParaIndex 를 직접 쓰지 않는다 (0.337583ms)
✔ 중첩 셀 병합은 길이 조회도 ByPath 축으로 읽는다 (0.338958ms)
✔ afterEdit 이 document-mutated·document-changed 를 모두 emit 한다(전제) (11.652083ms)
✔ 누름틀 넣기·고치기는 수동 document-mutated 를 다시 emit 하지 않는다 (1.378166ms)
✔ 셀 숫자 서식 3종은 safeTableOp 을 겹쳐 감싸지 않는다 (2.632458ms)
✔ SnapshotCommand 는 operation 이 null 을 반환하면 스냅샷을 버리고 noOp 를 세운다 (2.55575ms)
✔ CommandHistory.execute 는 isNoOp 명령을 스택에 넣지 않고 redo 도 보존한다 (1.4465ms)
✔ executeOperation 의 snapshot 분기는 무변경이면 커서 이동·리프레시를 건너뛴다 (1.180375ms)
✔ 경계 z순서는 Rust 응답의 빈 moves 로 무변경을 보고한다 (1.3035ms)
✔ 레이아웃 setter 의 {ok:false} 는 도달 불가 — 없는 신호를 검사하지 않는다 (3.549625ms)
✔ 미주 모양은 값이 안 바뀌면 뮤테이션도 기록도 하지 않는다 (0.316334ms)
✔ 선택 해제가 뒤따르는 개체 조작은 스냅샷 리프레시를 넘긴다(중복 repaint 방지) (0.789542ms)
✔ new-number-dialog.ts 는 services 주입 + snapshot 라우팅 + fallback 을 갖춘다 (3.474667ms)
✔ endnote-shape-dialog.ts 는 services 주입 + snapshot 라우팅 + fallback 을 갖춘다 (0.386959ms)
✔ handleUndo 는 히스토리 점프 시 개체/표 선택을 해제한다 (3.201916ms)
✔ handleRedo 는 히스토리 점프 시 개체/표 선택을 해제한다 (1.389625ms)
✔ 선택 해제 헬퍼는 개체·표 선택 모두 정리하고 상태 이벤트를 발행한다 (1.093125ms)
✔ 표 블록계산은 evaluateTableFormula commit 을 snapshot 으로 라우팅한다 (1.731417ms)
✔ Recovery R2: 표 블록계산은 선택 범위 plan 전체를 preflight한 뒤 한 snapshot에서 쓴다 (0.480875ms)
✔ page.ts 다단 설정·문단 감추기는 snapshot 으로 라우팅한다 (22.952875ms)
✔ 설계 전제: SnapshotCommand 는 editContext 를 노출하지 않아 undo 가 서브모드를 이탈한다 (4.119958ms)
✔ 각주/미주/수식 삽입은 snapshot 으로 라우팅된다 (8.114792ms)
✔ HF 구조 조작 3종이 snapshot 으로 라우팅된다 (0.386583ms)
✔ 감추기 2종은 세션 상태라 의도적으로 기록하지 않는다 (0.190459ms)
✔ 개체 속성 비율 유지 설정은 rhwp-settings에 저장된다 (1.785583ms)
✔ PDF 저장 안내 표시 설정은 rhwp-settings에 저장되고 다시 켤 수 있다 (0.257917ms)
✔ 문단부호 표시 설정은 rhwp-settings에 저장된다 (0.27125ms)
✔ 짤림보기(clipView) 설정은 rhwp-settings에 저장되고 기본값은 켜짐이다 (0.197917ms)
✔ 도구 상자 표시 설정은 저장되고 두 도구 상자가 처음에 펼쳐져 있다 (0.211334ms)
✔ 저장된 도구 상자 설정은 다시 시작해도 복원된다 (3.665292ms)
✔ 쪽 배치는 한 쪽이 기본이며 여러 쪽 설정을 정규화해 저장·복원한다 (5.004709ms)
✔ 쪽 이동은 세로가 기본이며 가로 휠 설정을 저장·복원한다 (3.030042ms)
✔ 쪽 배치·이동·맞춤 모드는 한 번의 정규화된 보기 snapshot으로 저장된다 (0.644375ms)
✔ 복구용 자동저장 설정은 rhwp-settings에 저장된다 (0.342083ms)
✔ 스킨 설정은 rhwp-settings에 저장되고 잘못된 값은 default로 정규화된다 (0.200416ms)
✔ skinChosen 도입 이전에 스킨을 고른 사용자는 첫 실행 안내 대상이 아니다 (0.280833ms)
✔ rapid zoom requests coalesce into one eased animation (112.449917ms)
✔ a fine trackpad wheel delta produces a fine animated zoom change (2.561541ms)
✔ vertical-dominant wheel input locks horizontal pan in every delta mode (0.221458ms)
✔ 세로 쪽 이동의 가로 우세 입력은 native 가로 pan을 유지한다 (0.154208ms)
✔ 가로 쪽 이동은 선택했을 때 가로·세로 우세 입력을 모두 좌우 스크롤로 바꾼다 (0.199709ms)
✔ an eight-pixel trackpad gesture settles within four frames and moves nearly five percent (0.335542ms)
✔ wheel zoom emits the pointer anchor and inverse deltas restore zoom (1.998791ms)
✔ zoom in and out controls share the command smooth zoom path (4.964542ms)
✔ CanvasView scales existing pages during zoom and rerenders only after settling (1.335916ms)
✔ InputHandler는 zoom과 resize에서 같은 확정 페이지 좌표로 캐럿·선택을 다시 투영한다 (0.993834ms)
✔ 실제 epsilon 경로: 16ms 간격의 작은 입력 20개는 geometry 20회·최종 ready 1회 (75.879666ms)
✔ 큰 휠 입력: quiet 뒤에도 animation이 남으면 최종 수렴까지 기다린다 (0.495458ms)
✔ 역방향 재입력은 이전 quiet callback을 무효화하고 최종 배율을 보존한다 (0.333542ms)
✔ direct: 명시 조작/무효화는 이전 wheel timer를 남기지 않는다 (0.319792ms)
✔ smooth: 명시 조작/무효화는 이전 wheel timer를 남기지 않는다 (0.264208ms)
✔ cancel: 명시 조작/무효화는 이전 wheel timer를 남기지 않는다 (0.186166ms)
✔ plain-wheel: 명시 조작/무효화는 이전 wheel timer를 남기지 않는다 (0.180083ms)
✔ min/max·delta=0 무효 입력은 timer·ready·새 geometry를 만들지 않는다 (9.101875ms)
✔ meta wheel도 quiet를 사용하며 zoom-changed 재진입 명령은 이전 ready를 취소한다 (0.272583ms)
✔ detach는 입력 timer와 animation을 함께 무효화한다 (0.32ms)
✔ 그리드 모드에서 getPageAtY 는 행의 마지막 쪽을 준다(의도된 의미) (1.99175ms)
✔ getRowFirstPageAtY 는 행의 첫 쪽을 준다 — 상태바가 1쪽을 표시할 수 있어야 함 (0.293625ms)
✔ PageUp 이 이전 행으로 실제로 이동한다 — 행 단위 스텝 (0.332083ms)
✔ 단일 컬럼 모드에서는 종전 동작과 동일하다 (0.18775ms)
✔ horizontal pan coordinates center the page when content overflows (1.79625ms)
✔ no pan space when the content fits inside the viewport (0.20125ms)
✔ pan space is clamped so large screens do not grow the scroll area (0.297292ms)
✔ grid layout keeps its own centering when no pan space is applied (0.375ms)
✔ pointer anchor remains representable across the viewport-width boundary (90.690375ms)
✔ grid mode never receives pan space at any zoom (0.845583ms)
✔ 자동은 절대 배율 gate 없이 표시 geometry로 열 수를 계산한다 (2.533042ms)
✔ 자동은 50% 위에서도 두 쪽 폭이면 2열을 선택하고 50% 전후에 1열을 끼우지 않는다 (0.359458ms)
✔ 자동 열 후보는 실제 페이지 수를 넘지 않고 실제 점유 묶음을 중앙 정렬한다 (0.37425ms)
✔ 자동 열 후보는 잘못된 geometry에 1열로 수렴하고 열 경계에 hysteresis를 적용한다 (0.191416ms)
✔ 같은 VirtualScroll의 자동 열 commit은 연속 zoom/resize 경계 입력에서 왕복하지 않는다 (0.335292ms)
✔ 명시 배치와 문서 교체는 이전 자동 열 commit을 다음 자동 계산에 넘기지 않는다 (0.183875ms)
✔ 한 쪽은 낮은 배율에서도 한 행 한 쪽과 중앙 정렬을 유지한다 (0.164625ms)
✔ 두 쪽은 1-2, 3-4를 같은 행에 놓는다 (0.164458ms)
✔ 맞쪽은 첫 홀수 쪽을 오른쪽에 두고 이후 짝수·홀수를 좌우에 놓는다 (0.195875ms)
✔ 여러 쪽은 지정한 열 수를 줌과 무관하게 유지한다 (0.288958ms)
✔ 크기가 다른 페이지는 동일 슬롯 안에서 가운데 정렬된다 (19.308084ms)
✔ 맞쪽 첫 행의 프리페치는 다음 실제 행 전체를 포함한다 (6.322541ms)
✔ 가로 쪽 이동은 한 쪽씩 한 행에 놓고 뷰포트 높이에서 세로 중앙 정렬한다 (0.288333ms)
✔ 가로 쪽 이동은 가로 가시 범위만 렌더하고 양옆 한 쪽만 프리페치한다 (0.259084ms)
✔ 저배율 페이지 간격은 모든 배치에서 같은 CSS px 하한을 사용한다 (0.177959ms)
✔ 고배율 페이지 간격은 모든 배치 좌표에 배율 비례값으로 반영된다 (0.075ms)
✔ 모든 쪽 배치 snapshot은 기존 선형 AABB·prefetch 결과와 같다 (6.784334ms)
✔ 동일 key는 한 불변 snapshot을 재사용하고 geometry 변경은 같은 좌표도 무효화한다 (0.48375ms)
✔ 큰 세로·가로 문서는 전체 페이지 대신 교차 후보만 조사한다 (6.365167ms)
✔ 행/X hit test는 행 마지막·첫 쪽과 gap의 왼쪽 tie fallback을 보존한다 (0.758584ms)
✔ 행/X hit index는 배치별 기존 선형 fallback 결과를 보존한다 (2.4705ms)
✔ reset은 이전 snapshot과 geometry를 즉시 빈 문서 경계로 바꾼다 (0.279708ms)
✔ 배치 버튼 미선택 시 getSelectedWrap은 원래 textWrap을 보존한다 (1.724875ms)
✔ center anchor stays fixed while content crosses horizontal overflow (4.752667ms)
✔ off-center pointer anchor is reversible (0.555ms)
✔ anchored scroll can preserve a point across viewport resize (1.317708ms)
✔ CanvasView consumes the zoom anchor and corrects both scroll axes (1.39875ms)
✔ CanvasView and ruler consume the stable horizontal coordinate (1.840459ms)
✔ 보기 메뉴와 상태 표시줄 통합 배율 버튼은 같은 확대/축소 대화상자 커맨드를 연다 (2.15275ms)
✔ 대화상자는 한컴 비율·쪽 모양 선택을 제공하고 저장소 디자인 토큰 CSS를 쓴다 (32.742625ms)
✔ 여러 쪽에서는 적용되지 않는 비율 선택을 비활성화한다 (0.280084ms)
✔ 잘못된 사용자 배율은 대화상자를 유지하고 오류 접근성·포커스를 제공한다 (0.487958ms)
✔ 사용자 배율 입력의 Enter는 확인 버튼을 사용하고 종료 시 listener를 제거한다 (0.518792ms)
✔ 메뉴·대화상자는 한 fit metrics helper와 resolver를 공유한다 (0.255584ms)
✔ 확대/축소 적용은 사용자 보기 설정과 보기 이벤트만 바꾸고 문서를 dirty로 만들지 않는다 (0.383125ms)
✔ 상황 선은 한글 2024 순서로 축소·범위·확대·통합 배율 버튼을 제공한다 (0.777625ms)
✔ 상황 선 확대·축소는 플랫폼 단축키를 호버에 표시하고 별도 키 리스너를 만들지 않는다 (1.156875ms)
✔ ViewportManager는 여러 쪽 최소 배율과 500% 프리셋을 모두 허용한다 (0.231291ms)
✔ 한컴 고정 비율 프리셋을 그대로 제공한다 (1.980833ms)
✔ 현재 배율은 한컴 프리셋·맞춤·사용자 정의 순서로 복원된다 (0.959667ms)
✔ 사용자 정의 배율은 한컴 계약인 10~500%로 제한된다 (0.154708ms)
✔ 사용자 정의 배율 제출은 잘못된 값을 보정하지 않고 오류로 돌려준다 (0.21475ms)
✔ 사용자 정의 배율 제출은 10~500% 정수 경계를 정확히 보존한다 (0.127875ms)
✔ 고정·맞춤 배율 선택을 실제 문서 배율로 계산한다 (0.3005ms)
✔ 폭 맞춤은 자동은 한 쪽, 두 쪽은 한 행의 두 쪽을 기준으로 계산한다 (0.152083ms)
✔ 여러 쪽은 별도 비율 선택보다 지정한 가로×세로 맞춤을 우선한다 (0.146792ms)
✔ 맞춤 배율은 수치가 아니라 규칙이라 문서마다 그 쪽 크기로 다시 계산한다 (3.698667ms)
✔ 폭 맞춤은 저장된 쪽 배치의 한 행을 기준으로 되돌린다 (0.118042ms)
✔ 쪽 맞춤은 저장된 두 쪽·여러 쪽 배치의 전체 블록을 기준으로 되돌린다 (0.114125ms)
✔ 저장값 정규화는 맞춤 두 가지만 통과시킨다 (0.094792ms)
✔ 대화상자에서 고른 수치 배율은 맞춤을 푼다 (0.095542ms)
✔ 여러 쪽은 비활성 비율 선택과 무관하게 전체 배열 쪽 맞춤을 저장한다 (0.181333ms)
✔ 맞춤으로 정한 배율만 맞춤으로 남고, 수치 배율은 맞춤을 푼다 (1.442125ms)
✔ 휠 확대처럼 애니메이션으로 가는 배율도 맞춤을 푼다 (0.195208ms)
✔ 같은 맞춤을 다시 골라도 알림은 한 번뿐이다 (0.22875ms)
✔ 쪽 맞춤/폭 맞춤 선택은 rhwp-settings에 저장된다 (0.448791ms)
✔ 문서를 열면 저장된 맞춤을 그 문서 쪽 크기로 되돌린다 (1.304458ms)
✔ fit page uses the real ten-pixel top and bottom gaps (1.862625ms)
✔ fit width keeps twenty-pixel side gutters (0.125333ms)
✔ fit width uses the visible page row width for fixed arrangements (0.140792ms)
✔ 쪽 맞춤은 선택한 쪽 배치의 전체 가로·세로 블록을 기준으로 계산한다 (0.122542ms)
✔ 모든 맞춤 계산은 한컴 화면 배율 범위 10~500%를 공유한다 (0.091625ms)
✔ status bar and view command share the fit helpers (1.02625ms)
✔ 통합 배율 버튼은 모든 배율에서 고정 폭과 tabular 숫자를 유지한다 (6.062417ms)
✔ 통합 배율 버튼은 좌우 확대 아이콘과 같은 18px SVG 돋보기를 사용한다 (0.781459ms)
✔ 배율 슬라이더 손잡이와 100% 눈금은 같은 12px 크기이며 눈금이 뒤에 놓인다 (1.321833ms)
✔ 80ms: 작은 입력마다 수렴해도 quiet 뒤 ready는 한 번이다 (3.884ms)
✔ 120ms: 작은 입력마다 수렴해도 quiet 뒤 ready는 한 번이다 (0.220125ms)
✔ 160ms: 작은 입력마다 수렴해도 quiet 뒤 ready는 한 번이다 (1.051375ms)
✔ quiet가 수렴보다 먼저면 추가 timer/rAF 없이 수렴 통지를 기다린다 (0.162667ms)
✔ stale timer/수렴은 역방향 새 입력과 취소 후 세대를 완료하지 않는다 (0.160958ms)
✔ 충분히 떨어진 두 입력 구간은 각각 한 번 완료한다 (0.096333ms)
✔ 명시적 flush는 대기를 끝내고 취소한 timer는 다시 완료하지 않는다 (0.125792ms)
✔ ready callback의 재진입은 새 pending을 잃지 않는다 (0.170875ms)
✔ A/B frame의 미생성 bitmap과 최신 raster 상태를 별도로 보존한다 (5.668084ms)
✔ animation 수렴과 입력 quiet/raster pending을 구별해 기록한다 (0.533833ms)
✔ 수동 구간은 입력 사이의 정착과 다음 입력을 한 시간축에 보존한다 (0.929625ms)
✔ 상한을 넘겨도 호출 합계와 누락 수를 남기며 상세 버퍼는 유한하다 (0.309875ms)
✔ scope 전환·시간 초과·관찰 off는 중단이며 완료로 승격하지 않는다 (0.681041ms)
✔ off·종료·이전 시각은 무작업이고 snapshot과 다음 구간은 독립이다 (0.590542ms)
✔ 배율 가로바는 10%·100%·500%를 시작·중앙·끝에 배치한다 (1.110625ms)
✔ 10~500% 배율 변환은 구간별 로그 비율로 왕복한다 (0.257083ms)
✔ 중앙 근처를 드래그하면 100%에 즉시 스냅하고 범위를 벗어나면 풀린다 (0.123458ms)
✔ 확대·축소 호버 단축키는 플랫폼 표기를 사용한다 (0.239667ms)
ℹ tests 1742
ℹ suites 0
ℹ pass 1740
ℹ fail 0
ℹ cancelled 0
ℹ skipped 2
ℹ todo 0
ℹ duration_ms 21452.035958
